{
	"credit": "Made with Blockbench",
	"textures": {
		"0": "block/MizunoArchive/netherrack",
		"1": "block/MizunoArchive/obsidian",
		"2": "block/MizunoArchive/black_concrete",
		"particle": "block/MizunoArchive/netherrack"
	},
	"elements": [
		{
			"from": [2, 0, 0],
			"to": [17, 13, 1],
			"faces": {
				"north": {"uv": [1, 0, 15, 13], "texture": "#0"},
				"east": {"uv": [0, 0, 1, 13], "texture": "#0"},
				"south": {"uv": [0, 0, 14, 13], "texture": "#0"},
				"west": {"uv": [0, 0, 1, 13], "texture": "#0"},
				"up": {"uv": [0, 0, 14, 1], "texture": "#0"},
				"down": {"uv": [0, 0, 14, 1], "texture": "#0"}
			}
		},
		{
			"from": [2, 0, 15],
			"to": [17, 13, 16],
			"faces": {
				"north": {"uv": [0, 0, 14, 13], "texture": "#0"},
				"east": {"uv": [0, 0, 1, 13], "texture": "#0"},
				"south": {"uv": [1, 0, 15, 13], "texture": "#0"},
				"west": {"uv": [0, 0, 1, 13], "texture": "#0"},
				"up": {"uv": [0, 0, 14, 1], "texture": "#0"},
				"down": {"uv": [0, 0, 14, 1], "texture": "#0"}
			}
		},
		{
			"from": [2, 12.92284, -0.61209],
			"to": [17, 15.92284, 0.38791],
			"rotation": {"angle": 22.5, "axis": "x", "origin": [10, 11.42284, -0.11209]},
			"faces": {
				"north": {"uv": [1, 7, 15, 10], "texture": "#0"},
				"east": {"uv": [0, 0, 1, 3], "texture": "#0"},
				"south": {"uv": [0, 0, 14, 3], "texture": "#0"},
				"west": {"uv": [0, 0, 1, 3], "texture": "#0"},
				"up": {"uv": [0, 0, 14, 1], "texture": "#0"},
				"down": {"uv": [0, 0, 14, 1], "texture": "#0"}
			}
		},
		{
			"from": [2, 15.85743, -0.05906],
			"to": [17, 17.85743, 0.94094],
			"rotation": {"angle": 45, "axis": "x", "origin": [10, 14.35743, 0.44094]},
			"faces": {
				"north": {"uv": [1, 10, 15, 12], "texture": "#0"},
				"east": {"uv": [0, 0, 1, 2], "texture": "#0"},
				"south": {"uv": [0, 0, 14, 2], "texture": "#0"},
				"west": {"uv": [0, 0, 1, 2], "texture": "#0"},
				"up": {"uv": [0, 0, 14, 1], "texture": "#0"},
				"down": {"uv": [0, 0, 14, 1], "texture": "#0"}
			}
		},
		{
			"from": [2, 15.64989, 2.86779],
			"to": [17, 16.64989, 4.86779],
			"rotation": {"angle": -22.5, "axis": "x", "origin": [10, 16.14989, 1.36779]},
			"faces": {
				"north": {"uv": [0, 0, 14, 1], "rotation": 180, "texture": "#0"},
				"east": {"uv": [0, 0, 1, 2], "rotation": 270, "texture": "#0"},
				"south": {"uv": [0, 0, 14, 1], "texture": "#0"},
				"west": {"uv": [0, 0, 1, 2], "rotation": 90, "texture": "#0"},
				"up": {"uv": [1, 7, 15, 9], "rotation": 180, "texture": "#0"},
				"down": {"uv": [0, 0, 14, 2], "texture": "#0"}
			}
		},
		{
			"from": [2, 16.95122, 4.41002],
			"to": [17, 17.95122, 11.61002],
			"faces": {
				"north": {"uv": [0, 0, 14, 1], "rotation": 180, "texture": "#0"},
				"east": {"uv": [0, 0, 1, 7.2], "rotation": 270, "texture": "#0"},
				"south": {"uv": [0, 0, 14, 1], "texture": "#0"},
				"west": {"uv": [0, 0, 1, 7.2], "rotation": 90, "texture": "#0"},
				"up": {"uv": [1, 4, 15, 12], "rotation": 180, "texture": "#0"},
				"down": {"uv": [0, 0, 14, 7.2], "texture": "#0"}
			}
		},
		{
			"from": [2, 15.64989, 11.13221],
			"to": [17, 16.64989, 13.13221],
			"rotation": {"angle": 22.5, "axis": "x", "origin": [10, 16.14989, 14.63221]},
			"faces": {
				"north": {"uv": [0, 0, 14, 1], "texture": "#0"},
				"east": {"uv": [0, 0, 1, 2], "rotation": 90, "texture": "#0"},
				"south": {"uv": [0, 0, 14, 1], "rotation": 180, "texture": "#0"},
				"west": {"uv": [0, 0, 1, 2], "rotation": 270, "texture": "#0"},
				"up": {"uv": [15, 9, 1, 7], "rotation": 180, "texture": "#0"},
				"down": {"uv": [14, 2, 0, 0], "texture": "#0"}
			}
		},
		{
			"from": [2, 15.85743, 15.05906],
			"to": [17, 17.85743, 16.05906],
			"rotation": {"angle": -45, "axis": "x", "origin": [10, 14.35743, 15.55906]},
			"faces": {
				"north": {"uv": [0, 0, 14, 2], "texture": "#0"},
				"east": {"uv": [0, 0, 1, 2], "texture": "#0"},
				"south": {"uv": [1, 10, 15, 12], "texture": "#0"},
				"west": {"uv": [0, 0, 1, 2], "texture": "#0"},
				"up": {"uv": [14, 1, 0, 0], "texture": "#0"},
				"down": {"uv": [14, 1, 0, 0], "texture": "#0"}
			}
		},
		{
			"from": [2, 12.92284, 15.61209],
			"to": [17, 15.92284, 16.61209],
			"rotation": {"angle": -22.5, "axis": "x", "origin": [10, 11.42284, 16.11209]},
			"faces": {
				"north": {"uv": [0, 0, 14, 3], "texture": "#0"},
				"east": {"uv": [0, 0, 1, 3], "texture": "#0"},
				"south": {"uv": [1, 7, 15, 10], "texture": "#0"},
				"west": {"uv": [0, 0, 1, 3], "texture": "#0"},
				"up": {"uv": [14, 1, 0, 0], "texture": "#0"},
				"down": {"uv": [14, 1, 0, 0], "texture": "#0"}
			}
		},
		{
			"from": [-13, 16.95122, 4.41002],
			"to": [2, 17.95122, 11.61002],
			"faces": {
				"north": {"uv": [14, 0, 0, 1], "rotation": 180, "texture": "#0"},
				"east": {"uv": [0, 7.2, 1, 0], "rotation": 90, "texture": "#0"},
				"south": {"uv": [14, 0, 0, 1], "texture": "#0"},
				"west": {"uv": [0, 7.2, 1, 0], "rotation": 270, "texture": "#0"},
				"up": {"uv": [15, 4, 1, 12], "rotation": 180, "texture": "#0"},
				"down": {"uv": [14, 0, 0, 7.2], "texture": "#0"}
			}
		},
		{
			"from": [-13, 15.64989, 2.86779],
			"to": [2, 16.64989, 4.86779],
			"rotation": {"angle": -22.5, "axis": "x", "origin": [-6, 16.14989, 1.36779]},
			"faces": {
				"north": {"uv": [14, 0, 0, 1], "rotation": 180, "texture": "#0"},
				"east": {"uv": [0, 2, 1, 0], "rotation": 90, "texture": "#0"},
				"south": {"uv": [14, 0, 0, 1], "texture": "#0"},
				"west": {"uv": [0, 2, 1, 0], "rotation": 270, "texture": "#0"},
				"up": {"uv": [15, 7, 1, 9], "rotation": 180, "texture": "#0"},
				"down": {"uv": [14, 0, 0, 2], "texture": "#0"}
			}
		},
		{
			"from": [-13, 15.85743, -0.05906],
			"to": [2, 17.85743, 0.94094],
			"rotation": {"angle": 45, "axis": "x", "origin": [-6, 14.35743, 0.44094]},
			"faces": {
				"north": {"uv": [15, 10, 1, 12], "texture": "#0"},
				"east": {"uv": [1, 0, 0, 2], "texture": "#0"},
				"south": {"uv": [14, 0, 0, 2], "texture": "#0"},
				"west": {"uv": [1, 0, 0, 2], "texture": "#0"},
				"up": {"uv": [14, 0, 0, 1], "texture": "#0"},
				"down": {"uv": [14, 0, 0, 1], "texture": "#0"}
			}
		},
		{
			"from": [-13, 12.92284, -0.61209],
			"to": [2, 15.92284, 0.38791],
			"rotation": {"angle": 22.5, "axis": "x", "origin": [-6, 11.42284, -0.11209]},
			"faces": {
				"north": {"uv": [15, 7, 1, 10], "texture": "#0"},
				"east": {"uv": [1, 0, 0, 3], "texture": "#0"},
				"south": {"uv": [14, 0, 0, 3], "texture": "#0"},
				"west": {"uv": [1, 0, 0, 3], "texture": "#0"},
				"up": {"uv": [14, 0, 0, 1], "texture": "#0"},
				"down": {"uv": [14, 0, 0, 1], "texture": "#0"}
			}
		},
		{
			"from": [-13, 15.64989, 11.13221],
			"to": [2, 16.64989, 13.13221],
			"rotation": {"angle": 22.5, "axis": "x", "origin": [-6, 16.14989, 14.63221]},
			"faces": {
				"north": {"uv": [14, 0, 0, 1], "texture": "#0"},
				"east": {"uv": [0, 2, 1, 0], "rotation": 270, "texture": "#0"},
				"south": {"uv": [14, 0, 0, 1], "rotation": 180, "texture": "#0"},
				"west": {"uv": [0, 2, 1, 0], "rotation": 90, "texture": "#0"},
				"up": {"uv": [1, 9, 15, 7], "rotation": 180, "texture": "#0"},
				"down": {"uv": [0, 2, 14, 0], "texture": "#0"}
			}
		},
		{
			"from": [-13, 15.85743, 15.05906],
			"to": [2, 17.85743, 16.05906],
			"rotation": {"angle": -45, "axis": "x", "origin": [-6, 14.35743, 15.55906]},
			"faces": {
				"north": {"uv": [14, 0, 0, 2], "texture": "#0"},
				"east": {"uv": [1, 0, 0, 2], "texture": "#0"},
				"south": {"uv": [15, 10, 1, 12], "texture": "#0"},
				"west": {"uv": [1, 0, 0, 2], "texture": "#0"},
				"up": {"uv": [0, 1, 14, 0], "texture": "#0"},
				"down": {"uv": [0, 1, 14, 0], "texture": "#0"}
			}
		},
		{
			"from": [-13, 12.92284, 15.61209],
			"to": [2, 15.92284, 16.61209],
			"rotation": {"angle": -22.5, "axis": "x", "origin": [-6, 11.42284, 16.11209]},
			"faces": {
				"north": {"uv": [14, 0, 0, 3], "texture": "#0"},
				"east": {"uv": [1, 0, 0, 3], "texture": "#0"},
				"south": {"uv": [15, 7, 1, 10], "texture": "#0"},
				"west": {"uv": [1, 0, 0, 3], "texture": "#0"},
				"up": {"uv": [0, 1, 14, 0], "texture": "#0"},
				"down": {"uv": [0, 1, 14, 0], "texture": "#0"}
			}
		},
		{
			"from": [17, 0, 1],
			"to": [18, 13, 15],
			"faces": {
				"north": {"uv": [0, 0, 1, 13], "texture": "#0"},
				"east": {"uv": [1, 0, 15, 13], "texture": "#0"},
				"south": {"uv": [0, 0, 1, 13], "texture": "#0"},
				"west": {"uv": [0, 0, 14, 13], "texture": "#0"},
				"up": {"uv": [0, 0, 14, 1], "rotation": 90, "texture": "#0"},
				"down": {"uv": [0, 0, 14, 1], "rotation": 270, "texture": "#0"}
			}
		},
		{
			"from": [-13, 0, 1],
			"to": [-12, 13, 15],
			"faces": {
				"north": {"uv": [0, 0, 1, 13], "texture": "#0"},
				"east": {"uv": [0, 0, 14, 13], "texture": "#0"},
				"south": {"uv": [0, 0, 1, 13], "texture": "#0"},
				"west": {"uv": [1, 0, 15, 13], "texture": "#0"},
				"up": {"uv": [0, 0, 14, 1], "rotation": 90, "texture": "#0"},
				"down": {"uv": [0, 0, 14, 1], "rotation": 270, "texture": "#0"}
			}
		},
		{
			"from": [-13, 13, 1],
			"to": [-12, 15, 15],
			"faces": {
				"north": {"uv": [2, 7, 16, 9], "texture": "#0"},
				"east": {"uv": [2, 7, 16, 9], "texture": "#0"},
				"south": {"uv": [2, 7, 16, 9], "texture": "#0"},
				"west": {"uv": [1, 7, 15, 9], "texture": "#0"},
				"up": {"uv": [2, 7, 16, 9], "texture": "#0"},
				"down": {"uv": [2, 7, 16, 9], "texture": "#0"}
			}
		},
		{
			"from": [-13, 15, 2],
			"to": [-12.2, 16, 14.1],
			"faces": {
				"north": {"uv": [0, 0, 0.8, 1], "texture": "#0"},
				"east": {"uv": [4, 5, 16, 7], "texture": "#0"},
				"south": {"uv": [4, 5, 16, 7], "texture": "#0"},
				"west": {"uv": [0, 0, 12.1, 1], "texture": "#0"},
				"up": {"uv": [4, 5, 16, 7], "texture": "#0"},
				"down": {"uv": [4, 5, 16, 7], "texture": "#0"}
			}
		},
		{
			"from": [17.2, 15, 2],
			"to": [18, 17, 14.1],
			"faces": {
				"north": {"uv": [0, 5, 12.1, 7], "texture": "#0"},
				"east": {"uv": [2, 5, 14.1, 7], "texture": "#0"},
				"south": {"uv": [0, 5, 12.1, 7], "texture": "#0"},
				"west": {"uv": [0, 5, 12.1, 7], "texture": "#0"},
				"up": {"uv": [0, 5, 12.1, 7], "texture": "#0"},
				"down": {"uv": [0, 5, 12.1, 7], "texture": "#0"}
			}
		},
		{
			"from": [17, 13, 1],
			"to": [18, 15, 15],
			"faces": {
				"north": {"uv": [0, 7, 14, 9], "texture": "#0"},
				"east": {"uv": [1, 7, 15, 9], "texture": "#0"},
				"south": {"uv": [0, 7, 14, 9], "texture": "#0"},
				"west": {"uv": [0, 7, 14, 9], "texture": "#0"},
				"up": {"uv": [0, 7, 14, 9], "texture": "#0"},
				"down": {"uv": [0, 7, 14, 9], "texture": "#0"}
			}
		},
		{
			"from": [2, 0, 1],
			"to": [17, 13, 15],
			"faces": {
				"north": {"uv": [0, 0, 14, 13], "texture": "#0"},
				"east": {"uv": [0, 0, 14, 13], "texture": "#0"},
				"south": {"uv": [0, 0, 14, 13], "texture": "#0"},
				"west": {"uv": [0, 0, 14, 13], "texture": "#0"},
				"up": {"uv": [0, 0, 14, 14], "rotation": 90, "texture": "#0"},
				"down": {"uv": [1, 1, 15, 15], "rotation": 270, "texture": "#0"}
			}
		},
		{
			"from": [-13, 0, 0],
			"to": [2, 13, 1],
			"faces": {
				"north": {"uv": [15, 0, 1, 13], "texture": "#0"},
				"east": {"uv": [1, 0, 0, 13], "texture": "#0"},
				"south": {"uv": [14, 0, 0, 13], "texture": "#0"},
				"west": {"uv": [1, 0, 0, 13], "texture": "#0"},
				"up": {"uv": [14, 0, 0, 1], "texture": "#0"},
				"down": {"uv": [14, 0, 0, 1], "texture": "#0"}
			}
		},
		{
			"from": [-12, 0, 1],
			"to": [2, 13, 15],
			"faces": {
				"north": {"uv": [14, 0, 0, 13], "texture": "#0"},
				"east": {"uv": [14, 0, 0, 13], "texture": "#0"},
				"south": {"uv": [14, 0, 0, 13], "texture": "#0"},
				"west": {"uv": [14, 0, 0, 13], "texture": "#0"},
				"up": {"uv": [0, 14, 14, 0], "rotation": 90, "texture": "#0"},
				"down": {"uv": [1, 15, 15, 1], "rotation": 270, "texture": "#0"}
			}
		},
		{
			"from": [-13, 0, 15],
			"to": [2, 13, 16],
			"faces": {
				"north": {"uv": [0, 0, 14, 13], "texture": "#0"},
				"east": {"uv": [0, 0, 1, 13], "texture": "#0"},
				"south": {"uv": [1, 0, 15, 13], "texture": "#0"},
				"west": {"uv": [0, 0, 1, 13], "texture": "#0"},
				"up": {"uv": [0, 0, 14, 1], "texture": "#0"},
				"down": {"uv": [0, 0, 14, 1], "texture": "#0"}
			}
		},
		{
			"from": [-13, 16, 3],
			"to": [-12.2, 17, 13.1],
			"faces": {
				"north": {"uv": [0, 0, 0.8, 1], "texture": "#0"},
				"east": {"uv": [4, 5, 16, 7], "texture": "#0"},
				"south": {"uv": [4, 5, 16, 7], "texture": "#0"},
				"west": {"uv": [0, 0, 10.1, 1], "texture": "#0"},
				"up": {"uv": [4, 5, 16, 7], "texture": "#0"},
				"down": {"uv": [4, 5, 16, 7], "texture": "#0"}
			}
		},
		{
			"from": [0, 10.7, -1.75],
			"to": [1, 12.7, -0.75],
			"faces": {
				"north": {"uv": [1, 9, 2, 10], "texture": "#1"},
				"east": {"uv": [1, 9, 2, 10], "texture": "#1"},
				"south": {"uv": [1, 9, 2, 10], "texture": "#1"},
				"west": {"uv": [1, 9, 2, 10], "texture": "#1"},
				"up": {"uv": [1, 9, 2, 10], "texture": "#1"},
				"down": {"uv": [1, 9, 2, 10], "texture": "#1"}
			}
		},
		{
			"from": [1, 12.7, -1.75],
			"to": [3, 13.7, -0.75],
			"faces": {
				"north": {"uv": [1, 9, 2, 10], "texture": "#1"},
				"east": {"uv": [1, 9, 2, 10], "texture": "#1"},
				"south": {"uv": [1, 9, 2, 10], "texture": "#1"},
				"west": {"uv": [1, 9, 2, 10], "texture": "#1"},
				"up": {"uv": [1, 9, 2, 10], "texture": "#1"},
				"down": {"uv": [1, 9, 2, 10], "texture": "#1"}
			}
		},
		{
			"from": [3, 10.7, -1.75],
			"to": [4, 12.7, -0.75],
			"faces": {
				"north": {"uv": [1, 9, 2, 10], "texture": "#1"},
				"east": {"uv": [1, 9, 2, 10], "texture": "#1"},
				"south": {"uv": [1, 9, 2, 10], "texture": "#1"},
				"west": {"uv": [1, 9, 2, 10], "texture": "#1"},
				"up": {"uv": [1, 9, 2, 10], "texture": "#1"},
				"down": {"uv": [1, 9, 2, 10], "texture": "#1"}
			}
		},
		{
			"from": [2.5, 8.7, -1.75],
			"to": [3.2, 11, -0.75],
			"faces": {
				"north": {"uv": [1, 9, 2, 10], "texture": "#1"},
				"east": {"uv": [1, 9, 2, 10], "texture": "#1"},
				"south": {"uv": [1, 9, 2, 10], "texture": "#1"},
				"west": {"uv": [1, 9, 2, 10], "texture": "#1"},
				"up": {"uv": [1, 9, 2, 10], "texture": "#1"},
				"down": {"uv": [1, 9, 2, 10], "texture": "#1"}
			}
		},
		{
			"from": [1.5, 8.7, -1.75],
			"to": [2.5, 9.7, -0.75],
			"faces": {
				"north": {"uv": [1, 9, 2, 10], "texture": "#1"},
				"east": {"uv": [1, 9, 2, 10], "texture": "#1"},
				"south": {"uv": [1, 9, 2, 10], "texture": "#1"},
				"west": {"uv": [1, 9, 2, 10], "texture": "#1"},
				"up": {"uv": [1, 9, 2, 10], "texture": "#1"},
				"down": {"uv": [1, 9, 2, 10], "texture": "#1"}
			}
		},
		{
			"from": [0.8, 8.7, -1.75],
			"to": [1.5, 11, -0.75],
			"faces": {
				"north": {"uv": [1, 9, 2, 10], "texture": "#1"},
				"east": {"uv": [1, 9, 2, 10], "texture": "#1"},
				"south": {"uv": [1, 9, 2, 10], "texture": "#1"},
				"west": {"uv": [1, 9, 2, 10], "texture": "#1"},
				"up": {"uv": [1, 9, 2, 10], "texture": "#1"},
				"down": {"uv": [1, 9, 2, 10], "texture": "#1"}
			}
		},
		{
			"from": [2.4, 11.4, -1.75],
			"to": [3.2, 11.9, -0.75],
			"rotation": {"angle": 45, "axis": "z", "origin": [3.5, 11.6, -1.25]},
			"faces": {
				"north": {"uv": [1, 9, 2, 10], "rotation": 90, "texture": "#1"},
				"east": {"uv": [1, 9, 2, 10], "rotation": 90, "texture": "#1"},
				"south": {"uv": [1, 9, 2, 10], "rotation": 90, "texture": "#1"},
				"west": {"uv": [1, 9, 2, 10], "rotation": 90, "texture": "#1"},
				"up": {"uv": [1, 9, 2, 10], "rotation": 90, "texture": "#1"},
				"down": {"uv": [1, 9, 2, 10], "rotation": 90, "texture": "#1"}
			}
		},
		{
			"from": [1.2, 12.6, -1.75],
			"to": [1.7, 13.4, -0.75],
			"rotation": {"angle": 45, "axis": "z", "origin": [3.5, 11.6, -1.25]},
			"faces": {
				"north": {"uv": [1, 9, 2, 10], "rotation": 180, "texture": "#1"},
				"east": {"uv": [1, 9, 2, 10], "rotation": 180, "texture": "#1"},
				"south": {"uv": [1, 9, 2, 10], "rotation": 180, "texture": "#1"},
				"west": {"uv": [1, 9, 2, 10], "rotation": 180, "texture": "#1"},
				"up": {"uv": [1, 9, 2, 10], "rotation": 180, "texture": "#1"},
				"down": {"uv": [1, 9, 2, 10], "rotation": 180, "texture": "#1"}
			}
		},
		{
			"from": [0.14645, 12.23934, -1.75],
			"to": [1.14645, 13.63934, -0.75],
			"rotation": {"angle": -45, "axis": "z", "origin": [0.64645, 12.63934, -1.25]},
			"faces": {
				"north": {"uv": [1, 9, 2, 10], "rotation": 180, "texture": "#1"},
				"east": {"uv": [1, 9, 2, 10], "rotation": 180, "texture": "#1"},
				"south": {"uv": [1, 9, 2, 10], "rotation": 180, "texture": "#1"},
				"west": {"uv": [1, 9, 2, 10], "rotation": 180, "texture": "#1"},
				"up": {"uv": [1, 9, 2, 10], "rotation": 180, "texture": "#1"},
				"down": {"uv": [1, 9, 2, 10], "rotation": 180, "texture": "#1"}
			}
		},
		{
			"from": [2.85355, 12.23934, -1.75],
			"to": [3.85355, 13.63934, -0.75],
			"rotation": {"angle": 45, "axis": "z", "origin": [3.35355, 12.63934, -1.25]},
			"faces": {
				"north": {"uv": [1, 9, 2, 10], "rotation": 180, "texture": "#1"},
				"east": {"uv": [1, 9, 2, 10], "rotation": 180, "texture": "#1"},
				"south": {"uv": [1, 9, 2, 10], "rotation": 180, "texture": "#1"},
				"west": {"uv": [1, 9, 2, 10], "rotation": 180, "texture": "#1"},
				"up": {"uv": [1, 9, 2, 10], "rotation": 180, "texture": "#1"},
				"down": {"uv": [1, 9, 2, 10], "rotation": 180, "texture": "#1"}
			}
		},
		{
			"from": [2.88499, 8.82179, -1.75],
			"to": [3.88499, 10.92179, -0.75],
			"rotation": {"angle": -22.5, "axis": "z", "origin": [3.38499, 10.52179, -1.25]},
			"faces": {
				"north": {"uv": [1, 9, 2, 10], "rotation": 180, "texture": "#1"},
				"east": {"uv": [1, 9, 2, 10], "rotation": 180, "texture": "#1"},
				"south": {"uv": [1, 9, 2, 10], "rotation": 180, "texture": "#1"},
				"west": {"uv": [1, 9, 2, 10], "rotation": 180, "texture": "#1"},
				"up": {"uv": [1, 9, 2, 10], "rotation": 180, "texture": "#1"},
				"down": {"uv": [1, 9, 2, 10], "rotation": 180, "texture": "#1"}
			}
		},
		{
			"from": [1.15098, 9.02786, -1.75],
			"to": [2.15098, 11.12786, -0.75],
			"rotation": {"angle": 22.5, "axis": "z", "origin": [1.65098, 8.02075, -1.25]},
			"faces": {
				"north": {"uv": [1, 9, 2, 10], "texture": "#1"},
				"east": {"uv": [1, 9, 2, 10], "texture": "#1"},
				"south": {"uv": [1, 9, 2, 10], "texture": "#1"},
				"west": {"uv": [1, 9, 2, 10], "texture": "#1"},
				"up": {"uv": [1, 9, 2, 10], "texture": "#1"},
				"down": {"uv": [1, 9, 2, 10], "texture": "#1"}
			}
		},
		{
			"from": [0.9, 9.7, -1.1],
			"to": [3.1, 12.8, -0.85],
			"faces": {
				"north": {"uv": [0, 0, 16, 16], "texture": "#2"},
				"east": {"uv": [0, 0, 16, 16], "texture": "#2"},
				"south": {"uv": [0, 0, 16, 16], "texture": "#2"},
				"west": {"uv": [0, 0, 16, 16], "texture": "#2"},
				"up": {"uv": [0, 0, 16, 16], "texture": "#2"},
				"down": {"uv": [0, 0, 16, 16], "texture": "#2"}
			}
		},
		{
			"from": [-15, 0, -1],
			"to": [-13, 13, 1],
			"faces": {
				"north": {"uv": [6, 0, 9, 16], "texture": "#1"},
				"east": {"uv": [0, 0, 3, 16], "texture": "#1"},
				"south": {"uv": [0, 0, 3, 16], "texture": "#1"},
				"west": {"uv": [0, 0, 3, 16], "texture": "#1"},
				"up": {"uv": [0, 0, 3, 16], "texture": "#1"},
				"down": {"uv": [0, 0, 3, 16], "texture": "#1"}
			}
		},
		{
			"from": [17, 0, -1],
			"to": [19, 13, 1],
			"faces": {
				"north": {"uv": [0, 0, 3, 16], "texture": "#1"},
				"east": {"uv": [0, 0, 3, 16], "texture": "#1"},
				"south": {"uv": [0, 0, 3, 16], "texture": "#1"},
				"west": {"uv": [0, 0, 3, 16], "texture": "#1"},
				"up": {"uv": [0, 0, 3, 16], "texture": "#1"},
				"down": {"uv": [0, 0, 3, 16], "texture": "#1"}
			}
		},
		{
			"from": [-15, 0.05549, 15.02516],
			"to": [-13, 13.25549, 17.02516],
			"faces": {
				"north": {"uv": [0, 0, 3, 16], "texture": "#1"},
				"east": {"uv": [0, 0, 3, 16], "texture": "#1"},
				"south": {"uv": [0, 0, 3, 16], "texture": "#1"},
				"west": {"uv": [0, 0, 3, 16], "texture": "#1"},
				"up": {"uv": [0, 0, 3, 16], "texture": "#1"},
				"down": {"uv": [0, 0, 3, 16], "texture": "#1"}
			}
		},
		{
			"from": [17, 0.05549, 15.02516],
			"to": [19, 13.25549, 17.02516],
			"faces": {
				"north": {"uv": [0, 0, 3, 16], "texture": "#1"},
				"east": {"uv": [0, 0, 3, 16], "texture": "#1"},
				"south": {"uv": [0, 0, 3, 16], "texture": "#1"},
				"west": {"uv": [0, 0, 3, 16], "texture": "#1"},
				"up": {"uv": [0, 0, 3, 16], "texture": "#1"},
				"down": {"uv": [0, 0, 3, 16], "texture": "#1"}
			}
		},
		{
			"from": [2, 11.9, -1],
			"to": [17, 13, 0],
			"faces": {
				"north": {"uv": [0, 4, 14, 6], "texture": "#1"},
				"east": {"uv": [0, 4, 14, 6], "texture": "#1"},
				"south": {"uv": [0, 4, 14, 6], "texture": "#1"},
				"west": {"uv": [0, 4, 14, 6], "texture": "#1"},
				"up": {"uv": [0, 4, 14, 6], "texture": "#1"},
				"down": {"uv": [0, 4, 14, 6], "texture": "#1"}
			}
		},
		{
			"from": [2, 0, -1],
			"to": [17, 2, 0],
			"faces": {
				"north": {"uv": [0, 0, 14, 2], "texture": "#1"},
				"east": {"uv": [0, 0, 14, 2], "texture": "#1"},
				"south": {"uv": [0, 0, 14, 2], "texture": "#1"},
				"west": {"uv": [0, 0, 14, 2], "texture": "#1"},
				"up": {"uv": [0, 0, 14, 2], "texture": "#1"},
				"down": {"uv": [0, 0, 14, 2], "texture": "#1"}
			}
		},
		{
			"from": [2, 11.9, 16],
			"to": [17, 13, 17],
			"faces": {
				"north": {"uv": [0, 4, 14, 6], "texture": "#1"},
				"east": {"uv": [0, 4, 14, 6], "texture": "#1"},
				"south": {"uv": [0, 4, 14, 6], "texture": "#1"},
				"west": {"uv": [0, 4, 14, 6], "texture": "#1"},
				"up": {"uv": [0, 4, 14, 6], "rotation": 180, "texture": "#1"},
				"down": {"uv": [0, 4, 14, 6], "texture": "#1"}
			}
		},
		{
			"from": [2, 0, 16],
			"to": [17, 2, 17],
			"faces": {
				"north": {"uv": [0, 0, 14, 2], "texture": "#1"},
				"east": {"uv": [0, 0, 14, 2], "texture": "#1"},
				"south": {"uv": [0, 0, 14, 2], "texture": "#1"},
				"west": {"uv": [0, 0, 14, 2], "texture": "#1"},
				"up": {"uv": [0, 0, 14, 2], "rotation": 180, "texture": "#1"},
				"down": {"uv": [0, 0, 14, 2], "texture": "#1"}
			}
		},
		{
			"from": [-14, 0, 1],
			"to": [-13, 2, 15],
			"faces": {
				"north": {"uv": [0, 0, 14, 2], "texture": "#1"},
				"east": {"uv": [0, 0, 14, 2], "texture": "#1"},
				"south": {"uv": [0, 0, 14, 2], "texture": "#1"},
				"west": {"uv": [0, 0, 14, 2], "texture": "#1"},
				"up": {"uv": [0, 0, 14, 2], "rotation": 270, "texture": "#1"},
				"down": {"uv": [0, 0, 14, 2], "texture": "#1"}
			}
		},
		{
			"from": [-14, 11.9, 1],
			"to": [-13, 13, 15],
			"faces": {
				"north": {"uv": [0, 4, 14, 6], "texture": "#1"},
				"east": {"uv": [0, 4, 14, 6], "texture": "#1"},
				"south": {"uv": [0, 4, 14, 6], "texture": "#1"},
				"west": {"uv": [0, 4, 14, 6], "texture": "#1"},
				"up": {"uv": [0, 4, 14, 6], "rotation": 270, "texture": "#1"},
				"down": {"uv": [0, 4, 14, 6], "texture": "#1"}
			}
		},
		{
			"from": [18, 0.05549, 1.02516],
			"to": [19, 2.05549, 15.02516],
			"faces": {
				"north": {"uv": [0, 0, 14, 2], "texture": "#1"},
				"east": {"uv": [0, 0, 14, 2], "texture": "#1"},
				"south": {"uv": [0, 0, 14, 2], "texture": "#1"},
				"west": {"uv": [0, 0, 14, 2], "texture": "#1"},
				"up": {"uv": [0, 0, 14, 2], "rotation": 90, "texture": "#1"},
				"down": {"uv": [0, 0, 14, 2], "texture": "#1"}
			}
		},
		{
			"from": [18, 11.95549, 1.02516],
			"to": [19, 13.05549, 15.02516],
			"faces": {
				"north": {"uv": [0, 4, 14, 6], "texture": "#1"},
				"east": {"uv": [0, 4, 14, 6], "texture": "#1"},
				"south": {"uv": [0, 4, 14, 6], "texture": "#1"},
				"west": {"uv": [0, 4, 14, 6], "texture": "#1"},
				"up": {"uv": [0, 4, 14, 6], "rotation": 90, "texture": "#1"},
				"down": {"uv": [0, 4, 14, 6], "texture": "#1"}
			}
		},
		{
			"from": [2, 10.3, -1],
			"to": [17, 11.8, 0],
			"faces": {
				"north": {"uv": [0, 2, 14, 4], "texture": "#1"},
				"east": {"uv": [0, 2, 14, 4], "texture": "#1"},
				"south": {"uv": [0, 2, 14, 4], "texture": "#1"},
				"west": {"uv": [0, 2, 14, 4], "texture": "#1"},
				"up": {"uv": [0, 2, 14, 4], "texture": "#1"},
				"down": {"uv": [0, 2, 14, 4], "texture": "#1"}
			}
		},
		{
			"from": [-14, 10.3, 1],
			"to": [-13, 11.8, 15],
			"faces": {
				"north": {"uv": [0, 2, 14, 4], "texture": "#1"},
				"east": {"uv": [0, 2, 14, 4], "texture": "#1"},
				"south": {"uv": [0, 2, 14, 4], "texture": "#1"},
				"west": {"uv": [0, 2, 14, 4], "texture": "#1"},
				"up": {"uv": [0, 2, 14, 4], "texture": "#1"},
				"down": {"uv": [0, 2, 14, 4], "texture": "#1"}
			}
		},
		{
			"from": [18, 10.35549, 1.02516],
			"to": [19, 11.85549, 15.02516],
			"faces": {
				"north": {"uv": [0, 2, 14, 4], "texture": "#1"},
				"east": {"uv": [0, 2, 14, 4], "texture": "#1"},
				"south": {"uv": [0, 2, 14, 4], "texture": "#1"},
				"west": {"uv": [0, 2, 14, 4], "texture": "#1"},
				"up": {"uv": [0, 2, 14, 4], "texture": "#1"},
				"down": {"uv": [0, 2, 14, 4], "texture": "#1"}
			}
		},
		{
			"from": [2, 10.3, 16],
			"to": [17, 11.8, 17],
			"faces": {
				"north": {"uv": [0, 2, 14, 4], "texture": "#1"},
				"east": {"uv": [0, 2, 14, 4], "texture": "#1"},
				"south": {"uv": [0, 2, 14, 4], "texture": "#1"},
				"west": {"uv": [0, 2, 14, 4], "texture": "#1"},
				"up": {"uv": [0, 2, 14, 4], "texture": "#1"},
				"down": {"uv": [0, 2, 14, 4], "texture": "#1"}
			}
		},
		{
			"from": [0.5, 11.4, 16.25],
			"to": [4, 12.4, 17.5],
			"faces": {
				"north": {"uv": [1, 1, 10, 5], "texture": "#1"},
				"east": {"uv": [1, 1, 10, 5], "texture": "#1"},
				"south": {"uv": [1, 1, 10, 5], "rotation": 180, "texture": "#1"},
				"west": {"uv": [1, 1, 10, 5], "texture": "#1"},
				"up": {"uv": [1, 1, 10, 5], "texture": "#1"},
				"down": {"uv": [1, 1, 10, 5], "texture": "#1"}
			}
		},
		{
			"from": [13, 11.4, 16.25],
			"to": [16.5, 12.4, 17.5],
			"faces": {
				"north": {"uv": [1, 1, 10, 5], "texture": "#1"},
				"east": {"uv": [1, 1, 10, 5], "texture": "#1"},
				"south": {"uv": [1, 1, 10, 5], "texture": "#1"},
				"west": {"uv": [1, 1, 10, 5], "texture": "#1"},
				"up": {"uv": [1, 1, 10, 5], "texture": "#1"},
				"down": {"uv": [1, 1, 10, 5], "texture": "#1"}
			}
		},
		{
			"from": [-15, 12.50971, -1.53513],
			"to": [-13, 15.90971, 0.46487],
			"rotation": {"angle": 22.5, "axis": "x", "origin": [-6, 11.40971, -0.03513]},
			"faces": {
				"north": {"uv": [0, 0, 2, 3], "rotation": 180, "texture": "#1"},
				"east": {"uv": [0, 0, 2, 3], "rotation": 180, "texture": "#1"},
				"south": {"uv": [0, 0, 2, 3], "rotation": 180, "texture": "#1"},
				"west": {"uv": [0, 0, 2, 3], "rotation": 180, "texture": "#1"},
				"up": {"uv": [0, 0, 2, 3], "rotation": 180, "texture": "#1"},
				"down": {"uv": [0, 0, 2, 3], "rotation": 180, "texture": "#1"}
			}
		},
		{
			"from": [-15, 15.432, -0.98674],
			"to": [-13, 17.932, 1.01326],
			"rotation": {"angle": 45, "axis": "x", "origin": [-6, 14.232, 0.51326]},
			"faces": {
				"north": {"uv": [0, 0, 2, 3], "rotation": 180, "texture": "#1"},
				"east": {"uv": [0, 0, 2, 3], "rotation": 180, "texture": "#1"},
				"south": {"uv": [0, 0, 2, 3], "rotation": 180, "texture": "#1"},
				"west": {"uv": [0, 0, 2, 3], "rotation": 180, "texture": "#1"},
				"up": {"uv": [0, 0, 2, 3], "rotation": 180, "texture": "#1"},
				"down": {"uv": [0, 0, 2, 3], "rotation": 180, "texture": "#1"}
			}
		},
		{
			"from": [-15, 15.52565, 2.74187],
			"to": [-13, 17.52565, 5.14187],
			"rotation": {"angle": -22.5, "axis": "x", "origin": [-6, 16.02565, 1.44187]},
			"faces": {
				"north": {"uv": [0, 0, 2, 3], "rotation": 180, "texture": "#1"},
				"east": {"uv": [0, 0, 2, 3], "rotation": 180, "texture": "#1"},
				"south": {"uv": [0, 0, 2, 3], "rotation": 180, "texture": "#1"},
				"west": {"uv": [0, 0, 2, 3], "rotation": 180, "texture": "#1"},
				"up": {"uv": [0, 0, 2, 3], "rotation": 180, "texture": "#1"},
				"down": {"uv": [0, 0, 2, 3], "rotation": 180, "texture": "#1"}
			}
		},
		{
			"from": [-15, 16.8274, 4.2862],
			"to": [-13, 18.8274, 11.8862],
			"faces": {
				"north": {"uv": [0, 0, 2, 8], "rotation": 90, "texture": "#1"},
				"east": {"uv": [0, 0, 2, 8], "rotation": 90, "texture": "#1"},
				"south": {"uv": [0, 0, 2, 8], "rotation": 90, "texture": "#1"},
				"west": {"uv": [0, 0, 2, 8], "rotation": 90, "texture": "#1"},
				"up": {"uv": [0, 0, 2, 8], "texture": "#1"},
				"down": {"uv": [0, 0, 2, 8], "texture": "#1"}
			}
		},
		{
			"from": [-15, 15.52565, 11.03053],
			"to": [-13, 17.52565, 13.43053],
			"rotation": {"angle": 22.5, "axis": "x", "origin": [-6, 16.02565, 14.73053]},
			"faces": {
				"north": {"uv": [0, 0, 2, 3], "rotation": 180, "texture": "#1"},
				"east": {"uv": [0, 0, 2, 3], "rotation": 180, "texture": "#1"},
				"south": {"uv": [0, 0, 2, 3], "rotation": 180, "texture": "#1"},
				"west": {"uv": [0, 0, 2, 3], "rotation": 180, "texture": "#1"},
				"up": {"uv": [0, 0, 2, 3], "rotation": 180, "texture": "#1"},
				"down": {"uv": [0, 0, 2, 3], "rotation": 180, "texture": "#1"}
			}
		},
		{
			"from": [-15, 15.532, 15.15915],
			"to": [-13, 17.932, 17.15915],
			"rotation": {"angle": -45, "axis": "x", "origin": [-6, 14.232, 15.65915]},
			"faces": {
				"north": {"uv": [0, 0, 2, 3], "rotation": 180, "texture": "#1"},
				"east": {"uv": [0, 0, 2, 3], "rotation": 180, "texture": "#1"},
				"south": {"uv": [0, 0, 2, 3], "rotation": 180, "texture": "#1"},
				"west": {"uv": [0, 0, 2, 3], "rotation": 180, "texture": "#1"},
				"up": {"uv": [0, 0, 2, 3], "rotation": 180, "texture": "#1"},
				"down": {"uv": [0, 0, 2, 3], "rotation": 180, "texture": "#1"}
			}
		},
		{
			"from": [-15, 12.79564, 15.71336],
			"to": [-13, 15.99564, 17.71336],
			"rotation": {"angle": -22.5, "axis": "x", "origin": [-6, 11.29564, 16.21336]},
			"faces": {
				"north": {"uv": [0, 0, 2, 3], "rotation": 180, "texture": "#1"},
				"east": {"uv": [0, 0, 2, 3], "rotation": 180, "texture": "#1"},
				"south": {"uv": [0, 0, 2, 3], "rotation": 180, "texture": "#1"},
				"west": {"uv": [0, 0, 2, 3], "rotation": 180, "texture": "#1"},
				"up": {"uv": [0, 0, 2, 3], "rotation": 180, "texture": "#1"},
				"down": {"uv": [0, 0, 2, 3], "rotation": 180, "texture": "#1"}
			}
		},
		{
			"from": [17, 12.50971, -1.53513],
			"to": [19, 15.90971, 0.46487],
			"rotation": {"angle": 22.5, "axis": "x", "origin": [26, 11.40971, -0.03513]},
			"faces": {
				"north": {"uv": [0, 0, 2, 3], "rotation": 180, "texture": "#1"},
				"east": {"uv": [0, 0, 2, 3], "rotation": 180, "texture": "#1"},
				"south": {"uv": [0, 0, 2, 3], "rotation": 180, "texture": "#1"},
				"west": {"uv": [0, 0, 2, 3], "rotation": 180, "texture": "#1"},
				"up": {"uv": [0, 0, 2, 3], "rotation": 180, "texture": "#1"},
				"down": {"uv": [0, 0, 2, 3], "rotation": 180, "texture": "#1"}
			}
		},
		{
			"from": [17, 15.432, -0.98674],
			"to": [19, 17.932, 1.01326],
			"rotation": {"angle": 45, "axis": "x", "origin": [26, 14.232, 0.51326]},
			"faces": {
				"north": {"uv": [0, 0, 2, 3], "rotation": 180, "texture": "#1"},
				"east": {"uv": [0, 0, 2, 3], "rotation": 180, "texture": "#1"},
				"south": {"uv": [0, 0, 2, 3], "rotation": 180, "texture": "#1"},
				"west": {"uv": [0, 0, 2, 3], "rotation": 180, "texture": "#1"},
				"up": {"uv": [0, 0, 2, 3], "rotation": 180, "texture": "#1"},
				"down": {"uv": [0, 0, 2, 3], "rotation": 180, "texture": "#1"}
			}
		},
		{
			"from": [17, 15.52565, 2.74187],
			"to": [19, 17.52565, 5.14187],
			"rotation": {"angle": -22.5, "axis": "x", "origin": [26, 16.02565, 1.44187]},
			"faces": {
				"north": {"uv": [0, 0, 2, 3], "rotation": 180, "texture": "#1"},
				"east": {"uv": [0, 0, 2, 3], "rotation": 180, "texture": "#1"},
				"south": {"uv": [0, 0, 2, 3], "rotation": 180, "texture": "#1"},
				"west": {"uv": [0, 0, 2, 3], "rotation": 180, "texture": "#1"},
				"up": {"uv": [0, 0, 2, 3], "rotation": 180, "texture": "#1"},
				"down": {"uv": [0, 0, 2, 3], "rotation": 180, "texture": "#1"}
			}
		},
		{
			"from": [17, 16.8274, 4.2862],
			"to": [19, 18.8274, 11.8862],
			"faces": {
				"north": {"uv": [0, 0, 2, 8], "rotation": 90, "texture": "#1"},
				"east": {"uv": [0, 0, 2, 8], "rotation": 90, "texture": "#1"},
				"south": {"uv": [0, 0, 2, 8], "rotation": 90, "texture": "#1"},
				"west": {"uv": [0, 0, 2, 8], "rotation": 90, "texture": "#1"},
				"up": {"uv": [0, 0, 2, 8], "texture": "#1"},
				"down": {"uv": [0, 0, 2, 8], "texture": "#1"}
			}
		},
		{
			"from": [17, 15.52565, 11.03053],
			"to": [19, 17.52565, 13.43053],
			"rotation": {"angle": 22.5, "axis": "x", "origin": [26, 16.02565, 14.73053]},
			"faces": {
				"north": {"uv": [0, 0, 2, 3], "rotation": 180, "texture": "#1"},
				"east": {"uv": [0, 0, 2, 3], "rotation": 180, "texture": "#1"},
				"south": {"uv": [0, 0, 2, 3], "rotation": 180, "texture": "#1"},
				"west": {"uv": [0, 0, 2, 3], "rotation": 180, "texture": "#1"},
				"up": {"uv": [0, 0, 2, 3], "rotation": 180, "texture": "#1"},
				"down": {"uv": [0, 0, 2, 3], "rotation": 180, "texture": "#1"}
			}
		},
		{
			"from": [17, 15.532, 15.15915],
			"to": [19, 17.932, 17.15915],
			"rotation": {"angle": -45, "axis": "x", "origin": [26, 14.232, 15.65915]},
			"faces": {
				"north": {"uv": [0, 0, 2, 3], "rotation": 180, "texture": "#1"},
				"east": {"uv": [0, 0, 2, 3], "rotation": 180, "texture": "#1"},
				"south": {"uv": [0, 0, 2, 3], "rotation": 180, "texture": "#1"},
				"west": {"uv": [0, 0, 2, 3], "rotation": 180, "texture": "#1"},
				"up": {"uv": [0, 0, 2, 3], "rotation": 180, "texture": "#1"},
				"down": {"uv": [0, 0, 2, 3], "rotation": 180, "texture": "#1"}
			}
		},
		{
			"from": [17, 12.79564, 15.71336],
			"to": [19, 15.99564, 17.71336],
			"rotation": {"angle": -22.5, "axis": "x", "origin": [26, 11.29564, 16.21336]},
			"faces": {
				"north": {"uv": [0, 0, 2, 3], "rotation": 180, "texture": "#1"},
				"east": {"uv": [0, 0, 2, 3], "rotation": 180, "texture": "#1"},
				"south": {"uv": [0, 0, 2, 3], "rotation": 180, "texture": "#1"},
				"west": {"uv": [0, 0, 2, 3], "rotation": 180, "texture": "#1"},
				"up": {"uv": [0, 0, 2, 3], "rotation": 180, "texture": "#1"},
				"down": {"uv": [0, 0, 2, 3], "rotation": 180, "texture": "#1"}
			}
		},
		{
			"from": [-15.5, 0, -1.5],
			"to": [-13, 3.25, 1],
			"faces": {
				"north": {"uv": [0, 0, 4, 4], "rotation": 90, "texture": "#1"},
				"east": {"uv": [0, 0, 4, 4], "rotation": 90, "texture": "#1"},
				"south": {"uv": [0, 0, 4, 4], "rotation": 90, "texture": "#1"},
				"west": {"uv": [0, 0, 4, 4], "rotation": 90, "texture": "#1"},
				"up": {"uv": [0, 0, 4, 4], "rotation": 90, "texture": "#1"},
				"down": {"uv": [0, 0, 4, 4], "rotation": 90, "texture": "#1"}
			}
		},
		{
			"from": [17, 0, -1.5],
			"to": [19.5, 3.25, 1],
			"faces": {
				"north": {"uv": [0, 0, 4, 4], "rotation": 90, "texture": "#1"},
				"east": {"uv": [0, 0, 4, 4], "rotation": 90, "texture": "#1"},
				"south": {"uv": [0, 0, 4, 4], "rotation": 90, "texture": "#1"},
				"west": {"uv": [0, 0, 4, 4], "rotation": 90, "texture": "#1"},
				"up": {"uv": [0, 0, 4, 4], "rotation": 90, "texture": "#1"},
				"down": {"uv": [0, 0, 4, 4], "rotation": 90, "texture": "#1"}
			}
		},
		{
			"from": [17, 0.05549, 15.02516],
			"to": [19.5, 3.30549, 17.52516],
			"faces": {
				"north": {"uv": [0, 0, 4, 4], "rotation": 90, "texture": "#1"},
				"east": {"uv": [0, 0, 4, 4], "rotation": 90, "texture": "#1"},
				"south": {"uv": [0, 0, 4, 4], "rotation": 90, "texture": "#1"},
				"west": {"uv": [0, 0, 4, 4], "rotation": 90, "texture": "#1"},
				"up": {"uv": [0, 0, 4, 4], "rotation": 90, "texture": "#1"},
				"down": {"uv": [0, 0, 4, 4], "rotation": 90, "texture": "#1"}
			}
		},
		{
			"from": [-15.5, 0.05549, 15.02516],
			"to": [-13, 3.30549, 17.52516],
			"faces": {
				"north": {"uv": [0, 0, 4, 4], "rotation": 90, "texture": "#1"},
				"east": {"uv": [0, 0, 4, 4], "rotation": 90, "texture": "#1"},
				"south": {"uv": [0, 0, 4, 4], "rotation": 90, "texture": "#1"},
				"west": {"uv": [0, 0, 4, 4], "rotation": 90, "texture": "#1"},
				"up": {"uv": [0, 0, 4, 4], "rotation": 90, "texture": "#1"},
				"down": {"uv": [0, 0, 4, 4], "rotation": 90, "texture": "#1"}
			}
		},
		{
			"from": [-13, 11.9, -1],
			"to": [2, 13, 0],
			"faces": {
				"north": {"uv": [14, 4, 0, 6], "texture": "#1"},
				"east": {"uv": [14, 4, 0, 6], "texture": "#1"},
				"south": {"uv": [14, 4, 0, 6], "texture": "#1"},
				"west": {"uv": [14, 4, 0, 6], "texture": "#1"},
				"up": {"uv": [14, 4, 0, 6], "texture": "#1"},
				"down": {"uv": [14, 4, 0, 6], "texture": "#1"}
			}
		},
		{
			"from": [-13, 10.3, -1],
			"to": [2, 11.8, 0],
			"faces": {
				"north": {"uv": [14, 2, 0, 4], "texture": "#1"},
				"east": {"uv": [14, 2, 0, 4], "texture": "#1"},
				"south": {"uv": [14, 2, 0, 4], "texture": "#1"},
				"west": {"uv": [14, 2, 0, 4], "texture": "#1"},
				"up": {"uv": [14, 2, 0, 4], "texture": "#1"},
				"down": {"uv": [14, 2, 0, 4], "texture": "#1"}
			}
		},
		{
			"from": [-13, 0, -1],
			"to": [2, 2, 0],
			"faces": {
				"north": {"uv": [14, 0, 0, 2], "texture": "#1"},
				"east": {"uv": [14, 0, 0, 2], "texture": "#1"},
				"south": {"uv": [14, 0, 0, 2], "texture": "#1"},
				"west": {"uv": [14, 0, 0, 2], "texture": "#1"},
				"up": {"uv": [14, 0, 0, 2], "texture": "#1"},
				"down": {"uv": [14, 0, 0, 2], "texture": "#1"}
			}
		},
		{
			"from": [-13, 0, 16],
			"to": [2, 2, 17],
			"faces": {
				"north": {"uv": [14, 0, 0, 2], "texture": "#1"},
				"east": {"uv": [14, 0, 0, 2], "texture": "#1"},
				"south": {"uv": [14, 0, 0, 2], "texture": "#1"},
				"west": {"uv": [14, 0, 0, 2], "texture": "#1"},
				"up": {"uv": [14, 0, 0, 2], "rotation": 180, "texture": "#1"},
				"down": {"uv": [14, 0, 0, 2], "texture": "#1"}
			}
		},
		{
			"from": [-13, 11.9, 16],
			"to": [2, 13, 17],
			"faces": {
				"north": {"uv": [14, 4, 0, 6], "texture": "#1"},
				"east": {"uv": [14, 4, 0, 6], "texture": "#1"},
				"south": {"uv": [14, 4, 0, 6], "texture": "#1"},
				"west": {"uv": [14, 4, 0, 6], "texture": "#1"},
				"up": {"uv": [14, 4, 0, 6], "rotation": 180, "texture": "#1"},
				"down": {"uv": [14, 4, 0, 6], "texture": "#1"}
			}
		},
		{
			"from": [-13, 10.3, 16],
			"to": [2, 11.8, 17],
			"faces": {
				"north": {"uv": [14, 2, 0, 4], "texture": "#1"},
				"east": {"uv": [14, 2, 0, 4], "texture": "#1"},
				"south": {"uv": [14, 2, 0, 4], "texture": "#1"},
				"west": {"uv": [14, 2, 0, 4], "texture": "#1"},
				"up": {"uv": [14, 2, 0, 4], "texture": "#1"},
				"down": {"uv": [14, 2, 0, 4], "texture": "#1"}
			}
		},
		{
			"from": [-12.5, 11.4, 16.25],
			"to": [-9, 12.4, 17.5],
			"faces": {
				"north": {"uv": [10, 1, 1, 5], "texture": "#1"},
				"east": {"uv": [10, 1, 1, 5], "texture": "#1"},
				"south": {"uv": [10, 1, 1, 5], "texture": "#1"},
				"west": {"uv": [10, 1, 1, 5], "texture": "#1"},
				"up": {"uv": [10, 1, 1, 5], "texture": "#1"},
				"down": {"uv": [10, 1, 1, 5], "texture": "#1"}
			}
		}
	],
	"display": {
		"thirdperson_righthand": {
			"rotation": [75, 45, 0],
			"translation": [0, 2.5, 0],
			"scale": [0.375, 0.375, 0.375]
		},
		"thirdperson_lefthand": {
			"rotation": [75, 45, 0],
			"translation": [0, 2.5, 0],
			"scale": [0.375, 0.375, 0.375]
		},
		"firstperson_righthand": {
			"rotation": [0, 45, 0],
			"scale": [0.4, 0.4, 0.4]
		},
		"firstperson_lefthand": {
			"rotation": [0, 225, 0],
			"scale": [0.4, 0.4, 0.4]
		},
		"ground": {
			"scale": [0.5, 0.5, 0.5]
		},
		"gui": {
			"rotation": [30, 225, 0],
			"scale": [0.4, 0.4, 0.4]
		},
		"head": {
			"translation": [0, 10.5, 0],
			"scale": [0.5, 0.5, 0.5]
		},
		"fixed": {
			"translation": [-4.5, 0, 18],
			"scale": [2, 2, 2]
		}
	},
	"groups": [
		{
			"name": "1chest_nether",
			"origin": [8, 8, 8],
			"children": [
				{
					"name": "reference block",
					"origin": [8, 8, 8],
					"children": []
				},
				{
					"name": "Chest v1",
					"origin": [8, 8, 8],
					"children": [0, 1,
						{
							"name": "Top (Curved)",
							"origin": [8, 8, 8],
							"children": [2, 3, 4, 5, 6, 7, 8, 9, 10, 11, 12, 13, 14, 15]
						}, 16, 17, 18, 19, 20, 21, 22, 23, 24, 25, 26]
				},
				{
					"name": "Lock",
					"origin": [8, 8, 8],
					"children": [27, 28, 29, 30, 31, 32, 33, 34, 35, 36, 37, 38, 39]
				},
				{
					"name": "Frame",
					"origin": [8, 8, 8],
					"children": [40, 41, 42, 43, 44, 45, 46, 47, 48, 49, 50, 51, 52, 53, 54, 55, 56, 57,
						{
							"name": "Curve Frame1",
							"origin": [8, 8, 8],
							"children": [58, 59, 60, 61, 62, 63, 64]
						},
						{
							"name": "Curve Frame2",
							"origin": [8, 8, 8],
							"children": [65, 66, 67, 68, 69, 70, 71]
						}, 72, 73, 74, 75, 76, 77, 78, 79, 80, 81, 82]
				}
			]
		}
	]
}