{
	"credit": "Made with Blockbench",
	"parent": "./cit_item",
	"textures": {
		"0": "block/MizunoArchive/acacia_planks"
	},
	"elements": [
		{
			"from": [2.5, 0, 2.5],
			"to": [5, 15.5, 5],
			"rotation": {"angle": 0, "axis": "y", "origin": [9.5, 8, 9.5]},
			"faces": {
				"north": {"uv": [8, 0, 11, 16], "texture": "#0"},
				"east": {"uv": [8, 0, 11, 16], "texture": "#0"},
				"south": {"uv": [8, 0, 11, 16], "texture": "#0"},
				"west": {"uv": [8, 0, 11, 16], "texture": "#0"},
				"up": {"uv": [8, 0, 11, 3], "texture": "#0"},
				"down": {"uv": [8, 0, 11, 3], "texture": "#0"}
			}
		},
		{
			"from": [3, 5, 9],
			"to": [4.5, 15.5, 10.5],
			"rotation": {"angle": 45, "axis": "x", "origin": [3.75, 12.75, 9.75]},
			"faces": {
				"north": {"uv": [8, 0, 10, 10], "texture": "#0"},
				"east": {"uv": [8, 0, 10, 10], "texture": "#0"},
				"south": {"uv": [8, 0, 10, 10], "texture": "#0"},
				"west": {"uv": [8, 0, 10, 10], "texture": "#0"},
				"up": {"uv": [8, 0, 10, 2], "texture": "#0"},
				"down": {"uv": [8, 0, 10, 10], "texture": "#0"}
			}
		},
		{
			"from": [9, 5, 3],
			"to": [10.5, 15.5, 4.5],
			"rotation": {"angle": -45, "axis": "z", "origin": [9.75, 12.75, 3.75]},
			"faces": {
				"north": {"uv": [8, 0, 10, 10], "texture": "#0"},
				"east": {"uv": [8, 0, 10, 10], "texture": "#0"},
				"south": {"uv": [8, 0, 10, 10], "texture": "#0"},
				"west": {"uv": [8, 0, 10, 10], "texture": "#0"},
				"up": {"uv": [8, 0, 10, 2], "texture": "#0"},
				"down": {"uv": [8, 0, 10, 10], "texture": "#0"}
			}
		}
	]
}