{
	"credit": "Made with Blockbench",
	"parent": "./cit_item",
	"textures": {
		"1": "block/MizunoArchive/blue_ice",
		"2": "block/MizunoArchive/gray_concrete",
		"2_0": "block/MizunoArchive/potion_0",
		"particle": "block/MizunoArchive/gray_concrete"
	},
	"elements": [
		{
			"from": [3.8458, 2.385, 6.24688],
			"to": [7.3558, 5.355, 9.75688],
			"faces": {
				"north": {"uv": [9, 2, 15, 6.98984], "texture": "#1", "tintindex": 0},
				"east": {"uv": [9, 2, 15, 6.98984], "texture": "#1", "tintindex": 0},
				"south": {"uv": [9, 2, 15, 6.98984], "texture": "#1", "tintindex": 0},
				"west": {"uv": [9, 2, 15, 6.98984], "texture": "#1", "tintindex": 0},
				"up": {"uv": [9, 1, 15, 7], "texture": "#1", "tintindex": 0},
				"down": {"uv": [9, 1, 15, 7], "texture": "#1", "tintindex": 0}
			}
		},
		{
			"from": [3.4408, 1.98, 5.84188],
			"to": [7.7608, 6.3, 10.16188],
			"faces": {
				"north": {"uv": [0, 8, 8, 16], "texture": "#2_0"},
				"east": {"uv": [0, 8, 8, 16], "texture": "#2_0"},
				"south": {"uv": [0, 8, 8, 16], "texture": "#2_0"},
				"west": {"uv": [0, 8, 8, 16], "texture": "#2_0"},
				"up": {"uv": [8, 0, 16, 8], "texture": "#2_0"},
				"down": {"uv": [8, 0, 16, 8], "texture": "#2_0"}
			}
		},
		{
			"from": [4.7908, 6.76, 7.19188],
			"to": [6.4108, 8.38, 8.81188],
			"faces": {
				"north": {"uv": [0, 5, 3, 8], "texture": "#2_0"},
				"east": {"uv": [0, 5, 3, 8], "texture": "#2_0"},
				"south": {"uv": [0, 5, 3, 8], "texture": "#2_0"},
				"west": {"uv": [0, 5, 3, 8], "texture": "#2_0"}
			}
		},
		{
			"from": [4.5208, 8.38, 6.92188],
			"to": [6.6808, 9.46, 9.08188],
			"faces": {
				"north": {"uv": [3, 4, 7, 6], "texture": "#2_0"},
				"east": {"uv": [3, 4, 7, 6], "texture": "#2_0"},
				"south": {"uv": [3, 4, 7, 6], "texture": "#2_0"},
				"west": {"uv": [3, 4, 7, 6], "texture": "#2_0"},
				"up": {"uv": [3, 0, 7, 4], "texture": "#2_0"},
				"down": {"uv": [3, 0, 7, 4], "texture": "#2_0"}
			}
		},
		{
			"from": [3.9408, 5.98, 6.34188],
			"to": [7.2608, 7.3, 9.66188],
			"faces": {
				"north": {"uv": [0, 8, 8, 16], "texture": "#2_0"},
				"east": {"uv": [0, 8, 8, 16], "texture": "#2_0"},
				"south": {"uv": [0, 8, 8, 16], "texture": "#2_0"},
				"west": {"uv": [0, 8, 8, 16], "texture": "#2_0"},
				"up": {"uv": [8, 0, 16, 8], "texture": "#2_0"},
				"down": {"uv": [8, 0, 16, 8], "texture": "#2_0"}
			}
		},
		{
			"from": [3.1908, 1.41, 5.59188],
			"to": [8.0108, 1.98, 10.41188],
			"faces": {
				"north": {"uv": [0, 2, 2, 4], "texture": "#2_0"},
				"east": {"uv": [0, 2, 2, 4], "texture": "#2_0"},
				"south": {"uv": [0, 2, 2, 4], "texture": "#2_0"},
				"west": {"uv": [0, 2, 2, 4], "texture": "#2_0"},
				"up": {"uv": [0, 2, 2, 4], "texture": "#2_0"},
				"down": {"uv": [0, 2, 2, 4], "texture": "#2_0"}
			}
		},
		{
			"from": [7.1408, -0.09, 5.84188],
			"to": [7.7608, 1.48, 6.46188],
			"faces": {
				"north": {"uv": [0, 2, 2, 4], "texture": "#2_0"},
				"east": {"uv": [0, 2, 2, 4], "texture": "#2_0"},
				"south": {"uv": [0, 2, 2, 4], "texture": "#2_0"},
				"west": {"uv": [0, 2, 2, 4], "texture": "#2_0"},
				"up": {"uv": [0, 2, 2, 4], "texture": "#2_0"},
				"down": {"uv": [0, 2, 2, 4], "texture": "#2_0"}
			}
		},
		{
			"from": [3.3408, -0.09, 5.84188],
			"to": [3.9608, 1.48, 6.46188],
			"faces": {
				"north": {"uv": [0, 2, 2, 4], "texture": "#2_0"},
				"east": {"uv": [0, 2, 2, 4], "texture": "#2_0"},
				"south": {"uv": [0, 2, 2, 4], "texture": "#2_0"},
				"west": {"uv": [0, 2, 2, 4], "texture": "#2_0"},
				"up": {"uv": [0, 2, 2, 4], "texture": "#2_0"},
				"down": {"uv": [0, 2, 2, 4], "texture": "#2_0"}
			}
		},
		{
			"from": [3.3408, -0.09, 9.64187],
			"to": [3.9608, 1.48, 10.26188],
			"faces": {
				"north": {"uv": [0, 2, 2, 4], "texture": "#2_0"},
				"east": {"uv": [0, 2, 2, 4], "texture": "#2_0"},
				"south": {"uv": [0, 2, 2, 4], "texture": "#2_0"},
				"west": {"uv": [0, 2, 2, 4], "texture": "#2_0"},
				"up": {"uv": [0, 2, 2, 4], "texture": "#2_0"},
				"down": {"uv": [0, 2, 2, 4], "texture": "#2_0"}
			}
		},
		{
			"from": [7.1408, -0.09, 9.64187],
			"to": [7.7608, 1.48, 10.26188],
			"faces": {
				"north": {"uv": [0, 2, 2, 4], "texture": "#2_0"},
				"east": {"uv": [0, 2, 2, 4], "texture": "#2_0"},
				"south": {"uv": [0, 2, 2, 4], "texture": "#2_0"},
				"west": {"uv": [0, 2, 2, 4], "texture": "#2_0"},
				"up": {"uv": [0, 2, 2, 4], "texture": "#2_0"},
				"down": {"uv": [0, 2, 2, 4], "texture": "#2_0"}
			}
		},
		{
			"from": [10.6468, 0.298, 6.64788],
			"to": [13.4548, 2.674, 9.45588],
			"faces": {
				"north": {"uv": [9, 2, 15, 6.98984], "texture": "#1", "tintindex": 0},
				"east": {"uv": [9, 2, 15, 6.98984], "texture": "#1", "tintindex": 0},
				"south": {"uv": [9, 2, 15, 6.98984], "texture": "#1", "tintindex": 0},
				"west": {"uv": [9, 2, 15, 6.98984], "texture": "#1", "tintindex": 0},
				"up": {"uv": [9, 1, 15, 7], "texture": "#1", "tintindex": 0},
				"down": {"uv": [9, 1, 15, 7], "texture": "#1", "tintindex": 0}
			}
		},
		{
			"from": [10.3228, -0.026, 6.32388],
			"to": [13.7788, 3.43, 9.77988],
			"faces": {
				"north": {"uv": [0, 8, 8, 16], "texture": "#2_0"},
				"east": {"uv": [0, 8, 8, 16], "texture": "#2_0"},
				"south": {"uv": [0, 8, 8, 16], "texture": "#2_0"},
				"west": {"uv": [0, 8, 8, 16], "texture": "#2_0"},
				"up": {"uv": [8, 0, 16, 8], "texture": "#2_0"},
				"down": {"uv": [8, 0, 16, 8], "texture": "#2_0"}
			}
		},
		{
			"from": [11.4028, 3.798, 7.40388],
			"to": [12.6988, 5.094, 8.69988],
			"faces": {
				"north": {"uv": [0, 5, 3, 8], "texture": "#2_0"},
				"east": {"uv": [0, 5, 3, 8], "texture": "#2_0"},
				"south": {"uv": [0, 5, 3, 8], "texture": "#2_0"},
				"west": {"uv": [0, 5, 3, 8], "texture": "#2_0"}
			}
		},
		{
			"from": [11.1868, 5.094, 7.18788],
			"to": [12.9148, 5.958, 8.91588],
			"faces": {
				"north": {"uv": [3, 4, 7, 6], "texture": "#2_0"},
				"east": {"uv": [3, 4, 7, 6], "texture": "#2_0"},
				"south": {"uv": [3, 4, 7, 6], "texture": "#2_0"},
				"west": {"uv": [3, 4, 7, 6], "texture": "#2_0"},
				"up": {"uv": [3, 0, 7, 4], "texture": "#2_0"},
				"down": {"uv": [3, 0, 7, 4], "texture": "#2_0"}
			}
		},
		{
			"from": [10.7228, 3.174, 6.72388],
			"to": [13.3788, 4.23, 9.37988],
			"faces": {
				"north": {"uv": [0, 8, 8, 16], "texture": "#2_0"},
				"east": {"uv": [0, 8, 8, 16], "texture": "#2_0"},
				"south": {"uv": [0, 8, 8, 16], "texture": "#2_0"},
				"west": {"uv": [0, 8, 8, 16], "texture": "#2_0"},
				"up": {"uv": [8, 0, 16, 8], "texture": "#2_0"},
				"down": {"uv": [8, 0, 16, 8], "texture": "#2_0"}
			}
		},
		{
			"from": [5.30886, 5.15134, 7.57188],
			"to": [6.05886, 10.90134, 8.32188],
			"faces": {
				"north": {"uv": [0, 0, 0.75, 5.75], "texture": "#2"},
				"east": {"uv": [0, 0, 0.75, 5.75], "texture": "#2"},
				"south": {"uv": [0, 0, 0.75, 5.75], "texture": "#2"},
				"west": {"uv": [0, 0, 0.75, 5.75], "texture": "#2"},
				"up": {"uv": [0, 0, 0.75, 0.75], "texture": "#2"},
				"down": {"uv": [0, 0, 0.75, 0.75], "texture": "#2"}
			}
		},
		{
			"from": [7.81845, 7.51792, 7.57188],
			"to": [8.56845, 8.26792, 8.32188],
			"rotation": {"angle": -22.5, "axis": "z", "origin": [15.06845, 15.51792, 14.92188]},
			"faces": {
				"north": {"uv": [0, 0, 0.75, 0.75], "texture": "#2"},
				"east": {"uv": [0, 0, 0.75, 0.75], "texture": "#2"},
				"south": {"uv": [0, 0, 0.75, 0.75], "texture": "#2"},
				"west": {"uv": [0, 0, 0.75, 0.75], "texture": "#2"},
				"up": {"uv": [0, 0, 0.75, 0.75], "texture": "#2"},
				"down": {"uv": [0, 0, 0.75, 0.75], "texture": "#2"}
			}
		},
		{
			"from": [8.95247, 4.1978, 7.57188],
			"to": [9.70247, 4.6978, 8.32188],
			"rotation": {"angle": -45, "axis": "z", "origin": [16.20247, 11.9478, 14.92188]},
			"faces": {
				"north": {"uv": [0, 0, 0.75, 0.5], "texture": "#2"},
				"east": {"uv": [0, 0, 0.75, 0.5], "texture": "#2"},
				"south": {"uv": [0, 0, 0.75, 0.5], "texture": "#2"},
				"west": {"uv": [0, 0, 0.75, 0.5], "texture": "#2"},
				"up": {"uv": [0, 0, 0.75, 0.75], "texture": "#2"},
				"down": {"uv": [0, 0, 0.75, 0.75], "texture": "#2"}
			}
		},
		{
			"from": [8.13395, 14.71547, 7.57188],
			"to": [8.63395, 15.46547, 8.32188],
			"rotation": {"angle": 22.5, "axis": "z", "origin": [15.88395, 8.21547, 14.92188]},
			"faces": {
				"north": {"uv": [0, 0, 0.75, 0.5], "rotation": 270, "texture": "#2"},
				"east": {"uv": [0, 0, 0.75, 0.75], "rotation": 90, "texture": "#2"},
				"south": {"uv": [0, 0, 0.75, 0.5], "rotation": 90, "texture": "#2"},
				"west": {"uv": [0, 0, 0.75, 0.75], "rotation": 90, "texture": "#2"},
				"up": {"uv": [0, 0, 0.75, 0.5], "rotation": 90, "texture": "#2"},
				"down": {"uv": [0, 0, 0.75, 0.5], "rotation": 90, "texture": "#2"}
			}
		},
		{
			"from": [6.41136, 11.38915, 7.57188],
			"to": [7.16136, 12.13915, 8.32188],
			"faces": {
				"north": {"uv": [0, 0, 0.75, 0.75], "rotation": 270, "texture": "#2"},
				"east": {"uv": [0, 0, 0.75, 0.75], "rotation": 90, "texture": "#2"},
				"south": {"uv": [0, 0, 0.75, 0.75], "rotation": 90, "texture": "#2"},
				"west": {"uv": [0, 0, 0.75, 0.75], "rotation": 90, "texture": "#2"},
				"up": {"uv": [0, 0, 0.75, 0.75], "rotation": 90, "texture": "#2"},
				"down": {"uv": [0, 0, 0.75, 0.75], "rotation": 90, "texture": "#2"}
			}
		},
		{
			"from": [3.75892, 8.78388, 7.57188],
			"to": [8.50892, 9.53388, 8.32188],
			"rotation": {"angle": -22.5, "axis": "z", "origin": [12.00892, 2.28388, 14.92188]},
			"faces": {
				"north": {"uv": [0, 0, 0.75, 4.75], "rotation": 270, "texture": "#2"},
				"east": {"uv": [0, 0, 0.75, 0.75], "rotation": 90, "texture": "#2"},
				"south": {"uv": [0, 0, 0.75, 4.75], "rotation": 90, "texture": "#2"},
				"west": {"uv": [0, 0, 0.75, 0.75], "rotation": 90, "texture": "#2"},
				"up": {"uv": [0, 0, 0.75, 4.75], "rotation": 90, "texture": "#2"},
				"down": {"uv": [0, 0, 0.75, 4.75], "rotation": 90, "texture": "#2"}
			}
		},
		{
			"from": [5.17847, 8.68967, 7.57188],
			"to": [5.92847, 9.43967, 8.32188],
			"rotation": {"angle": -45, "axis": "z", "origin": [9.42847, 2.18967, 14.92188]},
			"faces": {
				"north": {"uv": [0, 0, 0.75, 0.75], "rotation": 270, "texture": "#2"},
				"east": {"uv": [0, 0, 0.75, 0.75], "rotation": 90, "texture": "#2"},
				"south": {"uv": [0, 0, 0.75, 0.75], "rotation": 90, "texture": "#2"},
				"west": {"uv": [0, 0, 0.75, 0.75], "rotation": 90, "texture": "#2"},
				"up": {"uv": [0, 0, 0.75, 0.75], "rotation": 90, "texture": "#2"},
				"down": {"uv": [0, 0, 0.75, 0.75], "rotation": 90, "texture": "#2"}
			}
		},
		{
			"from": [13.5084, 6.59013, 7.57188],
			"to": [14.2584, 7.34013, 8.32188],
			"rotation": {"angle": 22.5, "axis": "z", "origin": [7.0084, 3.09013, 14.92188]},
			"faces": {
				"north": {"uv": [0, 0, 0.75, 0.75], "rotation": 180, "texture": "#2"},
				"east": {"uv": [0, 0, 0.75, 0.75], "rotation": 180, "texture": "#2"},
				"south": {"uv": [0, 0, 0.75, 0.75], "rotation": 180, "texture": "#2"},
				"west": {"uv": [0, 0, 0.75, 0.75], "rotation": 180, "texture": "#2"},
				"up": {"uv": [0, 0, 0.75, 0.75], "rotation": 180, "texture": "#2"},
				"down": {"uv": [0, 0, 0.75, 0.75], "rotation": 180, "texture": "#2"}
			}
		},
		{
			"from": [11.61714, 2.44816, 7.57188],
			"to": [12.36714, 9.09816, 8.32188],
			"faces": {
				"north": {"uv": [0, 0, 0.75, 6.65], "rotation": 180, "texture": "#2"},
				"east": {"uv": [0, 0, 0.75, 6.65], "rotation": 180, "texture": "#2"},
				"south": {"uv": [0, 0, 0.75, 6.65], "rotation": 180, "texture": "#2"},
				"west": {"uv": [0, 0, 0.75, 6.65], "rotation": 180, "texture": "#2"},
				"up": {"uv": [0, 0, 0.75, 0.75], "rotation": 180, "texture": "#2"},
				"down": {"uv": [0, 0, 0.75, 0.75], "rotation": 180, "texture": "#2"}
			}
		}
	],
	"display": {
		"thirdperson_righthand": {
			"rotation": [75, 45, 0],
			"translation": [0, 2.5, 1.75],
			"scale": [0.375, 0.375, 0.375]
		},
		"thirdperson_lefthand": {
			"rotation": [75, 45, 0],
			"translation": [0, 2.5, 1.75],
			"scale": [0.375, 0.375, 0.375]
		},
		"firstperson_righthand": {
			"rotation": [0, 113, 0],
			"translation": [0, 3.5, 0],
			"scale": [0.4, 0.4, 0.4]
		},
		"firstperson_lefthand": {
			"rotation": [0, -61, 0],
			"translation": [0, 3.5, 0],
			"scale": [0.4, 0.4, 0.4]
		},
		"ground": {
			"translation": [0, 1.25, 0],
			"scale": [0.6, 0.6, 0.6]
		},
		"gui": {
			"rotation": [30, -162, 0],
			"translation": [0, 2.25, 0],
			"scale": [0.625, 0.625, 0.625]
		},
		"head": {
			"translation": [0, 15, 0]
		},
		"fixed": {
			"rotation": [-90, 0, 0],
			"translation": [0, 0, -15],
			"scale": [2, 2, 2]
		}
	},
	"groups": [
		{
			"name": "potion_0",
			"children": [0, 1, 2, 3, 4,
				{
					"name": "Stand",
					"children": [5, 6, 7, 8, 9]
				}
			]
		},
		{
			"name": "potion_2",
			"children": [10, 11, 12, 13, 14]
		},
		{
			"name": "Tubing",
			"children": [15, 16, 17, 18, 19, 20, 21, 22, 23]
		}
	]
}