{
	"credit": "Made with Blockbench",
	"parent": "./cit_item",
	"ambientocclusion": false,
	"textures": {
		"3": "block/MizunoArchive/horn_coral_block",
		"4": "block/MizunoArchive/gray_concrete_powder",
		"5": "block/MizunoArchive/bubble_coral_block",
		"6": "block/MizunoArchive/torch_w",
		"2_0": "block/MizunoArchive/potion_0"
	},
	"elements": [
		{
			"name": "liquid",
			"from": [11.73178, 4.10829, 7.48014],
			"to": [12.76986, 6.24605, 8.51822],
			"faces": {
				"north": {"uv": [0, 0, 4.038, 8.138], "texture": "#3", "tintindex": 0},
				"east": {"uv": [0, 0, 4.038, 8.138], "texture": "#3", "tintindex": 0},
				"south": {"uv": [0, 0, 4.038, 8.138], "texture": "#3", "tintindex": 0},
				"west": {"uv": [0, 0, 4.038, 8.138], "texture": "#3", "tintindex": 0},
				"up": {"uv": [0, 4, 4.038, 8.138], "texture": "#3", "tintindex": 0},
				"down": {"uv": [0, 4, 4.038, 8.138], "texture": "#3", "tintindex": 0}
			}
		},
		{
			"from": [11.43434, 3.54829, 7.1827],
			"to": [13.0673, 5.90125, 8.81566],
			"faces": {
				"north": {"uv": [0, 11, 8, 16], "texture": "#2_0"},
				"east": {"uv": [0, 11, 8, 16], "texture": "#2_0"},
				"south": {"uv": [0, 11, 8, 16], "texture": "#2_0"},
				"west": {"uv": [0, 11, 8, 16], "texture": "#2_0"},
				"down": {"uv": [8, 0, 16, 8], "texture": "#2_0"}
			}
		},
		{
			"from": [11.16218, 8.90125, 6.91054],
			"to": [13.33946, 9.53989, 9.08782],
			"faces": {
				"north": {"uv": [3, 4, 7, 6], "texture": "#2_0"},
				"east": {"uv": [3, 4, 7, 6], "texture": "#2_0"},
				"south": {"uv": [3, 4, 7, 6], "texture": "#2_0"},
				"west": {"uv": [3, 4, 7, 6], "texture": "#2_0"},
				"up": {"uv": [3, 0, 7, 4], "texture": "#2_0"},
				"down": {"uv": [3, 0, 7, 4], "texture": "#2_0"}
			}
		},
		{
			"from": [11.68434, 3.19829, 7.4327],
			"to": [12.8173, 3.65125, 8.56566],
			"faces": {
				"north": {"uv": [0, 15, 8, 16], "texture": "#2_0"},
				"east": {"uv": [0, 15, 8, 16], "texture": "#2_0"},
				"south": {"uv": [0, 15, 8, 16], "texture": "#2_0"},
				"west": {"uv": [0, 15, 8, 16], "texture": "#2_0"},
				"down": {"uv": [0, 15, 8, 16], "texture": "#2_0"}
			}
		},
		{
			"from": [11.43023, 5.90124, 7.18681],
			"to": [13.06319, 9.0042, 8.81977],
			"faces": {
				"north": {"uv": [0, 9, 8, 15], "texture": "#2_0"},
				"east": {"uv": [0, 9, 8, 15], "texture": "#2_0"},
				"south": {"uv": [0, 9, 8, 15], "texture": "#2_0"},
				"west": {"uv": [0, 9, 8, 15], "texture": "#2_0"},
				"up": {"uv": [8, 0, 16, 8], "texture": "#2_0"}
			}
		},
		{
			"name": "liquid",
			"from": [3.48178, 8.10829, 7.48014],
			"to": [4.51986, 10.24605, 8.51822],
			"faces": {
				"north": {"uv": [0, 0, 4.038, 8.138], "texture": "#5", "tintindex": 0},
				"east": {"uv": [0, 0, 4.038, 8.138], "texture": "#5", "tintindex": 0},
				"south": {"uv": [0, 0, 4.038, 8.138], "texture": "#5", "tintindex": 0},
				"west": {"uv": [0, 0, 4.038, 8.138], "texture": "#5", "tintindex": 0},
				"up": {"uv": [0, 0, 4.038, 8.138], "texture": "#5", "tintindex": 0},
				"down": {"uv": [0, 0, 4.038, 8.138], "texture": "#5", "tintindex": 0}
			}
		},
		{
			"from": [3.18434, 7.54829, 7.1827],
			"to": [4.8173, 9.90125, 8.81566],
			"faces": {
				"north": {"uv": [0, 11, 8, 16], "texture": "#2_0"},
				"east": {"uv": [0, 11, 8, 16], "texture": "#2_0"},
				"south": {"uv": [0, 11, 8, 16], "texture": "#2_0"},
				"west": {"uv": [0, 11, 8, 16], "texture": "#2_0"},
				"down": {"uv": [8, 0, 16, 8], "texture": "#2_0"}
			}
		},
		{
			"from": [2.91218, 12.90125, 6.91054],
			"to": [5.08946, 13.53989, 9.08782],
			"faces": {
				"north": {"uv": [3, 4, 7, 6], "texture": "#2_0"},
				"east": {"uv": [3, 4, 7, 6], "texture": "#2_0"},
				"south": {"uv": [3, 4, 7, 6], "texture": "#2_0"},
				"west": {"uv": [3, 4, 7, 6], "texture": "#2_0"},
				"up": {"uv": [3, 0, 7, 4], "texture": "#2_0"},
				"down": {"uv": [3, 0, 7, 4], "texture": "#2_0"}
			}
		},
		{
			"from": [3.43434, 7.19829, 7.4327],
			"to": [4.5673, 7.65125, 8.56566],
			"faces": {
				"north": {"uv": [0, 15, 8, 16], "texture": "#2_0"},
				"east": {"uv": [0, 15, 8, 16], "texture": "#2_0"},
				"south": {"uv": [0, 15, 8, 16], "texture": "#2_0"},
				"west": {"uv": [0, 15, 8, 16], "texture": "#2_0"},
				"down": {"uv": [0, 15, 8, 16], "texture": "#2_0"}
			}
		},
		{
			"from": [3.18023, 9.90124, 7.18681],
			"to": [4.81319, 13.0042, 8.81977],
			"faces": {
				"north": {"uv": [0, 9, 8, 15], "texture": "#2_0"},
				"east": {"uv": [0, 9, 8, 15], "texture": "#2_0"},
				"south": {"uv": [0, 9, 8, 15], "texture": "#2_0"},
				"west": {"uv": [0, 9, 8, 15], "texture": "#2_0"},
				"up": {"uv": [8, 0, 16, 8], "texture": "#2_0"}
			}
		},
		{
			"from": [7.4028, 14.1608, 7.4028],
			"to": [8.5972, 15.2892, 8.5972],
			"faces": {
				"north": {"uv": [1, 1, 0, 2], "texture": "#4"},
				"east": {"uv": [1, 1, 0, 2], "texture": "#4"},
				"south": {"uv": [1, 1, 0, 2], "texture": "#4"},
				"west": {"uv": [1, 1, 0, 2], "texture": "#4"},
				"up": {"uv": [1, 1, 0, 2], "texture": "#4"},
				"down": {"uv": [1, 1, 0, 2], "texture": "#4"}
			}
		},
		{
			"from": [7.6528, 0.6608, 7.6528],
			"to": [8.3472, 14.5392, 8.3472],
			"faces": {
				"north": {"uv": [2, 0, 0, 16], "texture": "#4"},
				"east": {"uv": [2, 0, 0, 16], "texture": "#4"},
				"south": {"uv": [2, 0, 0, 16], "texture": "#4"},
				"west": {"uv": [2, 0, 0, 16], "texture": "#4"},
				"up": {"uv": [2, 0, 0, 16], "texture": "#4"},
				"down": {"uv": [2, 0, 0, 16], "texture": "#4"}
			}
		},
		{
			"from": [7.1528, 0.4108, 7.1528],
			"to": [8.8472, 0.7892, 8.8472],
			"faces": {
				"north": {"uv": [3, 0, 0, 3], "texture": "#4"},
				"east": {"uv": [3, 0, 0, 3], "texture": "#4"},
				"south": {"uv": [3, 0, 0, 3], "texture": "#4"},
				"west": {"uv": [3, 0, 0, 3], "texture": "#4"},
				"up": {"uv": [3, 0, 0, 3], "texture": "#4"},
				"down": {"uv": [3, 0, 0, 3], "texture": "#4"}
			}
		},
		{
			"from": [6.6528, 0.0108, 6.6528],
			"to": [9.3472, 0.3892, 9.3472],
			"faces": {
				"north": {"uv": [1, 1, 0, 2], "texture": "#4"},
				"east": {"uv": [1, 1, 0, 2], "texture": "#4"},
				"south": {"uv": [1, 1, 0, 2], "texture": "#4"},
				"west": {"uv": [1, 1, 0, 2], "texture": "#4"},
				"up": {"uv": [1, 1, 0, 2], "texture": "#4"},
				"down": {"uv": [1, 1, 0, 2], "texture": "#4"}
			}
		},
		{
			"from": [7.4028, 6.4108, 7.4028],
			"to": [8.5972, 7.5392, 8.5972],
			"faces": {
				"north": {"uv": [1, 1, 0, 2], "texture": "#4"},
				"east": {"uv": [1, 1, 0, 2], "texture": "#4"},
				"south": {"uv": [1, 1, 0, 2], "texture": "#4"},
				"west": {"uv": [1, 1, 0, 2], "texture": "#4"},
				"up": {"uv": [1, 1, 0, 2], "texture": "#4"},
				"down": {"uv": [1, 1, 0, 2], "texture": "#4"}
			}
		},
		{
			"from": [6.9028, 6.6608, 7.6528],
			"to": [10.8472, 7.2892, 8.3472],
			"faces": {
				"north": {"uv": [1, 1, 0, 2], "texture": "#4"},
				"east": {"uv": [1, 1, 0, 2], "texture": "#4"},
				"south": {"uv": [1, 1, 0, 2], "texture": "#4"},
				"west": {"uv": [1, 1, 0, 2], "texture": "#4"},
				"up": {"uv": [1, 1, 0, 2], "texture": "#4"},
				"down": {"uv": [1, 1, 0, 2], "texture": "#4"}
			}
		},
		{
			"from": [10.6528, 6.6608, 6.9028],
			"to": [11.3472, 7.2892, 9.0972],
			"faces": {
				"north": {"uv": [1, 1, 0, 2], "texture": "#4"},
				"east": {"uv": [1, 1, 0, 2], "texture": "#4"},
				"south": {"uv": [1, 1, 0, 2], "texture": "#4"},
				"west": {"uv": [1, 1, 0, 2], "texture": "#4"},
				"up": {"uv": [1, 1, 0, 2], "texture": "#4"},
				"down": {"uv": [1, 1, 0, 2], "texture": "#4"}
			}
		},
		{
			"from": [11.08698, 6.67845, 8.8398],
			"to": [13.28138, 7.30685, 9.5342],
			"faces": {
				"north": {"uv": [1, 1, 0, 2], "texture": "#4"},
				"east": {"uv": [1, 1, 0, 2], "texture": "#4"},
				"south": {"uv": [1, 1, 0, 2], "texture": "#4"},
				"west": {"uv": [1, 1, 0, 2], "texture": "#4"},
				"up": {"uv": [1, 1, 0, 2], "texture": "#4"},
				"down": {"uv": [1, 1, 0, 2], "texture": "#4"}
			}
		},
		{
			"from": [11.0922, 6.66585, 6.45836],
			"to": [13.2866, 7.29425, 7.15276],
			"faces": {
				"north": {"uv": [1, 1, 0, 2], "texture": "#4"},
				"east": {"uv": [1, 1, 0, 2], "texture": "#4"},
				"south": {"uv": [1, 1, 0, 2], "texture": "#4"},
				"west": {"uv": [1, 1, 0, 2], "texture": "#4"},
				"up": {"uv": [1, 1, 0, 2], "texture": "#4"},
				"down": {"uv": [1, 1, 0, 2], "texture": "#4"}
			}
		},
		{
			"from": [6.6084, 6.41072, 7.40288],
			"to": [6.9028, 7.53912, 8.59728],
			"faces": {
				"north": {"uv": [1, 1, 0, 2], "texture": "#4"},
				"east": {"uv": [1, 1, 0, 2], "texture": "#4"},
				"south": {"uv": [1, 1, 0, 2], "texture": "#4"},
				"west": {"uv": [1, 1, 0, 2], "texture": "#4"},
				"up": {"uv": [1, 1, 0, 2], "texture": "#4"},
				"down": {"uv": [1, 1, 0, 2], "texture": "#4"}
			}
		},
		{
			"from": [7.4028, 10.4108, 7.4028],
			"to": [8.5972, 11.5392, 8.5972],
			"faces": {
				"north": {"uv": [1, 1, 0, 2], "texture": "#4"},
				"east": {"uv": [1, 1, 0, 2], "texture": "#4"},
				"south": {"uv": [1, 1, 0, 2], "texture": "#4"},
				"west": {"uv": [1, 1, 0, 2], "texture": "#4"},
				"up": {"uv": [1, 1, 0, 2], "texture": "#4"},
				"down": {"uv": [1, 1, 0, 2], "texture": "#4"}
			}
		},
		{
			"from": [5.4028, 10.6608, 7.6528],
			"to": [9.0972, 11.2892, 8.3472],
			"faces": {
				"north": {"uv": [1, 1, 0, 2], "texture": "#4"},
				"east": {"uv": [1, 1, 0, 2], "texture": "#4"},
				"south": {"uv": [1, 1, 0, 2], "texture": "#4"},
				"west": {"uv": [1, 1, 0, 2], "texture": "#4"},
				"up": {"uv": [1, 1, 0, 2], "texture": "#4"},
				"down": {"uv": [1, 1, 0, 2], "texture": "#4"}
			}
		},
		{
			"from": [4.9028, 10.6608, 6.9028],
			"to": [5.5972, 11.2892, 9.0972],
			"faces": {
				"north": {"uv": [1, 1, 0, 2], "texture": "#4"},
				"east": {"uv": [1, 1, 0, 2], "texture": "#4"},
				"south": {"uv": [1, 1, 0, 2], "texture": "#4"},
				"west": {"uv": [1, 1, 0, 2], "texture": "#4"},
				"up": {"uv": [1, 1, 0, 2], "texture": "#4"},
				"down": {"uv": [1, 1, 0, 2], "texture": "#4"}
			}
		},
		{
			"from": [2.96862, 10.67845, 8.8398],
			"to": [5.16302, 11.30685, 9.5342],
			"faces": {
				"north": {"uv": [1, 1, 0, 2], "texture": "#4"},
				"east": {"uv": [1, 1, 0, 2], "texture": "#4"},
				"south": {"uv": [1, 1, 0, 2], "texture": "#4"},
				"west": {"uv": [1, 1, 0, 2], "texture": "#4"},
				"up": {"uv": [1, 1, 0, 2], "texture": "#4"},
				"down": {"uv": [1, 1, 0, 2], "texture": "#4"}
			}
		},
		{
			"from": [2.9634, 10.66585, 6.45836],
			"to": [5.1578, 11.29425, 7.15276],
			"faces": {
				"north": {"uv": [1, 1, 0, 2], "texture": "#4"},
				"east": {"uv": [1, 1, 0, 2], "texture": "#4"},
				"south": {"uv": [1, 1, 0, 2], "texture": "#4"},
				"west": {"uv": [1, 1, 0, 2], "texture": "#4"},
				"up": {"uv": [1, 1, 0, 2], "texture": "#4"},
				"down": {"uv": [1, 1, 0, 2], "texture": "#4"}
			}
		},
		{
			"from": [9.0972, 10.41072, 7.40288],
			"to": [9.3916, 11.53912, 8.59728],
			"faces": {
				"north": {"uv": [1, 1, 0, 2], "texture": "#4"},
				"east": {"uv": [1, 1, 0, 2], "texture": "#4"},
				"south": {"uv": [1, 1, 0, 2], "texture": "#4"},
				"west": {"uv": [1, 1, 0, 2], "texture": "#4"},
				"up": {"uv": [1, 1, 0, 2], "texture": "#4"},
				"down": {"uv": [1, 1, 0, 2], "texture": "#4"}
			}
		},
		{
			"from": [2.8, 0.06, 6.8],
			"to": [5.2, 0.54, 9.2],
			"faces": {
				"north": {"uv": [6, 13, 10, 14], "texture": "#6"},
				"east": {"uv": [6, 13, 10, 14], "texture": "#6"},
				"south": {"uv": [6, 13, 10, 14], "texture": "#6"},
				"west": {"uv": [6, 13, 10, 14], "texture": "#6"},
				"up": {"uv": [7, 14, 9, 16], "texture": "#6"},
				"down": {"uv": [7, 14, 9, 16], "texture": "#6"}
			}
		},
		{
			"from": [3.04, 0.06, 7.52],
			"to": [4.96, 3.38, 8.48],
			"shade": false,
			"faces": {
				"north": {"uv": [6, 6, 10, 14], "texture": "#6"},
				"south": {"uv": [6, 6, 10, 14], "texture": "#6"}
			}
		},
		{
			"from": [3.52, 0.06, 7.04],
			"to": [4.48, 3.38, 8.96],
			"shade": false,
			"faces": {
				"east": {"uv": [6, 6, 10, 14], "texture": "#6"},
				"west": {"uv": [6, 6, 10, 14], "texture": "#6"}
			}
		},
		{
			"from": [3.52, 3.38, 7.52],
			"to": [4.48, 3.38, 8.48],
			"shade": false,
			"faces": {
				"up": {"uv": [7, 6, 9, 8], "texture": "#6"}
			}
		},
		{
			"from": [-3.51421, 3.36189, 10.84599],
			"to": [-3.51421, 5.36189, 12.14599],
			"rotation": {"angle": -45, "axis": "y", "origin": [4.48579, 11.36189, 18.84599]},
			"faces": {
				"north": {"uv": [6, 1, 9, 6], "texture": "#6"},
				"east": {"uv": [6, 1, 9, 6], "texture": "#6"},
				"south": {"uv": [6, 1, 9, 6], "texture": "#6"},
				"west": {"uv": [6, 1, 9, 6], "texture": "#6"},
				"up": {"uv": [6, 1, 9, 6], "texture": "#6"},
				"down": {"uv": [6, 1, 9, 6], "texture": "#6"}
			}
		},
		{
			"from": [3.32022, 3.38005, 7.88652],
			"to": [4.62022, 5.38005, 7.88652],
			"rotation": {"angle": -45, "axis": "y", "origin": [3.86214, 3.36215, 7.9442]},
			"faces": {
				"north": {"uv": [6, 1, 9, 6], "texture": "#6"},
				"east": {"uv": [6, 1, 9, 6], "texture": "#6"},
				"south": {"uv": [6, 1, 9, 6], "texture": "#6"},
				"west": {"uv": [6, 1, 9, 6], "texture": "#6"},
				"up": {"uv": [6, 1, 9, 6], "texture": "#6"},
				"down": {"uv": [6, 1, 9, 6], "texture": "#6"}
			}
		}
	],
	"display": {
		"thirdperson_righthand": {
			"rotation": [75, 45, 0],
			"translation": [0, 2.5, 1.75],
			"scale": [0.375, 0.375, 0.375]
		},
		"thirdperson_lefthand": {
			"rotation": [75, 45, 0],
			"translation": [0, 2.5, 1.75],
			"scale": [0.375, 0.375, 0.375]
		},
		"firstperson_righthand": {
			"rotation": [0, 113, 0],
			"translation": [0, 3.5, 0],
			"scale": [0.4, 0.4, 0.4]
		},
		"firstperson_lefthand": {
			"rotation": [0, -61, 0],
			"translation": [0, 3.5, 0],
			"scale": [0.4, 0.4, 0.4]
		},
		"ground": {
			"translation": [0, 1.25, 0],
			"scale": [0.6, 0.6, 0.6]
		},
		"gui": {
			"rotation": [30, -162, 0],
			"translation": [0, 2.25, 0],
			"scale": [0.625, 0.625, 0.625]
		},
		"head": {
			"translation": [0, 15, 0]
		},
		"fixed": {
			"rotation": [-90, 0, 0],
			"translation": [0, 0, -15],
			"scale": [2, 2, 2]
		}
	},
	"groups": [
		{
			"name": "potion_2",
			"children": [0, 1, 2, 3, 4]
		},
		{
			"name": "potion_3",
			"children": [5, 6, 7, 8, 9]
		},
		{
			"name": "Stand",
			"children": [10, 11, 12, 13,
				{
					"name": "Grip",
					"children": [14, 15, 16, 17, 18, 19]
				},
				{
					"name": "Grip2",
					"children": [20, 21, 22, 23, 24, 25]
				}
			]
		},
		{
			"name": "torch",
			"children": [26, 27, 28, 29]
		}, 30, 31]
}