{
    "credit": "Made with Blockbench", 
    "textures": {
        "main": "block/animtest1"
    }, 
    "elements": [
        {
            "from": [ 5, 0, 5 ], 
            "to":   [ 11, 6, 11 ], 
            "faces": {
                "north": { "uv": [ 0, 0, 1.5, 1.5 ], "texture": "#main" }, 
                "east":  { "uv": [ 0, 0, 1.5, 1.5 ], "texture": "#main" }, 
                "south": { "uv": [ 0, 0, 1.5, 1.5 ], "texture": "#main" }, 
                "west":  { "uv": [ 0, 0, 1.5, 1.5 ], "texture": "#main" }, 
                "up":    { "uv": [ 0, 0, 1.5, 1.5 ], "texture": "#main" }, 
                "down":  { "uv": [ 0, 0, 1.5, 1.5 ], "texture": "#main" }
            }
        }, 
        {
            "from": [ 5, 1, 5 ], 
            "to":   [ 11, 7, 11 ], 
            "faces": {
                "north": { "uv": [ 4, 0, 5.5, 1.5 ], "texture": "#main" }, 
                "east":  { "uv": [ 4, 0, 5.5, 1.5 ], "texture": "#main" }, 
                "south": { "uv": [ 4, 0, 5.5, 1.5 ], "texture": "#main" }, 
                "west":  { "uv": [ 4, 0, 5.5, 1.5 ], "texture": "#main" }, 
                "up":    { "uv": [ 4, 0, 5.5, 1.5 ], "texture": "#main" }, 
                "down":  { "uv": [ 4, 0, 5.5, 1.5 ], "texture": "#main" }
            }
        }, 
        {
            "from": [ 5, 2, 5 ], 
            "to":   [ 11, 8, 11 ], 
            "faces": {
                "north": { "uv": [ 8, 0, 9.5, 1.5 ], "texture": "#main" }, 
                "east":  { "uv": [ 8, 0, 9.5, 1.5 ], "texture": "#main" }, 
                "south": { "uv": [ 8, 0, 9.5, 1.5 ], "texture": "#main" }, 
                "west":  { "uv": [ 8, 0, 9.5, 1.5 ], "texture": "#main" }, 
                "up":    { "uv": [ 8, 0, 9.5, 1.5 ], "texture": "#main" }, 
                "down":  { "uv": [ 8, 0, 9.5, 1.5 ], "texture": "#main" }
            }
        }, 
        {
            "from": [ 5, 3, 5 ], 
            "to":   [ 11, 9, 11 ], 
            "faces": {
                "north": { "uv": [ 12, 0, 13.5, 1.5 ], "texture": "#main" }, 
                "east":  { "uv": [ 12, 0, 13.5, 1.5 ], "texture": "#main" }, 
                "south": { "uv": [ 12, 0, 13.5, 1.5 ], "texture": "#main" }, 
                "west":  { "uv": [ 12, 0, 13.5, 1.5 ], "texture": "#main" }, 
                "up":    { "uv": [ 12, 0, 13.5, 1.5 ], "texture": "#main" }, 
                "down":  { "uv": [ 12, 0, 13.5, 1.5 ], "texture": "#main" }
            }
        }, 
        {
            "from": [ 5, 4, 5 ], 
            "to":   [ 11, 10, 11 ], 
            "faces": {
                "north": { "uv": [ 0, 4, 1.5, 5.5 ], "texture": "#main" }, 
                "east":  { "uv": [ 0, 4, 1.5, 5.5 ], "texture": "#main" }, 
                "south": { "uv": [ 0, 4, 1.5, 5.5 ], "texture": "#main" }, 
                "west":  { "uv": [ 0, 4, 1.5, 5.5 ], "texture": "#main" }, 
                "up":    { "uv": [ 0, 4, 1.5, 5.5 ], "texture": "#main" }, 
                "down":  { "uv": [ 0, 4, 1.5, 5.5 ], "texture": "#main" }
            }
        }, 
        {
            "from": [ 5, 5, 5 ], 
            "to":   [ 11, 11, 11 ], 
            "faces": {
                "north": { "uv": [ 4, 4, 5.5, 5.5 ], "texture": "#main" }, 
                "east":  { "uv": [ 4, 4, 5.5, 5.5 ], "texture": "#main" }, 
                "south": { "uv": [ 4, 4, 5.5, 5.5 ], "texture": "#main" }, 
                "west":  { "uv": [ 4, 4, 5.5, 5.5 ], "texture": "#main" }, 
                "up":    { "uv": [ 4, 4, 5.5, 5.5 ], "texture": "#main" }, 
                "down":  { "uv": [ 4, 4, 5.5, 5.5 ], "texture": "#main" }
            }
        }, 
        {
            "from": [ 5, 6, 5 ], 
            "to":   [ 11, 12, 11 ], 
            "faces": {
                "north": { "uv": [ 8, 4, 9.5, 5.5 ], "texture": "#main" }, 
                "east":  { "uv": [ 8, 4, 9.5, 5.5 ], "texture": "#main" }, 
                "south": { "uv": [ 8, 4, 9.5, 5.5 ], "texture": "#main" }, 
                "west":  { "uv": [ 8, 4, 9.5, 5.5 ], "texture": "#main" }, 
                "up":    { "uv": [ 8, 4, 9.5, 5.5 ], "texture": "#main" }, 
                "down":  { "uv": [ 8, 4, 9.5, 5.5 ], "texture": "#main" }
            }
        }, 
        {
            "from": [ 5, 7, 5 ], 
            "to":   [ 11, 13, 11 ], 
            "faces": {
                "north": { "uv": [ 12, 4, 13.5, 5.5 ], "texture": "#main" }, 
                "east":  { "uv": [ 12, 4, 13.5, 5.5 ], "texture": "#main" }, 
                "south": { "uv": [ 12, 4, 13.5, 5.5 ], "texture": "#main" }, 
                "west":  { "uv": [ 12, 4, 13.5, 5.5 ], "texture": "#main" }, 
                "up":    { "uv": [ 12, 4, 13.5, 5.5 ], "texture": "#main" }, 
                "down":  { "uv": [ 12, 4, 13.5, 5.5 ], "texture": "#main" }
            }
        }
    ], 
    "display": {
        "thirdperson_righthand": {
            "rotation": [ 75, 45, 0 ], 
            "translation": [ 0, 2.5, 0 ], 
            "scale": [ 0.375, 0.375, 0.375 ]
        }, 
        "thirdperson_lefthand": {
            "rotation": [ 75, 45, 0 ], 
            "translation": [ 0, 2.5, 0 ], 
            "scale": [ 0.375, 0.375, 0.375 ]
        }, 
        "firstperson_righthand": {
            "translation": [ 0, 2, 0 ]
        }, 
        "firstperson_lefthand": {
            "translation": [ 0, 1.25, 0 ]
        }, 
        "ground": {
            "translation": [ 0, 4, 0 ]
        }, 
        "gui": {
            "rotation": [ 30, 225, 0 ], 
            "translation": [ 0, 2.75, 0 ], 
            "scale": [ 0.625, 0.625, 0.625 ]
        }, 
        "head": {
            "translation": [ 0, 14.5, 0 ]
        }, 
        "fixed": {
            "rotation": [ -90, 0, 0 ], 
            "translation": [ 0, 0, -15 ], 
            "scale": [ 2, 2, 2 ]
        }
    }, 
    "__comment": "Model animated using Fizzy's model animator - http://fizzy81.github.io/animated-models/"
}