{
	"credit": "Made with Blockbench",
	"parent": "./cit_item",
	"textures": {
		"2": "block/MizunoArchive/stripped_dark_oak_log",
		"7_1": "block/MizunoArchive/white_concrete",
		"particle": "block/MizunoArchive/white_concrete"
	},
	"elements": [
		{
			"from": [9.4448, 5.83312, 6.156],
			"to": [10.31168, 9.56688, 7.02288],
			"faces": {
				"north": {"uv": [0.75, 0, 0, 1.5], "texture": "#2"},
				"east": {"uv": [0.75, 0, 0, 1.5], "texture": "#2"},
				"south": {"uv": [0.75, 0, 0, 1.5], "texture": "#2"},
				"west": {"uv": [0.75, 0, 0, 1.5], "texture": "#2"},
				"up": {"uv": [0.75, 0, 0, 0.75], "texture": "#2"},
				"down": {"uv": [0.75, 0, 0, 0.75], "texture": "#2"}
			}
		},
		{
			"from": [9.76844, 9.19308, 6.15583],
			"to": [10.63532, 11.50476, 7.02271],
			"rotation": {"angle": -45, "axis": "z", "origin": [10.0574, 9.771, 6.73375]},
			"faces": {
				"north": {"uv": [0.75, 0, 0, 2], "texture": "#2"},
				"east": {"uv": [0.75, 0, 0, 2], "texture": "#2"},
				"south": {"uv": [0.75, 0, 0, 2], "texture": "#2"},
				"west": {"uv": [0.75, 0, 0, 2], "texture": "#2"},
				"up": {"uv": [0.75, 0, 0, 0.75], "texture": "#2"},
				"down": {"uv": [0.75, 0, 0, 0.75], "texture": "#2"}
			}
		},
		{
			"from": [11.08102, 10.3316, 6.16061],
			"to": [13.3927, 11.19848, 7.02749],
			"faces": {
				"north": {"uv": [0, 2, 0.75, 0], "rotation": 90, "texture": "#2"},
				"east": {"uv": [0, 0.75, 0.75, 0], "rotation": 270, "texture": "#2"},
				"south": {"uv": [0, 2, 0.75, 0], "rotation": 270, "texture": "#2"},
				"west": {"uv": [0, 0.75, 0.75, 0], "rotation": 270, "texture": "#2"},
				"up": {"uv": [0, 2, 0.75, 0], "rotation": 270, "texture": "#2"},
				"down": {"uv": [0, 2, 0.75, 0], "rotation": 270, "texture": "#2"}
			}
		},
		{
			"from": [13.10332, 10.57207, 6.15911],
			"to": [13.9702, 14.61751, 7.02599],
			"rotation": {"angle": -45, "axis": "z", "origin": [13.39228, 11.14999, 6.73703]},
			"faces": {
				"north": {"uv": [0.75, 0, 0, 3.5], "texture": "#2"},
				"east": {"uv": [0.75, 0, 0, 3.5], "texture": "#2"},
				"south": {"uv": [0.75, 0, 0, 3.5], "texture": "#2"},
				"west": {"uv": [0.75, 0, 0, 3.5], "texture": "#2"},
				"up": {"uv": [0.75, 0, 0, 0.75], "texture": "#2"},
				"down": {"uv": [0.75, 0, 0, 0.75], "texture": "#2"}
			}
		},
		{
			"from": [14.25958, 11.19848, 6.16061],
			"to": [17.43814, 12.06536, 7.02749],
			"faces": {
				"north": {"uv": [0, 2.75, 0.75, 0], "rotation": 90, "texture": "#2"},
				"east": {"uv": [0, 0.75, 0.75, 0], "rotation": 270, "texture": "#2"},
				"south": {"uv": [0, 2.75, 0.75, 0], "rotation": 270, "texture": "#2"},
				"west": {"uv": [0, 0.75, 0.75, 0], "rotation": 270, "texture": "#2"},
				"up": {"uv": [0, 2.75, 0.75, 0], "rotation": 270, "texture": "#2"},
				"down": {"uv": [0, 2.75, 0.75, 0], "rotation": 270, "texture": "#2"}
			}
		},
		{
			"from": [17.14876, 11.43895, 6.15911],
			"to": [18.01564, 16.06231, 7.02599],
			"rotation": {"angle": -45, "axis": "z", "origin": [17.43772, 12.01687, 6.73703]},
			"faces": {
				"north": {"uv": [0.75, 0, 0, 4], "texture": "#2"},
				"east": {"uv": [0.75, 0, 0, 4], "texture": "#2"},
				"south": {"uv": [0.75, 0, 0, 4], "texture": "#2"},
				"west": {"uv": [0.75, 0, 0, 4], "texture": "#2"},
				"up": {"uv": [0.75, 0, 0, 0.75], "texture": "#2"},
				"down": {"uv": [0.75, 0, 0, 0.75], "texture": "#2"}
			}
		},
		{
			"from": [11.6594, 10.50935, 6.76223],
			"to": [12.52628, 11.37623, 9.07391],
			"rotation": {"angle": -22.5, "axis": "x", "origin": [11.94836, 11.08727, 7.34015]},
			"faces": {
				"north": {"uv": [0, 0.75, 0.75, 0], "rotation": 270, "texture": "#2"},
				"east": {"uv": [0, 2, 0.75, 0], "rotation": 90, "texture": "#2"},
				"south": {"uv": [0, 0.75, 0.75, 0], "rotation": 270, "texture": "#2"},
				"west": {"uv": [0, 2, 0.75, 0], "rotation": 270, "texture": "#2"},
				"up": {"uv": [0.75, 0, 0, 2], "rotation": 180, "texture": "#2"},
				"down": {"uv": [0.75, 0, 0, 2], "texture": "#2"}
			}
		},
		{
			"from": [11.65846, 11.21464, 8.29744],
			"to": [12.52534, 12.65944, 9.16432],
			"faces": {
				"north": {"uv": [0.75, 0, 0, 1.25], "texture": "#2"},
				"east": {"uv": [0.75, 0, 0, 1.25], "texture": "#2"},
				"south": {"uv": [0.75, 0, 0, 1.25], "texture": "#2"},
				"west": {"uv": [0.75, 0, 0, 1.25], "texture": "#2"},
				"up": {"uv": [0, 0.75, 0.75, 0], "rotation": 270, "texture": "#2"},
				"down": {"uv": [0, 0.75, 0.75, 0], "rotation": 90, "texture": "#2"}
			}
		},
		{
			"from": [15.39313, 13.18945, 6.17008],
			"to": [16.26001, 14.63425, 7.03696],
			"faces": {
				"north": {"uv": [0.75, 0, 0, 1.25], "texture": "#2"},
				"east": {"uv": [0.75, 0, 0, 1.25], "texture": "#2"},
				"south": {"uv": [0.75, 0, 0, 1.25], "texture": "#2"},
				"west": {"uv": [0.75, 0, 0, 1.25], "texture": "#2"},
				"up": {"uv": [0, 0.75, 0.75, 0], "rotation": 270, "texture": "#2"},
				"down": {"uv": [0, 0.75, 0.75, 0], "rotation": 90, "texture": "#2"}
			}
		},
		{
			"from": [19.84229, 14.46102, 6.16909],
			"to": [20.70917, 15.90582, 7.03597],
			"faces": {
				"north": {"uv": [0.75, 0, 0, 1.25], "texture": "#2"},
				"east": {"uv": [0.75, 0, 0, 1.25], "texture": "#2"},
				"south": {"uv": [0.75, 0, 0, 1.25], "texture": "#2"},
				"west": {"uv": [0.75, 0, 0, 1.25], "texture": "#2"},
				"up": {"uv": [0, 0.75, 0.75, 0], "rotation": 270, "texture": "#2"},
				"down": {"uv": [0, 0.75, 0.75, 0], "rotation": 90, "texture": "#2"}
			}
		},
		{
			"from": [16.54478, 12.10714, 4.02976],
			"to": [17.41166, 13.55194, 4.89664],
			"faces": {
				"north": {"uv": [1.5, 0, 0.75, 1.25], "texture": "#2"},
				"east": {"uv": [1.5, 0, 0.75, 1.25], "texture": "#2"},
				"south": {"uv": [1.5, 0, 0.75, 1.25], "texture": "#2"},
				"west": {"uv": [1.5, 0, 0.75, 1.25], "texture": "#2"},
				"up": {"uv": [0.75, 0.75, 1.5, 0], "rotation": 270, "texture": "#2"},
				"down": {"uv": [0.75, 0.75, 1.5, 0], "rotation": 90, "texture": "#2"}
			}
		},
		{
			"from": [16.54572, 11.40185, 4.12018],
			"to": [17.4126, 12.26873, 6.43186],
			"rotation": {"angle": 22.5, "axis": "x", "origin": [16.83468, 11.97977, 5.85394]},
			"faces": {
				"north": {"uv": [0, 1.5, 0.75, 0.75], "rotation": 270, "texture": "#2"},
				"east": {"uv": [0, 4, 0.75, 2], "rotation": 90, "texture": "#2"},
				"south": {"uv": [0, 1.5, 0.75, 0.75], "rotation": 270, "texture": "#2"},
				"west": {"uv": [0, 4, 0.75, 2], "rotation": 270, "texture": "#2"},
				"up": {"uv": [0.75, 2, 0, 4], "rotation": 180, "texture": "#2"},
				"down": {"uv": [0.75, 2, 0, 4], "texture": "#2"}
			}
		},
		{
			"from": [11.77404, 12.37048, 8.41303],
			"to": [12.40976, 13.23736, 9.04874],
			"faces": {
				"north": {"uv": [0.55, 0, 0, 0.75], "texture": "#2"},
				"east": {"uv": [0.55, 0, 0, 0.75], "texture": "#2"},
				"south": {"uv": [0.55, 0, 0, 0.75], "texture": "#2"},
				"west": {"uv": [0.55, 0, 0, 0.75], "texture": "#2"},
				"up": {"uv": [0, 0.55, 0.55, 0], "rotation": 270, "texture": "#2"},
				"down": {"uv": [0, 0.55, 0.55, 0], "rotation": 90, "texture": "#2"}
			}
		},
		{
			"from": [11.88963, 13.23736, 8.52861],
			"to": [12.29417, 13.81528, 8.93316],
			"faces": {
				"north": {"uv": [0.35, 0, 0, 0.5], "texture": "#2"},
				"east": {"uv": [0.35, 0, 0, 0.5], "texture": "#2"},
				"south": {"uv": [0.35, 0, 0, 0.5], "texture": "#2"},
				"west": {"uv": [0.35, 0, 0, 0.5], "texture": "#2"},
				"up": {"uv": [0, 0.35, 0.35, 0], "rotation": 270, "texture": "#2"},
				"down": {"uv": [0, 0.35, 0.35, 0], "rotation": 90, "texture": "#2"}
			}
		},
		{
			"from": [15.62854, 15.43346, 6.39873],
			"to": [16.03309, 16.01138, 6.80327],
			"faces": {
				"north": {"uv": [0.35, 0, 0, 0.5], "texture": "#2"},
				"east": {"uv": [0.35, 0, 0, 0.5], "texture": "#2"},
				"south": {"uv": [0.35, 0, 0, 0.5], "texture": "#2"},
				"west": {"uv": [0.35, 0, 0, 0.5], "texture": "#2"},
				"up": {"uv": [0, 0.35, 0.35, 0], "rotation": 270, "texture": "#2"},
				"down": {"uv": [0, 0.35, 0.35, 0], "rotation": 90, "texture": "#2"}
			}
		},
		{
			"from": [15.51296, 14.56658, 6.28314],
			"to": [16.14867, 15.43346, 6.91885],
			"faces": {
				"north": {"uv": [0.55, 0, 0, 0.75], "texture": "#2"},
				"east": {"uv": [0.55, 0, 0, 0.75], "texture": "#2"},
				"south": {"uv": [0.55, 0, 0, 0.75], "texture": "#2"},
				"west": {"uv": [0.55, 0, 0, 0.75], "texture": "#2"},
				"up": {"uv": [0, 0.55, 0.55, 0], "rotation": 270, "texture": "#2"},
				"down": {"uv": [0, 0.55, 0.55, 0], "rotation": 90, "texture": "#2"}
			}
		},
		{
			"from": [20.07853, 16.5893, 6.39873],
			"to": [20.48307, 17.16722, 6.80327],
			"faces": {
				"north": {"uv": [0.35, 0, 0, 0.5], "texture": "#2"},
				"east": {"uv": [0.35, 0, 0, 0.5], "texture": "#2"},
				"south": {"uv": [0.35, 0, 0, 0.5], "texture": "#2"},
				"west": {"uv": [0.35, 0, 0, 0.5], "texture": "#2"},
				"up": {"uv": [0, 0.35, 0.35, 0], "rotation": 270, "texture": "#2"},
				"down": {"uv": [0, 0.35, 0.35, 0], "rotation": 90, "texture": "#2"}
			}
		},
		{
			"from": [19.96294, 15.72242, 6.28314],
			"to": [20.59866, 16.5893, 6.91885],
			"faces": {
				"north": {"uv": [0.55, 0, 0, 0.75], "texture": "#2"},
				"east": {"uv": [0.55, 0, 0, 0.75], "texture": "#2"},
				"south": {"uv": [0.55, 0, 0, 0.75], "texture": "#2"},
				"west": {"uv": [0.55, 0, 0, 0.75], "texture": "#2"},
				"up": {"uv": [0, 0.55, 0.55, 0], "rotation": 270, "texture": "#2"},
				"down": {"uv": [0, 0.55, 0.55, 0], "rotation": 90, "texture": "#2"}
			}
		},
		{
			"from": [16.7761, 14.42874, 4.25119],
			"to": [17.18064, 15.00666, 4.65573],
			"faces": {
				"north": {"uv": [0.35, 0, 0, 0.5], "texture": "#2"},
				"east": {"uv": [0.35, 0, 0, 0.5], "texture": "#2"},
				"south": {"uv": [0.35, 0, 0, 0.5], "texture": "#2"},
				"west": {"uv": [0.35, 0, 0, 0.5], "texture": "#2"},
				"up": {"uv": [0, 0.35, 0.35, 0], "rotation": 270, "texture": "#2"},
				"down": {"uv": [0, 0.35, 0.35, 0], "rotation": 90, "texture": "#2"}
			}
		},
		{
			"from": [16.66052, 13.56186, 4.1356],
			"to": [17.29623, 14.42874, 4.77132],
			"faces": {
				"north": {"uv": [0.55, 0, 0, 0.75], "texture": "#2"},
				"east": {"uv": [0.55, 0, 0, 0.75], "texture": "#2"},
				"south": {"uv": [0.55, 0, 0, 0.75], "texture": "#2"},
				"west": {"uv": [0.55, 0, 0, 0.75], "texture": "#2"},
				"up": {"uv": [0, 0.55, 0.55, 0], "rotation": 270, "texture": "#2"},
				"down": {"uv": [0, 0.55, 0.55, 0], "rotation": 90, "texture": "#2"}
			}
		},
		{
			"from": [5.68832, 5.83312, 6.156],
			"to": [6.5552, 9.56688, 7.02288],
			"faces": {
				"north": {"uv": [0, 0, 0.75, 1.5], "texture": "#2"},
				"east": {"uv": [0, 0, 0.75, 1.5], "texture": "#2"},
				"south": {"uv": [0, 0, 0.75, 1.5], "texture": "#2"},
				"west": {"uv": [0, 0, 0.75, 1.5], "texture": "#2"},
				"up": {"uv": [0, 0, 0.75, 0.75], "texture": "#2"},
				"down": {"uv": [0, 0, 0.75, 0.75], "texture": "#2"}
			}
		},
		{
			"from": [5.36468, 9.19308, 6.15583],
			"to": [6.23156, 11.50476, 7.02271],
			"rotation": {"angle": 45, "axis": "z", "origin": [5.9426, 9.771, 6.73375]},
			"faces": {
				"north": {"uv": [0, 0, 0.75, 2], "texture": "#2"},
				"east": {"uv": [0, 0, 0.75, 2], "texture": "#2"},
				"south": {"uv": [0, 0, 0.75, 2], "texture": "#2"},
				"west": {"uv": [0, 0, 0.75, 2], "texture": "#2"},
				"up": {"uv": [0, 0, 0.75, 0.75], "texture": "#2"},
				"down": {"uv": [0, 0, 0.75, 0.75], "texture": "#2"}
			}
		},
		{
			"from": [2.6073, 10.3316, 6.16061],
			"to": [4.91898, 11.19848, 7.02749],
			"faces": {
				"north": {"uv": [0, 0, 0.75, 2], "rotation": 90, "texture": "#2"},
				"east": {"uv": [0, 0, 0.75, 0.75], "rotation": 270, "texture": "#2"},
				"south": {"uv": [0, 0, 0.75, 2], "rotation": 270, "texture": "#2"},
				"west": {"uv": [0, 0, 0.75, 0.75], "rotation": 270, "texture": "#2"},
				"up": {"uv": [0, 0, 0.75, 2], "rotation": 270, "texture": "#2"},
				"down": {"uv": [0, 0, 0.75, 2], "rotation": 270, "texture": "#2"}
			}
		},
		{
			"from": [2.0298, 10.57207, 6.15911],
			"to": [2.89668, 14.61751, 7.02599],
			"rotation": {"angle": 45, "axis": "z", "origin": [2.60772, 11.14999, 6.73703]},
			"faces": {
				"north": {"uv": [0, 0, 0.75, 3.5], "texture": "#2"},
				"east": {"uv": [0, 0, 0.75, 3.5], "texture": "#2"},
				"south": {"uv": [0, 0, 0.75, 3.5], "texture": "#2"},
				"west": {"uv": [0, 0, 0.75, 3.5], "texture": "#2"},
				"up": {"uv": [0, 0, 0.75, 0.75], "texture": "#2"},
				"down": {"uv": [0, 0, 0.75, 0.75], "texture": "#2"}
			}
		},
		{
			"from": [-1.43814, 11.19848, 6.16061],
			"to": [1.74042, 12.06536, 7.02749],
			"faces": {
				"north": {"uv": [0, 0, 0.75, 2.75], "rotation": 90, "texture": "#2"},
				"east": {"uv": [0, 0, 0.75, 0.75], "rotation": 270, "texture": "#2"},
				"south": {"uv": [0, 0, 0.75, 2.75], "rotation": 270, "texture": "#2"},
				"west": {"uv": [0, 0, 0.75, 0.75], "rotation": 270, "texture": "#2"},
				"up": {"uv": [0, 0, 0.75, 2.75], "rotation": 270, "texture": "#2"},
				"down": {"uv": [0, 0, 0.75, 2.75], "rotation": 270, "texture": "#2"}
			}
		},
		{
			"from": [-2.01564, 11.43895, 6.15911],
			"to": [-1.14876, 16.06231, 7.02599],
			"rotation": {"angle": 45, "axis": "z", "origin": [-1.43772, 12.01687, 6.73703]},
			"faces": {
				"north": {"uv": [0, 0, 0.75, 4], "texture": "#2"},
				"east": {"uv": [0, 0, 0.75, 4], "texture": "#2"},
				"south": {"uv": [0, 0, 0.75, 4], "texture": "#2"},
				"west": {"uv": [0, 0, 0.75, 4], "texture": "#2"},
				"up": {"uv": [0, 0, 0.75, 0.75], "texture": "#2"},
				"down": {"uv": [0, 0, 0.75, 0.75], "texture": "#2"}
			}
		},
		{
			"from": [3.47372, 10.50935, 6.76223],
			"to": [4.3406, 11.37623, 9.07391],
			"rotation": {"angle": -22.5, "axis": "x", "origin": [4.05164, 11.08727, 7.34015]},
			"faces": {
				"north": {"uv": [0, 0, 0.75, 0.75], "rotation": 270, "texture": "#2"},
				"east": {"uv": [0, 0, 0.75, 2], "rotation": 270, "texture": "#2"},
				"south": {"uv": [0, 0, 0.75, 0.75], "rotation": 270, "texture": "#2"},
				"west": {"uv": [0, 0, 0.75, 2], "rotation": 90, "texture": "#2"},
				"up": {"uv": [0, 0, 0.75, 2], "rotation": 180, "texture": "#2"},
				"down": {"uv": [0, 0, 0.75, 2], "texture": "#2"}
			}
		},
		{
			"from": [3.47466, 11.21464, 8.29744],
			"to": [4.34154, 12.65944, 9.16432],
			"faces": {
				"north": {"uv": [0, 0, 0.75, 1.25], "texture": "#2"},
				"east": {"uv": [0, 0, 0.75, 1.25], "texture": "#2"},
				"south": {"uv": [0, 0, 0.75, 1.25], "texture": "#2"},
				"west": {"uv": [0, 0, 0.75, 1.25], "texture": "#2"},
				"up": {"uv": [0, 0, 0.75, 0.75], "rotation": 270, "texture": "#2"},
				"down": {"uv": [0, 0, 0.75, 0.75], "rotation": 90, "texture": "#2"}
			}
		},
		{
			"from": [-0.26001, 13.18945, 6.17008],
			"to": [0.60687, 14.63425, 7.03696],
			"faces": {
				"north": {"uv": [0, 0, 0.75, 1.25], "texture": "#2"},
				"east": {"uv": [0, 0, 0.75, 1.25], "texture": "#2"},
				"south": {"uv": [0, 0, 0.75, 1.25], "texture": "#2"},
				"west": {"uv": [0, 0, 0.75, 1.25], "texture": "#2"},
				"up": {"uv": [0, 0, 0.75, 0.75], "rotation": 270, "texture": "#2"},
				"down": {"uv": [0, 0, 0.75, 0.75], "rotation": 90, "texture": "#2"}
			}
		},
		{
			"from": [-4.70917, 14.46102, 6.16909],
			"to": [-3.84229, 15.90582, 7.03597],
			"faces": {
				"north": {"uv": [0, 0, 0.75, 1.25], "texture": "#2"},
				"east": {"uv": [0, 0, 0.75, 1.25], "texture": "#2"},
				"south": {"uv": [0, 0, 0.75, 1.25], "texture": "#2"},
				"west": {"uv": [0, 0, 0.75, 1.25], "texture": "#2"},
				"up": {"uv": [0, 0, 0.75, 0.75], "rotation": 270, "texture": "#2"},
				"down": {"uv": [0, 0, 0.75, 0.75], "rotation": 90, "texture": "#2"}
			}
		},
		{
			"from": [-1.41166, 12.10714, 4.02976],
			"to": [-0.54478, 13.55194, 4.89664],
			"faces": {
				"north": {"uv": [0.75, 0, 1.5, 1.25], "texture": "#2"},
				"east": {"uv": [0.75, 0, 1.5, 1.25], "texture": "#2"},
				"south": {"uv": [0.75, 0, 1.5, 1.25], "texture": "#2"},
				"west": {"uv": [0.75, 0, 1.5, 1.25], "texture": "#2"},
				"up": {"uv": [0.75, 0, 1.5, 0.75], "rotation": 270, "texture": "#2"},
				"down": {"uv": [0.75, 0, 1.5, 0.75], "rotation": 90, "texture": "#2"}
			}
		},
		{
			"from": [-1.4126, 11.40185, 4.12018],
			"to": [-0.54572, 12.26873, 6.43186],
			"rotation": {"angle": 22.5, "axis": "x", "origin": [-0.83468, 11.97977, 5.85394]},
			"faces": {
				"north": {"uv": [0, 0.75, 0.75, 1.5], "rotation": 270, "texture": "#2"},
				"east": {"uv": [0, 2, 0.75, 4], "rotation": 270, "texture": "#2"},
				"south": {"uv": [0, 0.75, 0.75, 1.5], "rotation": 270, "texture": "#2"},
				"west": {"uv": [0, 2, 0.75, 4], "rotation": 90, "texture": "#2"},
				"up": {"uv": [0, 2, 0.75, 4], "rotation": 180, "texture": "#2"},
				"down": {"uv": [0, 2, 0.75, 4], "texture": "#2"}
			}
		},
		{
			"from": [3.59024, 12.37048, 8.41303],
			"to": [4.22596, 13.23736, 9.04874],
			"faces": {
				"north": {"uv": [0, 0, 0.55, 0.75], "texture": "#2"},
				"east": {"uv": [0, 0, 0.55, 0.75], "texture": "#2"},
				"south": {"uv": [0, 0, 0.55, 0.75], "texture": "#2"},
				"west": {"uv": [0, 0, 0.55, 0.75], "texture": "#2"},
				"up": {"uv": [0, 0, 0.55, 0.55], "rotation": 270, "texture": "#2"},
				"down": {"uv": [0, 0, 0.55, 0.55], "rotation": 90, "texture": "#2"}
			}
		},
		{
			"from": [3.70583, 13.23736, 8.52861],
			"to": [4.11037, 13.81528, 8.93316],
			"faces": {
				"north": {"uv": [0, 0, 0.35, 0.5], "texture": "#2"},
				"east": {"uv": [0, 0, 0.35, 0.5], "texture": "#2"},
				"south": {"uv": [0, 0, 0.35, 0.5], "texture": "#2"},
				"west": {"uv": [0, 0, 0.35, 0.5], "texture": "#2"},
				"up": {"uv": [0, 0, 0.35, 0.35], "rotation": 270, "texture": "#2"},
				"down": {"uv": [0, 0, 0.35, 0.35], "rotation": 90, "texture": "#2"}
			}
		},
		{
			"from": [-0.03309, 15.43346, 6.39873],
			"to": [0.37146, 16.01138, 6.80327],
			"faces": {
				"north": {"uv": [0, 0, 0.35, 0.5], "texture": "#2"},
				"east": {"uv": [0, 0, 0.35, 0.5], "texture": "#2"},
				"south": {"uv": [0, 0, 0.35, 0.5], "texture": "#2"},
				"west": {"uv": [0, 0, 0.35, 0.5], "texture": "#2"},
				"up": {"uv": [0, 0, 0.35, 0.35], "rotation": 270, "texture": "#2"},
				"down": {"uv": [0, 0, 0.35, 0.35], "rotation": 90, "texture": "#2"}
			}
		},
		{
			"from": [-0.14867, 14.56658, 6.28314],
			"to": [0.48704, 15.43346, 6.91885],
			"faces": {
				"north": {"uv": [0, 0, 0.55, 0.75], "texture": "#2"},
				"east": {"uv": [0, 0, 0.55, 0.75], "texture": "#2"},
				"south": {"uv": [0, 0, 0.55, 0.75], "texture": "#2"},
				"west": {"uv": [0, 0, 0.55, 0.75], "texture": "#2"},
				"up": {"uv": [0, 0, 0.55, 0.55], "rotation": 270, "texture": "#2"},
				"down": {"uv": [0, 0, 0.55, 0.55], "rotation": 90, "texture": "#2"}
			}
		},
		{
			"from": [-4.48307, 16.5893, 6.39873],
			"to": [-4.07853, 17.16722, 6.80327],
			"faces": {
				"north": {"uv": [0, 0, 0.35, 0.5], "texture": "#2"},
				"east": {"uv": [0, 0, 0.35, 0.5], "texture": "#2"},
				"south": {"uv": [0, 0, 0.35, 0.5], "texture": "#2"},
				"west": {"uv": [0, 0, 0.35, 0.5], "texture": "#2"},
				"up": {"uv": [0, 0, 0.35, 0.35], "rotation": 270, "texture": "#2"},
				"down": {"uv": [0, 0, 0.35, 0.35], "rotation": 90, "texture": "#2"}
			}
		},
		{
			"from": [-4.59866, 15.72242, 6.28314],
			"to": [-3.96294, 16.5893, 6.91885],
			"faces": {
				"north": {"uv": [0, 0, 0.55, 0.75], "texture": "#2"},
				"east": {"uv": [0, 0, 0.55, 0.75], "texture": "#2"},
				"south": {"uv": [0, 0, 0.55, 0.75], "texture": "#2"},
				"west": {"uv": [0, 0, 0.55, 0.75], "texture": "#2"},
				"up": {"uv": [0, 0, 0.55, 0.55], "rotation": 270, "texture": "#2"},
				"down": {"uv": [0, 0, 0.55, 0.55], "rotation": 90, "texture": "#2"}
			}
		},
		{
			"from": [-1.18064, 14.42874, 4.25119],
			"to": [-0.7761, 15.00666, 4.65573],
			"faces": {
				"north": {"uv": [0, 0, 0.35, 0.5], "texture": "#2"},
				"east": {"uv": [0, 0, 0.35, 0.5], "texture": "#2"},
				"south": {"uv": [0, 0, 0.35, 0.5], "texture": "#2"},
				"west": {"uv": [0, 0, 0.35, 0.5], "texture": "#2"},
				"up": {"uv": [0, 0, 0.35, 0.35], "rotation": 270, "texture": "#2"},
				"down": {"uv": [0, 0, 0.35, 0.35], "rotation": 90, "texture": "#2"}
			}
		},
		{
			"from": [-1.29623, 13.56186, 4.1356],
			"to": [-0.66052, 14.42874, 4.77132],
			"faces": {
				"north": {"uv": [0, 0, 0.55, 0.75], "texture": "#2"},
				"east": {"uv": [0, 0, 0.55, 0.75], "texture": "#2"},
				"south": {"uv": [0, 0, 0.55, 0.75], "texture": "#2"},
				"west": {"uv": [0, 0, 0.55, 0.75], "texture": "#2"},
				"up": {"uv": [0, 0, 0.55, 0.55], "rotation": 270, "texture": "#2"},
				"down": {"uv": [0, 0, 0.55, 0.55], "rotation": 90, "texture": "#2"}
			}
		},
		{
			"name": "head",
			"from": [5.13, 2.557, 5.54],
			"to": [10.87, 6.452, 9.64],
			"faces": {
				"north": {"uv": [4, 2, 6, 4], "texture": "#7_1"},
				"east": {"uv": [4, 2, 6, 4], "texture": "#7_1"},
				"south": {"uv": [4, 2, 6, 4], "texture": "#7_1"},
				"west": {"uv": [4, 2, 6, 4], "texture": "#7_1"},
				"up": {"uv": [4, 2, 6, 4], "texture": "#7_1"},
				"down": {"uv": [4, 2, 6, 4], "texture": "#7_1"}
			}
		},
		{
			"name": "head",
			"from": [5.95, 2.557, 4.72],
			"to": [10.05, 6.452, 5.54],
			"faces": {
				"north": {"uv": [4, 2, 6, 4], "texture": "#7_1"},
				"east": {"uv": [4, 2, 6, 4], "texture": "#7_1"},
				"south": {"uv": [4, 2, 6, 4], "texture": "#7_1"},
				"west": {"uv": [4, 2, 6, 4], "texture": "#7_1"},
				"up": {"uv": [4, 2, 6, 4], "texture": "#7_1"},
				"down": {"uv": [4, 2, 6, 4], "texture": "#7_1"}
			}
		},
		{
			"name": "head",
			"from": [5.95, 2.557, 9.64],
			"to": [10.05, 6.452, 10.46],
			"faces": {
				"north": {"uv": [4, 2, 6, 4], "texture": "#7_1"},
				"east": {"uv": [4, 2, 6, 4], "texture": "#7_1"},
				"south": {"uv": [4, 2, 6, 4], "texture": "#7_1"},
				"west": {"uv": [4, 2, 6, 4], "texture": "#7_1"},
				"up": {"uv": [4, 2, 6, 4], "texture": "#7_1"},
				"down": {"uv": [4, 2, 6, 4], "texture": "#7_1"}
			}
		},
		{
			"name": "head",
			"from": [5.95, 1.737, 5.54],
			"to": [10.05, 2.557, 9.64],
			"faces": {
				"north": {"uv": [4, 2, 6, 4], "texture": "#7_1"},
				"east": {"uv": [4, 2, 6, 4], "texture": "#7_1"},
				"south": {"uv": [4, 2, 6, 4], "texture": "#7_1"},
				"west": {"uv": [4, 2, 6, 4], "texture": "#7_1"},
				"up": {"uv": [4, 2, 6, 4], "texture": "#7_1"},
				"down": {"uv": [4, 2, 6, 4], "texture": "#7_1"}
			}
		},
		{
			"name": "head",
			"from": [6.77, 0.597, 6.36],
			"to": [9.23, 1.737, 8.82],
			"faces": {
				"north": {"uv": [4, 2, 6, 4], "texture": "#7_1"},
				"east": {"uv": [4, 2, 6, 4], "texture": "#7_1"},
				"south": {"uv": [4, 2, 6, 4], "texture": "#7_1"},
				"west": {"uv": [4, 2, 6, 4], "texture": "#7_1"},
				"up": {"uv": [4, 2, 6, 4], "texture": "#7_1"},
				"down": {"uv": [4, 2, 6, 4], "texture": "#7_1"}
			}
		},
		{
			"name": "head",
			"from": [5.95, 0.437, 5.54],
			"to": [10.05, 0.847, 9.64],
			"faces": {
				"north": {"uv": [4, 2, 6, 4], "texture": "#7_1"},
				"east": {"uv": [4, 2, 6, 4], "texture": "#7_1"},
				"south": {"uv": [4, 2, 6, 4], "texture": "#7_1"},
				"west": {"uv": [4, 2, 6, 4], "texture": "#7_1"},
				"up": {"uv": [4, 2, 6, 4], "texture": "#7_1"},
				"down": {"uv": [4, 2, 6, 4], "texture": "#7_1"}
			}
		},
		{
			"name": "head",
			"from": [5.95, 5.837, 5.54],
			"to": [10.05, 7.272, 9.64],
			"faces": {
				"north": {"uv": [4, 2, 6, 4], "texture": "#7_1"},
				"east": {"uv": [4, 2, 6, 4], "texture": "#7_1"},
				"south": {"uv": [4, 2, 6, 4], "texture": "#7_1"},
				"west": {"uv": [4, 2, 6, 4], "texture": "#7_1"},
				"up": {"uv": [4, 2, 6, 4], "texture": "#7_1"},
				"down": {"uv": [4, 2, 6, 4], "texture": "#7_1"}
			}
		},
		{
			"name": "head",
			"from": [5.54, 0.027, 5.13],
			"to": [10.46, 0.437, 10.05],
			"faces": {
				"north": {"uv": [4, 2, 6, 4], "texture": "#7_1"},
				"east": {"uv": [4, 2, 6, 4], "texture": "#7_1"},
				"south": {"uv": [4, 2, 6, 4], "texture": "#7_1"},
				"west": {"uv": [4, 2, 6, 4], "texture": "#7_1"},
				"up": {"uv": [4, 2, 6, 4], "texture": "#7_1"},
				"down": {"uv": [4, 2, 6, 4], "texture": "#7_1"}
			}
		}
	],
	"display": {
		"thirdperson_righthand": {
			"rotation": [75, 45, 0],
			"translation": [0, 2.5, 0],
			"scale": [0.375, 0.375, 0.375]
		},
		"thirdperson_lefthand": {
			"rotation": [75, 45, 0],
			"translation": [0, 2.5, 0],
			"scale": [0.375, 0.375, 0.375]
		},
		"firstperson_righthand": {
			"rotation": [0, 45, 0],
			"translation": [0, 2.75, 0],
			"scale": [0.4, 0.4, 0.4]
		},
		"firstperson_lefthand": {
			"rotation": [0, 37, 0],
			"translation": [0, 2.75, 0],
			"scale": [0.4, 0.4, 0.4]
		},
		"ground": {
			"translation": [0, 2.75, 0],
			"scale": [0.8, 0.8, 0.8]
		},
		"gui": {
			"rotation": [30, 225, 0],
			"translation": [0.5, 1, 0],
			"scale": [0.8, 0.8, 0.8]
		},
		"head": {
			"translation": [0, 7.5, 1],
			"scale": [2, 1.6, 1.6]
		},
		"fixed": {
			"rotation": [-90, 0, 0],
			"translation": [0, 0, -15],
			"scale": [2, 2, 2]
		}
	},
	"groups": [
		{
			"name": "Headdress",
			"children": [
				{
					"name": "Antler2",
					"children": [0, 1, 2, 3, 4, 5, 6, 7, 8, 9, 10, 11, 12, 13, 14, 15, 16, 17, 18, 19]
				},
				{
					"name": "Antler",
					"children": [20, 21, 22, 23, 24, 25, 26, 27, 28, 29, 30, 31, 32, 33, 34, 35, 36, 37, 38, 39]
				}
			]
		},
		{
			"name": "horns_curled",
			"children": [
				{
					"name": "steve",
					"children": [40, 41, 42, 43, 44, 45, 46, 47]
				}
			]
		}
	]
}