{
	"credit": "Made with Blockbench",
	"textures": {
		"0": "block/MizunoArchive/black_concrete_powder",
		"1": "block/MizunoArchive/stripped_spruce_log",
		"2": "block/MizunoArchive/oak_planks",
		"3": "block/MizunoArchive/birch_planks",
		"4": "block/MizunoArchive/furnace_top",
		"particle": "block/MizunoArchive/black_concrete_powder"
	},
	"elements": [
		{
			"from": [1, 0, 1],
			"to": [3, 1, 3],
			"faces": {
				"north": {"uv": [14, 0, 16, 2], "texture": "#0"},
				"east": {"uv": [14, 0, 16, 2], "texture": "#0"},
				"south": {"uv": [14, 0, 16, 2], "texture": "#0"},
				"west": {"uv": [14, 0, 16, 2], "texture": "#0"},
				"up": {"uv": [14, 0, 16, 2], "texture": "#0"},
				"down": {"uv": [14, 0, 16, 2], "texture": "#0"}
			}
		},
		{
			"from": [1, 0, 13],
			"to": [3, 1, 15],
			"faces": {
				"north": {"uv": [14, 0, 16, 2], "texture": "#0"},
				"east": {"uv": [14, 0, 16, 2], "texture": "#0"},
				"south": {"uv": [14, 0, 16, 2], "texture": "#0"},
				"west": {"uv": [14, 0, 16, 2], "texture": "#0"},
				"up": {"uv": [14, 0, 16, 2], "texture": "#0"},
				"down": {"uv": [14, 0, 16, 2], "texture": "#0"}
			}
		},
		{
			"from": [13, 0, 1],
			"to": [15, 1, 3],
			"faces": {
				"north": {"uv": [14, 0, 16, 2], "texture": "#0"},
				"east": {"uv": [14, 0, 16, 2], "texture": "#0"},
				"south": {"uv": [14, 0, 16, 2], "texture": "#0"},
				"west": {"uv": [14, 0, 16, 2], "texture": "#0"},
				"up": {"uv": [14, 0, 16, 2], "texture": "#0"},
				"down": {"uv": [14, 0, 16, 2], "texture": "#0"}
			}
		},
		{
			"from": [13, 0, 13],
			"to": [15, 1, 15],
			"faces": {
				"north": {"uv": [14, 0, 16, 2], "texture": "#0"},
				"east": {"uv": [14, 0, 16, 2], "texture": "#0"},
				"south": {"uv": [14, 0, 16, 2], "texture": "#0"},
				"west": {"uv": [14, 0, 16, 2], "texture": "#0"},
				"up": {"uv": [14, 0, 16, 2], "texture": "#0"},
				"down": {"uv": [14, 0, 16, 2], "texture": "#0"}
			}
		},
		{
			"from": [1.5, 1, 1.5],
			"to": [2.5, 2, 2.5],
			"faces": {
				"north": {"uv": [4, 3, 6, 5], "texture": "#4"},
				"east": {"uv": [4, 3, 6, 5], "texture": "#4"},
				"south": {"uv": [4, 3, 6, 5], "texture": "#4"},
				"west": {"uv": [4, 3, 6, 5], "texture": "#4"},
				"up": {"uv": [4, 3, 6, 5], "texture": "#4"},
				"down": {"uv": [4, 3, 6, 5], "texture": "#4"}
			}
		},
		{
			"from": [13.5, 1, 1.5],
			"to": [14.5, 2, 2.5],
			"faces": {
				"north": {"uv": [4, 3, 6, 5], "texture": "#4"},
				"east": {"uv": [4, 3, 6, 5], "texture": "#4"},
				"south": {"uv": [4, 3, 6, 5], "texture": "#4"},
				"west": {"uv": [4, 3, 6, 5], "texture": "#4"},
				"up": {"uv": [4, 3, 6, 5], "texture": "#4"},
				"down": {"uv": [4, 3, 6, 5], "texture": "#4"}
			}
		},
		{
			"from": [13.5, 1, 13.5],
			"to": [14.5, 2, 14.5],
			"faces": {
				"north": {"uv": [4, 3, 6, 5], "texture": "#4"},
				"east": {"uv": [4, 3, 6, 5], "texture": "#4"},
				"south": {"uv": [4, 3, 6, 5], "texture": "#4"},
				"west": {"uv": [4, 3, 6, 5], "texture": "#4"},
				"up": {"uv": [4, 3, 6, 5], "texture": "#4"},
				"down": {"uv": [4, 3, 6, 5], "texture": "#4"}
			}
		},
		{
			"from": [1.5, 1, 13.5],
			"to": [2.5, 2, 14.5],
			"faces": {
				"north": {"uv": [4, 3, 6, 5], "texture": "#4"},
				"east": {"uv": [4, 3, 6, 5], "texture": "#4"},
				"south": {"uv": [4, 3, 6, 5], "texture": "#4"},
				"west": {"uv": [4, 3, 6, 5], "texture": "#4"},
				"up": {"uv": [4, 3, 6, 5], "texture": "#4"},
				"down": {"uv": [4, 3, 6, 5], "texture": "#4"}
			}
		},
		{
			"from": [0.9, 19, 1],
			"to": [15.1, 19.8, 15],
			"faces": {
				"north": {"uv": [0, 0, 14, 0.8], "texture": "#3"},
				"east": {"uv": [0, 0, 14, 0.8], "texture": "#3"},
				"south": {"uv": [0, 0, 14, 0.8], "texture": "#3"},
				"west": {"uv": [0, 0, 14, 0.8], "texture": "#3"},
				"up": {"uv": [0, 0, 14, 15.799], "rotation": 90, "texture": "#3"},
				"down": {"uv": [0, 0, 14, 15.798], "rotation": 90, "texture": "#3"}
			}
		},
		{
			"from": [1.3, 11, 1.3],
			"to": [2.1, 20, 2.1],
			"faces": {
				"north": {"uv": [4, 6, 15.798, 7], "rotation": 90, "texture": "#3"},
				"east": {"uv": [4, 6, 15.798, 7], "rotation": 90, "texture": "#3"},
				"south": {"uv": [4, 6, 15.798, 7], "rotation": 90, "texture": "#3"},
				"west": {"uv": [4, 6, 15.798, 7], "rotation": 90, "texture": "#3"},
				"up": {"uv": [4, 6, 15.798, 7], "rotation": 90, "texture": "#3"},
				"down": {"uv": [4, 6, 15.798, 7], "rotation": 90, "texture": "#3"}
			}
		},
		{
			"from": [1.3, 11, 13.9],
			"to": [2.1, 20, 14.7],
			"faces": {
				"north": {"uv": [4, 6, 15.798, 7], "rotation": 90, "texture": "#3"},
				"east": {"uv": [4, 6, 15.798, 7], "rotation": 90, "texture": "#3"},
				"south": {"uv": [4, 6, 15.798, 7], "rotation": 90, "texture": "#3"},
				"west": {"uv": [4, 6, 15.798, 7], "rotation": 90, "texture": "#3"},
				"up": {"uv": [4, 6, 15.798, 7], "rotation": 90, "texture": "#3"},
				"down": {"uv": [4, 6, 15.798, 7], "rotation": 90, "texture": "#3"}
			}
		},
		{
			"from": [13.9, 11, 13.9],
			"to": [14.7, 20, 14.7],
			"faces": {
				"north": {"uv": [4, 6, 15.798, 7], "rotation": 90, "texture": "#3"},
				"east": {"uv": [4, 6, 15.798, 7], "rotation": 90, "texture": "#3"},
				"south": {"uv": [4, 6, 15.798, 7], "rotation": 90, "texture": "#3"},
				"west": {"uv": [4, 6, 15.798, 7], "rotation": 90, "texture": "#3"},
				"up": {"uv": [4, 6, 15.798, 7], "rotation": 90, "texture": "#3"},
				"down": {"uv": [4, 6, 15.798, 7], "rotation": 90, "texture": "#3"}
			}
		},
		{
			"from": [13.9, 11, 1.3],
			"to": [14.7, 20, 2.1],
			"faces": {
				"north": {"uv": [4, 6, 15.798, 7], "rotation": 90, "texture": "#3"},
				"east": {"uv": [4, 6, 15.798, 7], "rotation": 90, "texture": "#3"},
				"south": {"uv": [4, 6, 15.798, 7], "rotation": 90, "texture": "#3"},
				"west": {"uv": [4, 6, 15.798, 7], "rotation": 90, "texture": "#3"},
				"up": {"uv": [4, 6, 15.798, 7], "rotation": 90, "texture": "#3"},
				"down": {"uv": [4, 6, 15.798, 7], "rotation": 90, "texture": "#3"}
			}
		},
		{
			"from": [10, 11, 1.3],
			"to": [10.8, 16.2, 2.1],
			"faces": {
				"north": {"uv": [4, 6, 15.798, 7], "rotation": 90, "texture": "#3"},
				"east": {"uv": [4, 6, 15.798, 7], "rotation": 90, "texture": "#3"},
				"south": {"uv": [4, 6, 15.798, 7], "rotation": 90, "texture": "#3"},
				"west": {"uv": [4, 6, 15.798, 7], "rotation": 90, "texture": "#3"},
				"up": {"uv": [4, 6, 15.798, 7], "rotation": 90, "texture": "#3"},
				"down": {"uv": [4, 6, 15.798, 7], "rotation": 90, "texture": "#3"}
			}
		},
		{
			"from": [5, 11, 1.3],
			"to": [5.8, 16.2, 2.1],
			"faces": {
				"north": {"uv": [4, 6, 15.798, 7], "rotation": 90, "texture": "#3"},
				"east": {"uv": [4, 6, 15.798, 7], "rotation": 90, "texture": "#3"},
				"south": {"uv": [4, 6, 15.798, 7], "rotation": 90, "texture": "#3"},
				"west": {"uv": [4, 6, 15.798, 7], "rotation": 90, "texture": "#3"},
				"up": {"uv": [4, 6, 15.798, 7], "rotation": 90, "texture": "#3"},
				"down": {"uv": [4, 6, 15.798, 7], "rotation": 90, "texture": "#3"}
			}
		},
		{
			"from": [2, 3, 2],
			"to": [14, 10, 14],
			"faces": {
				"north": {"uv": [0, 0, 16, 15], "texture": "#2"},
				"east": {"uv": [0, 0, 16, 15], "texture": "#2"},
				"south": {"uv": [0, 0, 16, 15], "texture": "#2"},
				"west": {"uv": [0, 0, 16, 15], "texture": "#2"},
				"up": {"uv": [0, 0, 16, 15], "texture": "#2"},
				"down": {"uv": [0, 0, 16, 15], "texture": "#2"}
			}
		},
		{
			"from": [1, 10, 1],
			"to": [15, 11, 15],
			"faces": {
				"north": {"uv": [0, 0, 14, 1], "texture": "#1"},
				"east": {"uv": [0, 0, 14, 1], "texture": "#1"},
				"south": {"uv": [0, 0, 14, 1], "texture": "#1"},
				"west": {"uv": [0, 0, 14, 1], "texture": "#1"},
				"up": {"uv": [0, 0, 14, 14], "texture": "#1"},
				"down": {"uv": [0, 0, 14, 14], "texture": "#1"}
			}
		},
		{
			"from": [14, 3, 1],
			"to": [15, 10, 2],
			"faces": {
				"north": {"uv": [0, 0, 1, 7], "texture": "#1"},
				"east": {"uv": [0, 0, 1, 7], "texture": "#1"},
				"south": {"uv": [0, 0, 1, 7], "texture": "#1"},
				"west": {"uv": [0, 0, 1, 7], "texture": "#1"},
				"up": {"uv": [0, 0, 1, 1], "texture": "#1"},
				"down": {"uv": [0, 0, 1, 1], "texture": "#1"}
			}
		},
		{
			"from": [14, 3, 14],
			"to": [15, 10, 15],
			"faces": {
				"north": {"uv": [0, 0, 1, 7], "texture": "#1"},
				"east": {"uv": [0, 0, 1, 7], "texture": "#1"},
				"south": {"uv": [0, 0, 1, 7], "texture": "#1"},
				"west": {"uv": [0, 0, 1, 7], "texture": "#1"},
				"up": {"uv": [0, 0, 1, 1], "texture": "#1"},
				"down": {"uv": [0, 0, 1, 1], "texture": "#1"}
			}
		},
		{
			"from": [1, 3, 14],
			"to": [2, 10, 15],
			"faces": {
				"north": {"uv": [0, 0, 1, 7], "texture": "#1"},
				"east": {"uv": [0, 0, 1, 7], "texture": "#1"},
				"south": {"uv": [0, 0, 1, 7], "texture": "#1"},
				"west": {"uv": [0, 0, 1, 7], "texture": "#1"},
				"up": {"uv": [0, 0, 1, 1], "texture": "#1"},
				"down": {"uv": [0, 0, 1, 1], "texture": "#1"}
			}
		},
		{
			"from": [1, 3, 1],
			"to": [2, 10, 2],
			"faces": {
				"north": {"uv": [0, 0, 1, 7], "texture": "#1"},
				"east": {"uv": [0, 0, 1, 7], "texture": "#1"},
				"south": {"uv": [0, 0, 1, 7], "texture": "#1"},
				"west": {"uv": [0, 0, 1, 7], "texture": "#1"},
				"up": {"uv": [0, 0, 1, 1], "texture": "#1"},
				"down": {"uv": [0, 0, 1, 1], "texture": "#1"}
			}
		},
		{
			"from": [1, 2, 1],
			"to": [15, 3, 15],
			"faces": {
				"north": {"uv": [0, 0, 14, 1], "texture": "#1"},
				"east": {"uv": [0, 0, 14, 1], "texture": "#1"},
				"south": {"uv": [0, 0, 14, 1], "texture": "#1"},
				"west": {"uv": [0, 0, 14, 1], "texture": "#1"},
				"up": {"uv": [0, 0, 14, 14], "texture": "#1"},
				"down": {"uv": [0, 0, 14, 14], "texture": "#1"}
			}
		},
		{
			"from": [2, 17.9, 3],
			"to": [14, 19.7, 3.5],
			"rotation": {"angle": 22.5, "axis": "x", "origin": [8, 21.6, 1.7]},
			"faces": {
				"north": {"uv": [0, 0, 16, 3.798], "rotation": 180, "texture": "#3"},
				"east": {"uv": [0, 0, 16, 3.798], "rotation": 180, "texture": "#3"},
				"south": {"uv": [0, 0, 16, 3.798], "rotation": 180, "texture": "#3"},
				"west": {"uv": [0, 0, 16, 3.798], "rotation": 180, "texture": "#3"},
				"up": {"uv": [0, 0, 16, 3.798], "rotation": 180, "texture": "#3"},
				"down": {"uv": [0, 0, 16, 3.798], "rotation": 180, "texture": "#3"}
			}
		},
		{
			"from": [2, 16.5, 3],
			"to": [14, 18.3, 3.5],
			"rotation": {"angle": 22.5, "axis": "x", "origin": [8, 20.2, 1.7]},
			"faces": {
				"north": {"uv": [0, 4, 16, 7.798], "rotation": 180, "texture": "#3"},
				"east": {"uv": [0, 0, 16, 3.798], "rotation": 180, "texture": "#3"},
				"south": {"uv": [0, 0, 16, 3.798], "rotation": 180, "texture": "#3"},
				"west": {"uv": [0, 0, 16, 3.798], "rotation": 180, "texture": "#3"},
				"up": {"uv": [0, 0, 16, 3.798], "rotation": 180, "texture": "#3"},
				"down": {"uv": [0, 0, 16, 3.798], "rotation": 180, "texture": "#3"}
			}
		},
		{
			"from": [2, 15.1, 3],
			"to": [14, 16.9, 3.5],
			"rotation": {"angle": 22.5, "axis": "x", "origin": [8, 18.8, 1.7]},
			"faces": {
				"north": {"uv": [0, 8, 16, 11.798], "rotation": 180, "texture": "#3"},
				"east": {"uv": [0, 0, 16, 3.798], "rotation": 180, "texture": "#3"},
				"south": {"uv": [0, 0, 16, 3.798], "rotation": 180, "texture": "#3"},
				"west": {"uv": [0, 0, 16, 3.798], "rotation": 180, "texture": "#3"},
				"up": {"uv": [0, 0, 16, 3.798], "rotation": 180, "texture": "#3"},
				"down": {"uv": [0, 0, 16, 3.798], "rotation": 180, "texture": "#3"}
			}
		},
		{
			"from": [2, 13.7, 3],
			"to": [14, 15.5, 3.5],
			"rotation": {"angle": 22.5, "axis": "x", "origin": [8, 17.4, 1.7]},
			"faces": {
				"north": {"uv": [0, 12, 16, 15.798], "rotation": 180, "texture": "#3"},
				"east": {"uv": [0, 0, 16, 3.798], "rotation": 180, "texture": "#3"},
				"south": {"uv": [0, 0, 16, 3.798], "rotation": 180, "texture": "#3"},
				"west": {"uv": [0, 0, 16, 3.798], "rotation": 180, "texture": "#3"},
				"up": {"uv": [0, 0, 16, 3.798], "rotation": 180, "texture": "#3"},
				"down": {"uv": [0, 0, 16, 3.798], "rotation": 180, "texture": "#3"}
			}
		},
		{
			"from": [2, 12.3, 3],
			"to": [14, 14.1, 3.5],
			"rotation": {"angle": 22.5, "axis": "x", "origin": [8, 16, 1.7]},
			"faces": {
				"north": {"uv": [0, 4, 16, 7.798], "rotation": 180, "texture": "#3"},
				"east": {"uv": [0, 0, 16, 3.798], "rotation": 180, "texture": "#3"},
				"south": {"uv": [0, 0, 16, 3.798], "rotation": 180, "texture": "#3"},
				"west": {"uv": [0, 0, 16, 3.798], "rotation": 180, "texture": "#3"},
				"up": {"uv": [0, 0, 16, 3.798], "rotation": 180, "texture": "#3"},
				"down": {"uv": [0, 0, 16, 3.798], "rotation": 180, "texture": "#3"}
			}
		},
		{
			"from": [2, 10.9, 3],
			"to": [14, 12.7, 3.5],
			"rotation": {"angle": 22.5, "axis": "x", "origin": [8, 14.6, 1.7]},
			"faces": {
				"north": {"uv": [0, 8, 16, 11.798], "rotation": 180, "texture": "#3"},
				"east": {"uv": [0, 0, 16, 3.798], "rotation": 180, "texture": "#3"},
				"south": {"uv": [0, 0, 16, 3.798], "rotation": 180, "texture": "#3"},
				"west": {"uv": [0, 0, 16, 3.798], "rotation": 180, "texture": "#3"},
				"up": {"uv": [0, 0, 16, 3.798], "rotation": 180, "texture": "#3"},
				"down": {"uv": [0, 0, 16, 3.798], "rotation": 180, "texture": "#3"}
			}
		},
		{
			"from": [3, 17.9, 2.1],
			"to": [3.5, 19.7, 14.1],
			"rotation": {"angle": -22.5, "axis": "z", "origin": [1.7, 21.6, 8.1]},
			"faces": {
				"north": {"uv": [0, 0, 0.5, 1.8], "rotation": 180, "texture": "#3"},
				"east": {"uv": [0, 0, 12, 1.8], "rotation": 180, "texture": "#3"},
				"south": {"uv": [0, 0, 0.5, 1.8], "rotation": 180, "texture": "#3"},
				"west": {"uv": [0, 4, 16, 7.798], "rotation": 180, "texture": "#3"},
				"up": {"uv": [0, 0, 12, 0.5], "rotation": 270, "texture": "#3"},
				"down": {"uv": [0, 0, 12, 0.5], "rotation": 90, "texture": "#3"}
			}
		},
		{
			"from": [3, 16.5, 2.1],
			"to": [3.5, 18.3, 14.1],
			"rotation": {"angle": -22.5, "axis": "z", "origin": [1.7, 20.2, 8.1]},
			"faces": {
				"north": {"uv": [0, 0, 0.5, 1.8], "rotation": 180, "texture": "#3"},
				"east": {"uv": [0, 0, 12, 1.8], "rotation": 180, "texture": "#3"},
				"south": {"uv": [0, 0, 0.5, 1.8], "rotation": 180, "texture": "#3"},
				"west": {"uv": [0, 8, 16, 11.798], "rotation": 180, "texture": "#3"},
				"up": {"uv": [0, 0, 12, 0.5], "rotation": 270, "texture": "#3"},
				"down": {"uv": [0, 0, 12, 0.5], "rotation": 90, "texture": "#3"}
			}
		},
		{
			"from": [3, 15.1, 2.1],
			"to": [3.5, 16.9, 14.1],
			"rotation": {"angle": -22.5, "axis": "z", "origin": [1.7, 18.8, 8.1]},
			"faces": {
				"north": {"uv": [0, 0, 0.5, 1.8], "rotation": 180, "texture": "#3"},
				"east": {"uv": [0, 0, 12, 1.8], "rotation": 180, "texture": "#3"},
				"south": {"uv": [0, 0, 0.5, 1.8], "rotation": 180, "texture": "#3"},
				"west": {"uv": [0, 4, 16, 7.798], "rotation": 180, "texture": "#3"},
				"up": {"uv": [0, 0, 12, 0.5], "rotation": 270, "texture": "#3"},
				"down": {"uv": [0, 0, 12, 0.5], "rotation": 90, "texture": "#3"}
			}
		},
		{
			"from": [3, 13.7, 2.1],
			"to": [3.5, 15.5, 14.1],
			"rotation": {"angle": -22.5, "axis": "z", "origin": [1.7, 17.4, 8.1]},
			"faces": {
				"north": {"uv": [0, 0, 0.5, 1.8], "rotation": 180, "texture": "#3"},
				"east": {"uv": [0, 0, 12, 1.8], "rotation": 180, "texture": "#3"},
				"south": {"uv": [0, 0, 0.5, 1.8], "rotation": 180, "texture": "#3"},
				"west": {"uv": [0, 0, 16, 3.799], "rotation": 180, "texture": "#3"},
				"up": {"uv": [0, 0, 12, 0.5], "rotation": 270, "texture": "#3"},
				"down": {"uv": [0, 0, 12, 0.5], "rotation": 90, "texture": "#3"}
			}
		},
		{
			"from": [3, 12.3, 2.1],
			"to": [3.5, 14.1, 14.1],
			"rotation": {"angle": -22.5, "axis": "z", "origin": [1.7, 16, 8.1]},
			"faces": {
				"north": {"uv": [0, 0, 0.5, 1.8], "rotation": 180, "texture": "#3"},
				"east": {"uv": [0, 0, 12, 1.8], "rotation": 180, "texture": "#3"},
				"south": {"uv": [0, 0, 0.5, 1.8], "rotation": 180, "texture": "#3"},
				"west": {"uv": [0, 8, 16, 11.798], "rotation": 180, "texture": "#3"},
				"up": {"uv": [0, 0, 12, 0.5], "rotation": 270, "texture": "#3"},
				"down": {"uv": [0, 0, 12, 0.5], "rotation": 90, "texture": "#3"}
			}
		},
		{
			"from": [3, 10.9, 2.1],
			"to": [3.5, 12.7, 14.1],
			"rotation": {"angle": -22.5, "axis": "z", "origin": [1.7, 14.6, 8.1]},
			"faces": {
				"north": {"uv": [0, 0, 0.5, 1.8], "rotation": 180, "texture": "#3"},
				"east": {"uv": [0, 0, 12, 1.8], "rotation": 180, "texture": "#3"},
				"south": {"uv": [0, 0, 0.5, 1.8], "rotation": 180, "texture": "#3"},
				"west": {"uv": [0, 0, 16, 3.799], "rotation": 180, "texture": "#3"},
				"up": {"uv": [0, 0, 12, 0.5], "rotation": 270, "texture": "#3"},
				"down": {"uv": [0, 0, 12, 0.5], "rotation": 90, "texture": "#3"}
			}
		},
		{
			"from": [2, 17.9, 12.6],
			"to": [14, 19.7, 13.1],
			"rotation": {"angle": -22.5, "axis": "x", "origin": [8, 21.6, 14.4]},
			"faces": {
				"north": {"uv": [0, 0, 16, 3.799], "rotation": 180, "texture": "#3"},
				"east": {"uv": [0, 0, 16, 3.799], "rotation": 180, "texture": "#3"},
				"south": {"uv": [0, 8, 16, 11.798], "rotation": 180, "texture": "#3"},
				"west": {"uv": [0, 0, 16, 3.799], "rotation": 180, "texture": "#3"},
				"up": {"uv": [0, 0, 16, 3.799], "rotation": 180, "texture": "#3"},
				"down": {"uv": [0, 0, 16, 3.799], "rotation": 180, "texture": "#3"}
			}
		},
		{
			"from": [2, 16.5, 12.6],
			"to": [14, 18.3, 13.1],
			"rotation": {"angle": -22.5, "axis": "x", "origin": [8, 20.2, 14.4]},
			"faces": {
				"north": {"uv": [0, 0, 16, 3.799], "rotation": 180, "texture": "#3"},
				"east": {"uv": [0, 0, 16, 3.799], "rotation": 180, "texture": "#3"},
				"south": {"uv": [0, 12, 16, 15.798], "rotation": 180, "texture": "#3"},
				"west": {"uv": [0, 0, 16, 3.799], "rotation": 180, "texture": "#3"},
				"up": {"uv": [0, 0, 16, 3.799], "rotation": 180, "texture": "#3"},
				"down": {"uv": [0, 0, 16, 3.799], "rotation": 180, "texture": "#3"}
			}
		},
		{
			"from": [2, 15.1, 12.6],
			"to": [14, 16.9, 13.1],
			"rotation": {"angle": -22.5, "axis": "x", "origin": [8, 18.8, 14.4]},
			"faces": {
				"north": {"uv": [0, 0, 16, 3.799], "rotation": 180, "texture": "#3"},
				"east": {"uv": [0, 0, 16, 3.799], "rotation": 180, "texture": "#3"},
				"south": {"uv": [0, 0, 16, 3.799], "rotation": 180, "texture": "#3"},
				"west": {"uv": [0, 0, 16, 3.799], "rotation": 180, "texture": "#3"},
				"up": {"uv": [0, 0, 16, 3.799], "rotation": 180, "texture": "#3"},
				"down": {"uv": [0, 0, 16, 3.799], "rotation": 180, "texture": "#3"}
			}
		},
		{
			"from": [2, 13.7, 12.6],
			"to": [14, 15.5, 13.1],
			"rotation": {"angle": -22.5, "axis": "x", "origin": [8, 17.4, 14.4]},
			"faces": {
				"north": {"uv": [0, 0, 16, 3.799], "rotation": 180, "texture": "#3"},
				"east": {"uv": [0, 0, 16, 3.799], "rotation": 180, "texture": "#3"},
				"south": {"uv": [0, 8, 16, 11.798], "rotation": 180, "texture": "#3"},
				"west": {"uv": [0, 0, 16, 3.799], "rotation": 180, "texture": "#3"},
				"up": {"uv": [0, 0, 16, 3.799], "rotation": 180, "texture": "#3"},
				"down": {"uv": [0, 0, 16, 3.799], "rotation": 180, "texture": "#3"}
			}
		},
		{
			"from": [2, 12.3, 12.6],
			"to": [14, 14.1, 13.1],
			"rotation": {"angle": -22.5, "axis": "x", "origin": [8, 16, 14.4]},
			"faces": {
				"north": {"uv": [0, 0, 16, 3.799], "rotation": 180, "texture": "#3"},
				"east": {"uv": [0, 0, 16, 3.799], "rotation": 180, "texture": "#3"},
				"south": {"uv": [0, 0, 16, 3.799], "rotation": 180, "texture": "#3"},
				"west": {"uv": [0, 0, 16, 3.799], "rotation": 180, "texture": "#3"},
				"up": {"uv": [0, 0, 16, 3.799], "rotation": 180, "texture": "#3"},
				"down": {"uv": [0, 0, 16, 3.799], "rotation": 180, "texture": "#3"}
			}
		},
		{
			"from": [2, 10.9, 12.6],
			"to": [14, 12.7, 13.1],
			"rotation": {"angle": -22.5, "axis": "x", "origin": [8, 14.6, 14.4]},
			"faces": {
				"north": {"uv": [0, 0, 16, 3.799], "rotation": 180, "texture": "#3"},
				"east": {"uv": [0, 0, 16, 3.799], "rotation": 180, "texture": "#3"},
				"south": {"uv": [0, 12, 16, 15.798], "rotation": 180, "texture": "#3"},
				"west": {"uv": [0, 0, 16, 3.799], "rotation": 180, "texture": "#3"},
				"up": {"uv": [0, 0, 16, 3.799], "rotation": 180, "texture": "#3"},
				"down": {"uv": [0, 0, 16, 3.799], "rotation": 180, "texture": "#3"}
			}
		},
		{
			"from": [12.5, 17.9, 2.1],
			"to": [13, 19.7, 14.1],
			"rotation": {"angle": 22.5, "axis": "z", "origin": [14.3, 21.6, 8.1]},
			"faces": {
				"north": {"uv": [0, 0, 0.5, 1.8], "rotation": 180, "texture": "#3"},
				"east": {"uv": [0, 0, 16, 3.799], "rotation": 180, "texture": "#3"},
				"south": {"uv": [0, 0, 0.5, 1.8], "rotation": 180, "texture": "#3"},
				"west": {"uv": [0, 0, 12, 1.8], "rotation": 180, "texture": "#3"},
				"up": {"uv": [0, 0, 12, 0.5], "rotation": 90, "texture": "#3"},
				"down": {"uv": [0, 0, 12, 0.5], "rotation": 270, "texture": "#3"}
			}
		},
		{
			"from": [12.5, 16.5, 2.1],
			"to": [13, 18.3, 14.1],
			"rotation": {"angle": 22.5, "axis": "z", "origin": [14.3, 20.2, 8.1]},
			"faces": {
				"north": {"uv": [0, 0, 0.5, 1.8], "rotation": 180, "texture": "#3"},
				"east": {"uv": [0, 12, 16, 15.798], "rotation": 180, "texture": "#3"},
				"south": {"uv": [0, 0, 0.5, 1.8], "rotation": 180, "texture": "#3"},
				"west": {"uv": [0, 0, 12, 1.8], "rotation": 180, "texture": "#3"},
				"up": {"uv": [0, 0, 12, 0.5], "rotation": 90, "texture": "#3"},
				"down": {"uv": [0, 0, 12, 0.5], "rotation": 270, "texture": "#3"}
			}
		},
		{
			"from": [12.5, 15.1, 2.1],
			"to": [13, 16.9, 14.1],
			"rotation": {"angle": 22.5, "axis": "z", "origin": [14.3, 18.8, 8.1]},
			"faces": {
				"north": {"uv": [0, 0, 0.5, 1.8], "rotation": 180, "texture": "#3"},
				"east": {"uv": [0, 8, 16, 11.798], "rotation": 180, "texture": "#3"},
				"south": {"uv": [0, 0, 0.5, 1.8], "rotation": 180, "texture": "#3"},
				"west": {"uv": [0, 0, 12, 1.8], "rotation": 180, "texture": "#3"},
				"up": {"uv": [0, 0, 12, 0.5], "rotation": 90, "texture": "#3"},
				"down": {"uv": [0, 0, 12, 0.5], "rotation": 270, "texture": "#3"}
			}
		},
		{
			"from": [12.5, 13.7, 2.1],
			"to": [13, 15.5, 14.1],
			"rotation": {"angle": 22.5, "axis": "z", "origin": [14.3, 17.4, 8.1]},
			"faces": {
				"north": {"uv": [0, 0, 0.5, 1.8], "rotation": 180, "texture": "#3"},
				"east": {"uv": [0, 0, 16, 3.799], "rotation": 180, "texture": "#3"},
				"south": {"uv": [0, 0, 0.5, 1.8], "rotation": 180, "texture": "#3"},
				"west": {"uv": [0, 0, 12, 1.8], "rotation": 180, "texture": "#3"},
				"up": {"uv": [0, 0, 12, 0.5], "rotation": 90, "texture": "#3"},
				"down": {"uv": [0, 0, 12, 0.5], "rotation": 270, "texture": "#3"}
			}
		},
		{
			"from": [12.5, 12.3, 2.1],
			"to": [13, 14.1, 14.1],
			"rotation": {"angle": 22.5, "axis": "z", "origin": [14.3, 16, 8.1]},
			"faces": {
				"north": {"uv": [0, 0, 0.5, 1.8], "rotation": 180, "texture": "#3"},
				"east": {"uv": [0, 8, 16, 11.798], "rotation": 180, "texture": "#3"},
				"south": {"uv": [0, 0, 0.5, 1.8], "rotation": 180, "texture": "#3"},
				"west": {"uv": [0, 0, 12, 1.8], "rotation": 180, "texture": "#3"},
				"up": {"uv": [0, 0, 12, 0.5], "rotation": 90, "texture": "#3"},
				"down": {"uv": [0, 0, 12, 0.5], "rotation": 270, "texture": "#3"}
			}
		},
		{
			"from": [12.5, 10.9, 2.1],
			"to": [13, 12.7, 14.1],
			"rotation": {"angle": 22.5, "axis": "z", "origin": [14.3, 14.6, 8.1]},
			"faces": {
				"north": {"uv": [0, 0, 0.5, 1.8], "rotation": 180, "texture": "#3"},
				"east": {"uv": [0, 12, 16, 15.798], "rotation": 180, "texture": "#3"},
				"south": {"uv": [0, 0, 0.5, 1.8], "rotation": 180, "texture": "#3"},
				"west": {"uv": [0, 0, 12, 1.8], "rotation": 180, "texture": "#3"},
				"up": {"uv": [0, 0, 12, 0.5], "rotation": 90, "texture": "#3"},
				"down": {"uv": [0, 0, 12, 0.5], "rotation": 270, "texture": "#3"}
			}
		},
		{
			"from": [6.2, 5.2, 1.9],
			"to": [9.6, 7.7, 2.1],
			"faces": {
				"north": {"uv": [0, 0, 3.4, 2.5], "texture": "#0"},
				"east": {"uv": [0, 0, 3.4, 2.5], "texture": "#0"},
				"south": {"uv": [0, 0, 3.4, 2.5], "texture": "#0"},
				"west": {"uv": [0, 0, 3.4, 2.5], "texture": "#0"},
				"up": {"uv": [0, 0, 3.4, 2.5], "texture": "#0"},
				"down": {"uv": [0, 0, 3.4, 2.5], "texture": "#0"}
			}
		},
		{
			"from": [5, 4.4, 1],
			"to": [10.8, 5.2, 2.1],
			"faces": {
				"north": {"uv": [0, 0, 5.8, 0.8], "texture": "#1"},
				"east": {"uv": [0, 0, 1.1, 0.8], "texture": "#1"},
				"south": {"uv": [0, 0, 5.8, 0.8], "texture": "#1"},
				"west": {"uv": [0, 0, 1.1, 0.8], "texture": "#1"},
				"up": {"uv": [0, 0, 5.8, 1.1], "texture": "#1"},
				"down": {"uv": [0, 0, 5.8, 1.1], "texture": "#1"}
			}
		},
		{
			"from": [1.5392, 8.42898, 1],
			"to": [5.0392, 9.22898, 2.1],
			"rotation": {"angle": 22.5, "axis": "z", "origin": [8.3392, 16.02898, 8.3]},
			"faces": {
				"north": {"uv": [0, 0, 3.5, 0.8], "texture": "#1"},
				"east": {"uv": [0, 0, 1.1, 0.8], "texture": "#1"},
				"south": {"uv": [0, 0, 3.5, 0.8], "texture": "#1"},
				"west": {"uv": [0, 0, 1.1, 0.8], "texture": "#1"},
				"up": {"uv": [0, 0, 3.5, 1.1], "texture": "#1"},
				"down": {"uv": [0, 0, 3.5, 1.1], "texture": "#1"}
			}
		},
		{
			"from": [10.8, 8.1, 1],
			"to": [14.3, 8.9, 2.1],
			"rotation": {"angle": -22.5, "axis": "z", "origin": [8.3, 16, 8.3]},
			"faces": {
				"north": {"uv": [0, 0, 3.5, 0.8], "texture": "#1"},
				"east": {"uv": [0, 0, 1.1, 0.8], "texture": "#1"},
				"south": {"uv": [0, 0, 3.5, 0.8], "texture": "#1"},
				"west": {"uv": [0, 0, 1.1, 0.8], "texture": "#1"},
				"up": {"uv": [0, 0, 3.5, 1.1], "texture": "#1"},
				"down": {"uv": [0, 0, 3.5, 1.1], "texture": "#1"}
			}
		},
		{
			"from": [9.5, 5.2, 1.3],
			"to": [10.3, 7.2, 2.1],
			"faces": {
				"north": {"uv": [0, 0, 0.8, 2], "texture": "#1"},
				"east": {"uv": [0, 0, 0.8, 2], "texture": "#1"},
				"south": {"uv": [0, 0, 0.8, 2], "texture": "#1"},
				"west": {"uv": [0, 0, 0.8, 2], "texture": "#1"},
				"up": {"uv": [0, 0, 0.8, 0.8], "texture": "#1"},
				"down": {"uv": [0, 0, 0.8, 0.8], "texture": "#1"}
			}
		},
		{
			"from": [5.5, 5.2, 1.3],
			"to": [6.3, 7.2, 2.1],
			"faces": {
				"north": {"uv": [0, 0, 0.8, 2], "texture": "#1"},
				"east": {"uv": [0, 0, 0.8, 2], "texture": "#1"},
				"south": {"uv": [0, 0, 0.8, 2], "texture": "#1"},
				"west": {"uv": [0, 0, 0.8, 2], "texture": "#1"},
				"up": {"uv": [0, 0, 0.8, 0.8], "texture": "#1"},
				"down": {"uv": [0, 0, 0.8, 0.8], "texture": "#1"}
			}
		},
		{
			"from": [0.5, 17.9, 3],
			"to": [15.5, 28.9, 3.5],
			"rotation": {"angle": 45, "axis": "x", "origin": [8, 21.9, 3.3]},
			"faces": {
				"north": {"uv": [0, 0, 15, 11], "rotation": 180, "texture": "#0"},
				"east": {"uv": [0, 0, 11, 0.5], "rotation": 90, "texture": "#0"},
				"south": {"uv": [0, 0, 15, 11], "texture": "#0"},
				"west": {"uv": [0, 0, 11, 0.5], "rotation": 270, "texture": "#0"},
				"up": {"uv": [0, 0, 15, 0.5], "texture": "#0"},
				"down": {"uv": [0, 0, 15, 0.5], "rotation": 180, "texture": "#0"}
			}
		},
		{
			"from": [0.5, 21.7, 6.27523],
			"to": [15.5, 22.2, 16.77523],
			"rotation": {"angle": 45, "axis": "x", "origin": [8, 21.9, 12.77523]},
			"faces": {
				"north": {"uv": [0, 0, 15, 0.5], "texture": "#0"},
				"east": {"uv": [0, 0, 10.5, 0.5], "texture": "#0"},
				"south": {"uv": [0, 0, 15, 0.5], "texture": "#0"},
				"west": {"uv": [0, 0, 10.5, 0.5], "texture": "#0"},
				"up": {"uv": [0, 0, 15, 10.5], "texture": "#0"},
				"down": {"uv": [0, 0, 15, 10.5], "texture": "#0"}
			}
		},
		{
			"from": [1, 21, 6.27523],
			"to": [15, 21.5, 15.27523],
			"rotation": {"angle": 45, "axis": "x", "origin": [8, 21.2, 12.77523]},
			"faces": {
				"north": {"uv": [3, 2, 4, 14], "rotation": 90, "texture": "#4"},
				"east": {"uv": [3, 2, 4, 14], "rotation": 90, "texture": "#4"},
				"south": {"uv": [3, 2, 4, 14], "rotation": 90, "texture": "#4"},
				"west": {"uv": [3, 2, 4, 14], "rotation": 90, "texture": "#4"},
				"up": {"uv": [3, 2, 4, 14], "rotation": 90, "texture": "#4"},
				"down": {"uv": [3, 2, 4, 14], "rotation": 90, "texture": "#4"}
			}
		},
		{
			"from": [1, 18.7, 3],
			"to": [15, 28.2, 3.5],
			"rotation": {"angle": 45, "axis": "x", "origin": [8, 21.2, 3.3]},
			"faces": {
				"north": {"uv": [3, 2, 4, 14], "texture": "#4"},
				"east": {"uv": [3, 2, 4, 14], "texture": "#4"},
				"south": {"uv": [3, 2, 4, 14], "texture": "#4"},
				"west": {"uv": [3, 2, 4, 14], "texture": "#4"},
				"up": {"uv": [3, 2, 4, 14], "texture": "#4"},
				"down": {"uv": [3, 2, 4, 14], "texture": "#4"}
			}
		},
		{
			"from": [1.5, 24.8, 7],
			"to": [14.5, 25.8, 9],
			"faces": {
				"north": {"uv": [0, 5, 2, 8], "texture": "#3"},
				"east": {"uv": [0, 5, 2, 8], "texture": "#3"},
				"south": {"uv": [0, 5, 2, 8], "texture": "#3"},
				"west": {"uv": [0, 5, 2, 8], "texture": "#3"},
				"up": {"uv": [0, 5, 2, 8], "texture": "#3"},
				"down": {"uv": [0, 5, 2, 8], "texture": "#3"}
			}
		},
		{
			"from": [1.5, 23.8, 6],
			"to": [14.5, 24.8, 10],
			"faces": {
				"north": {"uv": [3, 5, 7, 8], "texture": "#3"},
				"east": {"uv": [3, 5, 7, 8], "texture": "#3"},
				"south": {"uv": [3, 5, 7, 8], "texture": "#3"},
				"west": {"uv": [3, 5, 7, 8], "texture": "#3"},
				"up": {"uv": [3, 5, 7, 8], "texture": "#3"},
				"down": {"uv": [3, 5, 7, 8], "texture": "#3"}
			}
		},
		{
			"from": [1.5, 22.8, 5],
			"to": [14.5, 23.8, 11],
			"faces": {
				"north": {"uv": [0, 13, 6, 16], "texture": "#3"},
				"east": {"uv": [0, 13, 6, 16], "texture": "#3"},
				"south": {"uv": [0, 13, 6, 16], "texture": "#3"},
				"west": {"uv": [0, 13, 6, 16], "texture": "#3"},
				"up": {"uv": [0, 13, 6, 16], "texture": "#3"},
				"down": {"uv": [0, 13, 6, 16], "texture": "#3"}
			}
		},
		{
			"from": [1.5, 21.8, 4],
			"to": [14.5, 22.8, 12],
			"faces": {
				"north": {"uv": [0, 5, 8, 8], "texture": "#3"},
				"east": {"uv": [0, 5, 8, 8], "texture": "#3"},
				"south": {"uv": [0, 5, 8, 8], "texture": "#3"},
				"west": {"uv": [0, 5, 8, 8], "texture": "#3"},
				"up": {"uv": [0, 5, 8, 8], "texture": "#3"},
				"down": {"uv": [0, 5, 8, 8], "texture": "#3"}
			}
		},
		{
			"from": [1.5, 20.8, 3],
			"to": [14.5, 21.8, 13],
			"faces": {
				"north": {"uv": [0, 9, 10, 12], "texture": "#3"},
				"east": {"uv": [0, 9, 10, 12], "texture": "#3"},
				"south": {"uv": [0, 9, 10, 12], "texture": "#3"},
				"west": {"uv": [0, 9, 10, 12], "texture": "#3"},
				"up": {"uv": [0, 9, 10, 12], "texture": "#3"},
				"down": {"uv": [0, 9, 10, 12], "texture": "#3"}
			}
		},
		{
			"from": [1.5, 19.8, 2],
			"to": [14.5, 20.8, 14],
			"faces": {
				"north": {"uv": [0, 5, 12, 8], "texture": "#3"},
				"east": {"uv": [0, 5, 12, 8], "texture": "#3"},
				"south": {"uv": [0, 5, 12, 8], "texture": "#3"},
				"west": {"uv": [0, 5, 12, 8], "texture": "#3"},
				"up": {"uv": [0, 5, 12, 8], "texture": "#3"},
				"down": {"uv": [0, 5, 12, 8], "texture": "#3"}
			}
		},
		{
			"from": [2, 18.6, 2.5],
			"to": [14, 19.4, 3],
			"rotation": {"angle": 45, "axis": "x", "origin": [8, 21.9, 3.3]},
			"faces": {
				"north": {"uv": [0, 0, 14, 0.8], "rotation": 180, "texture": "#3"},
				"east": {"uv": [0, 0, 14, 0.8], "rotation": 180, "texture": "#3"},
				"south": {"uv": [0, 0, 14, 0.8], "rotation": 180, "texture": "#3"},
				"west": {"uv": [0, 0, 14, 0.8], "rotation": 180, "texture": "#3"},
				"up": {"uv": [0, 0, 14, 0.8], "rotation": 180, "texture": "#3"},
				"down": {"uv": [0, 0, 14, 0.8], "rotation": 180, "texture": "#3"}
			}
		},
		{
			"from": [2.4, 27.6, 2.5],
			"to": [4.1, 28.1, 3],
			"rotation": {"angle": 45, "axis": "x", "origin": [8, 21.9, 3.3]},
			"faces": {
				"north": {"uv": [2, 3, 4, 4], "rotation": 180, "texture": "#4"},
				"east": {"uv": [2, 3, 4, 4], "rotation": 180, "texture": "#4"},
				"south": {"uv": [2, 3, 4, 4], "rotation": 180, "texture": "#4"},
				"west": {"uv": [2, 3, 4, 4], "rotation": 180, "texture": "#4"},
				"up": {"uv": [2, 3, 4, 4], "rotation": 180, "texture": "#4"},
				"down": {"uv": [2, 3, 4, 4], "rotation": 180, "texture": "#4"}
			}
		},
		{
			"from": [11.9, 27.6, 2.5],
			"to": [13.6, 28.1, 3],
			"rotation": {"angle": 45, "axis": "x", "origin": [8, 21.9, 3.3]},
			"faces": {
				"north": {"uv": [2, 3, 4, 4], "rotation": 180, "texture": "#4"},
				"east": {"uv": [2, 3, 4, 4], "rotation": 180, "texture": "#4"},
				"south": {"uv": [2, 3, 4, 4], "rotation": 180, "texture": "#4"},
				"west": {"uv": [2, 3, 4, 4], "rotation": 180, "texture": "#4"},
				"up": {"uv": [2, 3, 4, 4], "rotation": 180, "texture": "#4"},
				"down": {"uv": [2, 3, 4, 4], "rotation": 180, "texture": "#4"}
			}
		},
		{
			"from": [2.9, 19.4, 2.8],
			"to": [3.7, 27.6, 3],
			"rotation": {"angle": 45, "axis": "x", "origin": [8, 21.9, 3.3]},
			"faces": {
				"north": {"uv": [2, 3, 3, 11], "rotation": 180, "texture": "#4"},
				"east": {"uv": [2, 3, 3, 11], "rotation": 180, "texture": "#4"},
				"south": {"uv": [2, 3, 3, 11], "rotation": 180, "texture": "#4"},
				"west": {"uv": [2, 3, 3, 11], "rotation": 180, "texture": "#4"},
				"up": {"uv": [2, 3, 3, 11], "rotation": 180, "texture": "#4"},
				"down": {"uv": [2, 3, 3, 11], "rotation": 180, "texture": "#4"}
			}
		},
		{
			"from": [12.4, 19.4, 2.8],
			"to": [13.2, 27.6, 3],
			"rotation": {"angle": 45, "axis": "x", "origin": [8, 21.9, 3.3]},
			"faces": {
				"north": {"uv": [4, 3, 5, 11], "rotation": 180, "texture": "#4"},
				"east": {"uv": [4, 3, 5, 11], "rotation": 180, "texture": "#4"},
				"south": {"uv": [4, 3, 5, 11], "rotation": 180, "texture": "#4"},
				"west": {"uv": [4, 3, 5, 11], "rotation": 180, "texture": "#4"},
				"up": {"uv": [4, 3, 5, 11], "rotation": 180, "texture": "#4"},
				"down": {"uv": [4, 3, 5, 11], "rotation": 180, "texture": "#4"}
			}
		},
		{
			"from": [3.1, 20.3, 2.7],
			"to": [3.5, 20.7, 3],
			"rotation": {"angle": 45, "axis": "x", "origin": [8, 21.9, 3.3]},
			"faces": {
				"north": {"uv": [0, 2, 1.2, 3.2], "rotation": 180, "texture": "#0"},
				"east": {"uv": [0, 2, 1.2, 3.2], "rotation": 180, "texture": "#0"},
				"south": {"uv": [0, 2, 1.2, 3.2], "rotation": 180, "texture": "#0"},
				"west": {"uv": [0, 2, 1.2, 3.2], "rotation": 180, "texture": "#0"},
				"up": {"uv": [0, 2, 1.2, 3.2], "rotation": 180, "texture": "#0"},
				"down": {"uv": [0, 2, 1.2, 3.2], "rotation": 180, "texture": "#0"}
			}
		},
		{
			"from": [12.6, 20.3, 2.7],
			"to": [13, 20.7, 3],
			"rotation": {"angle": 45, "axis": "x", "origin": [8, 21.9, 3.3]},
			"faces": {
				"north": {"uv": [0, 2, 1.2, 3.2], "rotation": 180, "texture": "#0"},
				"east": {"uv": [0, 2, 1.2, 3.2], "rotation": 180, "texture": "#0"},
				"south": {"uv": [0, 2, 1.2, 3.2], "rotation": 180, "texture": "#0"},
				"west": {"uv": [0, 2, 1.2, 3.2], "rotation": 180, "texture": "#0"},
				"up": {"uv": [0, 2, 1.2, 3.2], "rotation": 180, "texture": "#0"},
				"down": {"uv": [0, 2, 1.2, 3.2], "rotation": 180, "texture": "#0"}
			}
		},
		{
			"from": [3.1, 22.3, 2.7],
			"to": [3.5, 22.7, 3],
			"rotation": {"angle": 45, "axis": "x", "origin": [8, 21.9, 3.3]},
			"faces": {
				"north": {"uv": [0, 2, 1.2, 3.2], "rotation": 180, "texture": "#0"},
				"east": {"uv": [0, 2, 1.2, 3.2], "rotation": 180, "texture": "#0"},
				"south": {"uv": [0, 2, 1.2, 3.2], "rotation": 180, "texture": "#0"},
				"west": {"uv": [0, 2, 1.2, 3.2], "rotation": 180, "texture": "#0"},
				"up": {"uv": [0, 2, 1.2, 3.2], "rotation": 180, "texture": "#0"},
				"down": {"uv": [0, 2, 1.2, 3.2], "rotation": 180, "texture": "#0"}
			}
		},
		{
			"from": [12.6, 22.3, 2.7],
			"to": [13, 22.7, 3],
			"rotation": {"angle": 45, "axis": "x", "origin": [8, 21.9, 3.3]},
			"faces": {
				"north": {"uv": [0, 2, 1.2, 3.2], "rotation": 180, "texture": "#0"},
				"east": {"uv": [0, 2, 1.2, 3.2], "rotation": 180, "texture": "#0"},
				"south": {"uv": [0, 2, 1.2, 3.2], "rotation": 180, "texture": "#0"},
				"west": {"uv": [0, 2, 1.2, 3.2], "rotation": 180, "texture": "#0"},
				"up": {"uv": [0, 2, 1.2, 3.2], "rotation": 180, "texture": "#0"},
				"down": {"uv": [0, 2, 1.2, 3.2], "rotation": 180, "texture": "#0"}
			}
		},
		{
			"from": [3.1, 24.3, 2.7],
			"to": [3.5, 24.7, 3],
			"rotation": {"angle": 45, "axis": "x", "origin": [8, 21.9, 3.3]},
			"faces": {
				"north": {"uv": [0, 2, 1.2, 3.2], "rotation": 180, "texture": "#0"},
				"east": {"uv": [0, 2, 1.2, 3.2], "rotation": 180, "texture": "#0"},
				"south": {"uv": [0, 2, 1.2, 3.2], "rotation": 180, "texture": "#0"},
				"west": {"uv": [0, 2, 1.2, 3.2], "rotation": 180, "texture": "#0"},
				"up": {"uv": [0, 2, 1.2, 3.2], "rotation": 180, "texture": "#0"},
				"down": {"uv": [0, 2, 1.2, 3.2], "rotation": 180, "texture": "#0"}
			}
		},
		{
			"from": [12.6, 24.3, 2.7],
			"to": [13, 24.7, 3],
			"rotation": {"angle": 45, "axis": "x", "origin": [8, 21.9, 3.3]},
			"faces": {
				"north": {"uv": [0, 2, 1.2, 3.2], "rotation": 180, "texture": "#0"},
				"east": {"uv": [0, 2, 1.2, 3.2], "rotation": 180, "texture": "#0"},
				"south": {"uv": [0, 2, 1.2, 3.2], "rotation": 180, "texture": "#0"},
				"west": {"uv": [0, 2, 1.2, 3.2], "rotation": 180, "texture": "#0"},
				"up": {"uv": [0, 2, 1.2, 3.2], "rotation": 180, "texture": "#0"},
				"down": {"uv": [0, 2, 1.2, 3.2], "rotation": 180, "texture": "#0"}
			}
		},
		{
			"from": [3.1, 26.3, 2.7],
			"to": [3.5, 26.7, 3],
			"rotation": {"angle": 45, "axis": "x", "origin": [8, 21.9, 3.3]},
			"faces": {
				"north": {"uv": [0, 2, 1.2, 3.2], "rotation": 180, "texture": "#0"},
				"east": {"uv": [0, 2, 1.2, 3.2], "rotation": 180, "texture": "#0"},
				"south": {"uv": [0, 2, 1.2, 3.2], "rotation": 180, "texture": "#0"},
				"west": {"uv": [0, 2, 1.2, 3.2], "rotation": 180, "texture": "#0"},
				"up": {"uv": [0, 2, 1.2, 3.2], "rotation": 180, "texture": "#0"},
				"down": {"uv": [0, 2, 1.2, 3.2], "rotation": 180, "texture": "#0"}
			}
		},
		{
			"from": [12.6, 26.3, 2.7],
			"to": [13, 26.7, 3],
			"rotation": {"angle": 45, "axis": "x", "origin": [8, 21.9, 3.3]},
			"faces": {
				"north": {"uv": [0, 2, 1.2, 3.2], "rotation": 180, "texture": "#0"},
				"east": {"uv": [0, 2, 1.2, 3.2], "rotation": 180, "texture": "#0"},
				"south": {"uv": [0, 2, 1.2, 3.2], "rotation": 180, "texture": "#0"},
				"west": {"uv": [0, 2, 1.2, 3.2], "rotation": 180, "texture": "#0"},
				"up": {"uv": [0, 2, 1.2, 3.2], "rotation": 180, "texture": "#0"},
				"down": {"uv": [0, 2, 1.2, 3.2], "rotation": 180, "texture": "#0"}
			}
		}
	],
	"display": {
		"thirdperson_righthand": {
			"rotation": [75, 45, 0],
			"translation": [0, 2.5, 0],
			"scale": [0.375, 0.375, 0.375]
		},
		"thirdperson_lefthand": {
			"rotation": [75, 45, 0],
			"translation": [0, 2.5, 0],
			"scale": [0.375, 0.375, 0.375]
		},
		"firstperson_righthand": {
			"rotation": [0, 45, 0],
			"scale": [0.3, 0.3, 0.3]
		},
		"firstperson_lefthand": {
			"rotation": [0, 225, 0],
			"scale": [0.3, 0.3, 0.3]
		},
		"ground": {
			"translation": [0, 3, 0]
		},
		"gui": {
			"rotation": [30, 225, 0],
			"translation": [0, -1.75, 0],
			"scale": [0.5, 0.5, 0.5]
		},
		"head": {
			"translation": [0, 12.75, 0]
		},
		"fixed": {
			"rotation": [-90, -180, 0],
			"translation": [0, 0, -15],
			"scale": [2, 2, 2]
		}
	},
	"groups": [
		{
			"name": "feet",
			"children": [0, 1, 2, 3, 4, 5, 6, 7]
		},
		{
			"name": "Top Frame",
			"children": [8, 9, 10, 11, 12, 13, 14]
		},
		{
			"name": "bottom frame",
			"children": [15, 16, 17, 18, 19, 20, 21]
		},
		{
			"name": "Side",
			"children": [22, 23, 24, 25, 26, 27]
		},
		{
			"name": "Side3",
			"children": [28, 29, 30, 31, 32, 33]
		},
		{
			"name": "Side4",
			"children": [34, 35, 36, 37, 38, 39]
		},
		{
			"name": "Side2",
			"children": [40, 41, 42, 43, 44, 45]
		},
		{
			"name": "entrance",
			"children": [46, 47, 48, 49, 50, 51]
		},
		{
			"name": "roof",
			"children": [52, 53, 54, 55, 56, 57, 58, 59, 60, 61, 62, 63, 64, 65, 66, 67, 68, 69, 70, 71, 72, 73, 74]
		}
	]
}