{
	"credit": "Made with Blockbench",
	"textures": {
		"0": "block/MizunoArchive/iron_ingot_0",
		"particle": "block/MizunoArchive/iron_ingot_0"
	},
	"elements": [
		{
			"name": "octagon",
			"from": [5.91236, 0.005, 2.96],
			"to": [10.08764, 0.505, 13.04],
			"rotation": {"angle": 22.5, "axis": "y", "origin": [8, 8, 8]},
			"faces": {
				"north": {"uv": [1, 1, 8, 5], "rotation": 90, "texture": "#0"},
				"east": {"uv": [1, 1, 8, 5], "rotation": 90, "texture": "#0"},
				"south": {"uv": [1, 1, 8, 5], "rotation": 90, "texture": "#0"},
				"west": {"uv": [1, 1, 8, 5], "rotation": 90, "texture": "#0"},
				"up": {"uv": [8, 1, 10, 5], "rotation": 90, "texture": "#0"},
				"down": {"uv": [1, 1, 3, 5], "rotation": 90, "texture": "#0"}
			}
		},
		{
			"name": "octagon",
			"from": [5.91236, 0.001, 2.96],
			"to": [10.08764, 0.501, 13.04],
			"rotation": {"angle": -22.5, "axis": "y", "origin": [8, 8, 8]},
			"faces": {
				"north": {"uv": [1, 1, 8, 5], "rotation": 90, "texture": "#0"},
				"east": {"uv": [1, 1, 8, 5], "rotation": 90, "texture": "#0"},
				"south": {"uv": [1, 1, 8, 5], "rotation": 90, "texture": "#0"},
				"west": {"uv": [1, 1, 8, 5], "rotation": 90, "texture": "#0"},
				"up": {"uv": [8, 1, 10, 5], "rotation": 90, "texture": "#0"},
				"down": {"uv": [1, 1, 3, 5], "rotation": 90, "texture": "#0"}
			}
		},
		{
			"name": "octagon",
			"from": [2.96, 0.0015, 5.91236],
			"to": [13.04, 0.5015, 10.08764],
			"rotation": {"angle": 22.5, "axis": "y", "origin": [8, 8, 8]},
			"faces": {
				"north": {"uv": [1, 1, 8, 5], "rotation": 90, "texture": "#0"},
				"east": {"uv": [1, 1, 8, 5], "rotation": 90, "texture": "#0"},
				"south": {"uv": [1, 1, 8, 5], "rotation": 90, "texture": "#0"},
				"west": {"uv": [1, 1, 8, 5], "rotation": 90, "texture": "#0"},
				"up": {"uv": [8, 1, 10, 5], "rotation": 90, "texture": "#0"},
				"down": {"uv": [1, 1, 3, 5], "rotation": 90, "texture": "#0"}
			}
		},
		{
			"name": "octagon",
			"from": [2.96, 0, 5.91236],
			"to": [13.04, 0.5, 10.08764],
			"rotation": {"angle": -22.5, "axis": "y", "origin": [8, 8, 8]},
			"faces": {
				"north": {"uv": [1, 1, 8, 5], "rotation": 90, "texture": "#0"},
				"east": {"uv": [1, 1, 8, 5], "rotation": 90, "texture": "#0"},
				"south": {"uv": [1, 1, 8, 5], "rotation": 90, "texture": "#0"},
				"west": {"uv": [1, 1, 8, 5], "rotation": 90, "texture": "#0"},
				"up": {"uv": [8, 1, 10, 5], "rotation": 90, "texture": "#0"},
				"down": {"uv": [1, 1, 3, 5], "rotation": 90, "texture": "#0"}
			}
		},
		{
			"name": "octagon",
			"from": [5.6804, 0, 2.4],
			"to": [10.3196, 3, 3.1],
			"rotation": {"angle": 22.5, "axis": "y", "origin": [8, 2, 8]},
			"faces": {
				"north": {"uv": [1, 1, 8, 5], "rotation": 90, "texture": "#0"},
				"east": {"uv": [1, 1, 8, 5], "rotation": 90, "texture": "#0"},
				"south": {"uv": [1, 1, 8, 5], "rotation": 90, "texture": "#0"},
				"west": {"uv": [1, 1, 8, 5], "rotation": 90, "texture": "#0"},
				"up": {"uv": [1, 1, 8, 5], "texture": "#0"},
				"down": {"uv": [1, 1, 3, 5], "rotation": 90, "texture": "#0"}
			}
		},
		{
			"name": "octagon",
			"from": [5.6804, 0, 2.4],
			"to": [10.3196, 3, 3.1],
			"rotation": {"angle": -22.5, "axis": "y", "origin": [8, 2, 8]},
			"faces": {
				"north": {"uv": [1, 1, 8, 5], "rotation": 90, "texture": "#0"},
				"east": {"uv": [1, 1, 8, 5], "rotation": 90, "texture": "#0"},
				"south": {"uv": [1, 1, 8, 5], "rotation": 90, "texture": "#0"},
				"west": {"uv": [1, 1, 8, 5], "rotation": 90, "texture": "#0"},
				"up": {"uv": [1, 1, 8, 5], "texture": "#0"},
				"down": {"uv": [1, 1, 3, 5], "rotation": 90, "texture": "#0"}
			}
		},
		{
			"name": "octagon",
			"from": [5.6804, 0, 12.9],
			"to": [10.3196, 3, 13.6],
			"rotation": {"angle": 22.5, "axis": "y", "origin": [8, 2, 8]},
			"faces": {
				"north": {"uv": [1, 1, 8, 5], "rotation": 90, "texture": "#0"},
				"east": {"uv": [1, 1, 8, 5], "rotation": 90, "texture": "#0"},
				"south": {"uv": [1, 1, 8, 5], "rotation": 90, "texture": "#0"},
				"west": {"uv": [1, 1, 8, 5], "rotation": 90, "texture": "#0"},
				"up": {"uv": [1, 1, 8, 5], "texture": "#0"},
				"down": {"uv": [1, 1, 3, 5], "rotation": 90, "texture": "#0"}
			}
		},
		{
			"name": "octagon",
			"from": [5.6804, 0, 12.9],
			"to": [10.3196, 3, 13.6],
			"rotation": {"angle": -22.5, "axis": "y", "origin": [8, 2, 8]},
			"faces": {
				"north": {"uv": [1, 1, 8, 5], "rotation": 90, "texture": "#0"},
				"east": {"uv": [1, 1, 8, 5], "rotation": 90, "texture": "#0"},
				"south": {"uv": [1, 1, 8, 5], "rotation": 90, "texture": "#0"},
				"west": {"uv": [1, 1, 8, 5], "rotation": 90, "texture": "#0"},
				"up": {"uv": [1, 1, 8, 5], "texture": "#0"},
				"down": {"uv": [1, 1, 3, 5], "rotation": 90, "texture": "#0"}
			}
		},
		{
			"name": "octagon",
			"from": [2.4, 0, 5.6804],
			"to": [3.1, 3, 10.3196],
			"rotation": {"angle": 22.5, "axis": "y", "origin": [8, 2, 8]},
			"faces": {
				"north": {"uv": [1, 1, 8, 5], "rotation": 90, "texture": "#0"},
				"east": {"uv": [1, 1, 8, 5], "rotation": 90, "texture": "#0"},
				"south": {"uv": [1, 1, 8, 5], "rotation": 90, "texture": "#0"},
				"west": {"uv": [1, 1, 8, 5], "rotation": 90, "texture": "#0"},
				"up": {"uv": [1, 1, 8, 5], "texture": "#0"},
				"down": {"uv": [1, 1, 3, 5], "rotation": 90, "texture": "#0"}
			}
		},
		{
			"name": "octagon",
			"from": [2.4, 0, 5.6804],
			"to": [3.1, 3, 10.3196],
			"rotation": {"angle": -22.5, "axis": "y", "origin": [8, 2, 8]},
			"faces": {
				"north": {"uv": [1, 1, 8, 5], "rotation": 90, "texture": "#0"},
				"east": {"uv": [1, 1, 8, 5], "rotation": 90, "texture": "#0"},
				"south": {"uv": [1, 1, 8, 5], "rotation": 90, "texture": "#0"},
				"west": {"uv": [1, 1, 8, 5], "rotation": 90, "texture": "#0"},
				"up": {"uv": [1, 1, 8, 5], "texture": "#0"},
				"down": {"uv": [1, 1, 3, 5], "rotation": 90, "texture": "#0"}
			}
		},
		{
			"name": "octagon",
			"from": [12.9, 0, 5.6804],
			"to": [13.6, 3, 10.3196],
			"rotation": {"angle": 22.5, "axis": "y", "origin": [8, 2, 8]},
			"faces": {
				"north": {"uv": [1, 1, 8, 5], "rotation": 90, "texture": "#0"},
				"east": {"uv": [1, 1, 8, 5], "rotation": 90, "texture": "#0"},
				"south": {"uv": [1, 1, 8, 5], "rotation": 90, "texture": "#0"},
				"west": {"uv": [1, 1, 8, 5], "rotation": 90, "texture": "#0"},
				"up": {"uv": [1, 1, 8, 5], "texture": "#0"},
				"down": {"uv": [1, 1, 3, 5], "rotation": 90, "texture": "#0"}
			}
		},
		{
			"name": "octagon",
			"from": [12.9, 0, 5.6804],
			"to": [13.6, 3, 10.3196],
			"rotation": {"angle": -22.5, "axis": "y", "origin": [8, 2, 8]},
			"faces": {
				"north": {"uv": [1, 1, 8, 5], "rotation": 90, "texture": "#0"},
				"east": {"uv": [1, 1, 8, 5], "rotation": 90, "texture": "#0"},
				"south": {"uv": [1, 1, 8, 5], "rotation": 90, "texture": "#0"},
				"west": {"uv": [1, 1, 8, 5], "rotation": 90, "texture": "#0"},
				"up": {"uv": [1, 1, 8, 5], "texture": "#0"},
				"down": {"uv": [1, 1, 3, 5], "rotation": 90, "texture": "#0"}
			}
		},
		{
			"name": "octagon",
			"from": [5.58762, 3.001, 2.176],
			"to": [10.41238, 3.501, 3.104],
			"rotation": {"angle": 22.5, "axis": "y", "origin": [8, 4, 8]},
			"faces": {
				"north": {"uv": [7, 1, 9, 5], "rotation": 90, "texture": "#0"},
				"east": {"uv": [7, 1, 9, 5], "rotation": 90, "texture": "#0"},
				"south": {"uv": [7, 1, 9, 5], "rotation": 90, "texture": "#0"},
				"west": {"uv": [7, 1, 9, 5], "rotation": 90, "texture": "#0"},
				"up": {"uv": [7, 1, 9, 5], "rotation": 90, "texture": "#0"},
				"down": {"uv": [7, 1, 9, 5], "rotation": 90, "texture": "#0"}
			}
		},
		{
			"name": "octagon",
			"from": [5.58762, 3, 2.176],
			"to": [10.41238, 3.5, 3.104],
			"rotation": {"angle": -22.5, "axis": "y", "origin": [8, 4, 8]},
			"faces": {
				"north": {"uv": [7, 1, 9, 5], "rotation": 90, "texture": "#0"},
				"east": {"uv": [7, 1, 9, 5], "rotation": 90, "texture": "#0"},
				"south": {"uv": [7, 1, 9, 5], "rotation": 90, "texture": "#0"},
				"west": {"uv": [7, 1, 9, 5], "rotation": 90, "texture": "#0"},
				"up": {"uv": [7, 1, 9, 5], "rotation": 90, "texture": "#0"},
				"down": {"uv": [7, 1, 9, 5], "rotation": 90, "texture": "#0"}
			}
		},
		{
			"name": "octagon",
			"from": [5.58762, 3.001, 12.896],
			"to": [10.41238, 3.501, 13.824],
			"rotation": {"angle": 22.5, "axis": "y", "origin": [8, 4, 8]},
			"faces": {
				"north": {"uv": [7, 1, 9, 5], "rotation": 90, "texture": "#0"},
				"east": {"uv": [7, 1, 9, 5], "rotation": 90, "texture": "#0"},
				"south": {"uv": [7, 1, 9, 5], "rotation": 90, "texture": "#0"},
				"west": {"uv": [7, 1, 9, 5], "rotation": 90, "texture": "#0"},
				"up": {"uv": [7, 1, 9, 5], "rotation": 270, "texture": "#0"},
				"down": {"uv": [7, 1, 9, 5], "rotation": 90, "texture": "#0"}
			}
		},
		{
			"name": "octagon",
			"from": [5.58762, 3, 12.896],
			"to": [10.41238, 3.5, 13.824],
			"rotation": {"angle": -22.5, "axis": "y", "origin": [8, 4, 8]},
			"faces": {
				"north": {"uv": [7, 1, 9, 5], "rotation": 90, "texture": "#0"},
				"east": {"uv": [7, 1, 9, 5], "rotation": 90, "texture": "#0"},
				"south": {"uv": [7, 1, 9, 5], "rotation": 90, "texture": "#0"},
				"west": {"uv": [7, 1, 9, 5], "rotation": 90, "texture": "#0"},
				"up": {"uv": [7, 1, 9, 5], "rotation": 270, "texture": "#0"},
				"down": {"uv": [7, 1, 9, 5], "rotation": 90, "texture": "#0"}
			}
		},
		{
			"name": "octagon",
			"from": [2.176, 3.001, 5.58762],
			"to": [3.104, 3.501, 10.41238],
			"rotation": {"angle": 22.5, "axis": "y", "origin": [8, 4, 8]},
			"faces": {
				"north": {"uv": [7, 1, 9, 5], "rotation": 90, "texture": "#0"},
				"east": {"uv": [7, 1, 9, 5], "rotation": 90, "texture": "#0"},
				"south": {"uv": [7, 1, 9, 5], "rotation": 90, "texture": "#0"},
				"west": {"uv": [7, 1, 9, 5], "rotation": 90, "texture": "#0"},
				"up": {"uv": [7, 1, 9, 5], "texture": "#0"},
				"down": {"uv": [7, 1, 9, 5], "rotation": 90, "texture": "#0"}
			}
		},
		{
			"name": "octagon",
			"from": [2.176, 3, 5.58762],
			"to": [3.104, 3.5, 10.41238],
			"rotation": {"angle": -22.5, "axis": "y", "origin": [8, 4, 8]},
			"faces": {
				"north": {"uv": [6, 1, 8, 5], "rotation": 90, "texture": "#0"},
				"east": {"uv": [6, 1, 8, 5], "rotation": 90, "texture": "#0"},
				"south": {"uv": [6, 1, 8, 5], "rotation": 90, "texture": "#0"},
				"west": {"uv": [6, 1, 8, 5], "rotation": 90, "texture": "#0"},
				"up": {"uv": [6, 1, 8, 5], "texture": "#0"},
				"down": {"uv": [6, 1, 8, 5], "rotation": 90, "texture": "#0"}
			}
		},
		{
			"name": "octagon",
			"from": [12.896, 3.001, 5.58762],
			"to": [13.824, 3.501, 10.41238],
			"rotation": {"angle": 22.5, "axis": "y", "origin": [8, 4, 8]},
			"faces": {
				"north": {"uv": [7, 1, 9, 5], "rotation": 90, "texture": "#0"},
				"east": {"uv": [7, 1, 9, 5], "rotation": 90, "texture": "#0"},
				"south": {"uv": [7, 1, 9, 5], "rotation": 90, "texture": "#0"},
				"west": {"uv": [7, 1, 9, 5], "rotation": 90, "texture": "#0"},
				"up": {"uv": [7, 1, 9, 5], "rotation": 180, "texture": "#0"},
				"down": {"uv": [7, 1, 9, 5], "rotation": 90, "texture": "#0"}
			}
		},
		{
			"name": "octagon",
			"from": [12.896, 3, 5.58762],
			"to": [13.824, 3.5, 10.41238],
			"rotation": {"angle": -22.5, "axis": "y", "origin": [8, 4, 8]},
			"faces": {
				"north": {"uv": [7, 1, 9, 5], "rotation": 90, "texture": "#0"},
				"east": {"uv": [7, 1, 9, 5], "rotation": 90, "texture": "#0"},
				"south": {"uv": [7, 1, 9, 5], "rotation": 90, "texture": "#0"},
				"west": {"uv": [7, 1, 9, 5], "rotation": 90, "texture": "#0"},
				"up": {"uv": [7, 1, 9, 5], "rotation": 180, "texture": "#0"},
				"down": {"uv": [7, 1, 9, 5], "rotation": 90, "texture": "#0"}
			}
		}
	],
	"display": {
		"thirdperson_righthand": {
			"rotation": [75, 90, 0],
			"translation": [-5.5, 2, 4.5],
			"scale": [0.72266, 0.72266, 0.72266]
		},
		"thirdperson_lefthand": {
			"rotation": [75, 90, 0],
			"translation": [-5.5, 2, 4.5],
			"scale": [0.72266, 0.72266, 0.72266]
		},
		"firstperson_righthand": {
			"rotation": [0, 31.75, 6.5],
			"translation": [0, 4.5, 0],
			"scale": [0.45859, 0.45859, 0.45859]
		},
		"firstperson_lefthand": {
			"rotation": [0, 31.75, 6.5],
			"translation": [0, 4.5, 0],
			"scale": [0.45859, 0.45859, 0.45859]
		},
		"ground": {
			"translation": [0, 3.5, 0],
			"scale": [0.89258, 0.89258, 0.89258]
		},
		"gui": {
			"rotation": [30, -70, 0],
			"translation": [0, 4.5, 0],
			"scale": [0.9832, 0.9832, 0.9832]
		},
		"head": {
			"rotation": [0, 90, 0],
			"translation": [0, 15.25, 0],
			"scale": [0.99531, 0.99531, 0.99531]
		},
		"fixed": {
			"rotation": [-90, 0, 0],
			"translation": [0, 0, -15],
			"scale": [2, 2, 2]
		}
	},
	"groups": [
		{
			"name": "octagon",
			"origin": [8, 8, 8],
			"children": [0, 1, 2, 3]
		},
		{
			"name": "octagon",
			"origin": [8, 8, 8],
			"children": [4, 5, 6, 7, 8, 9, 10, 11]
		},
		{
			"name": "octagon",
			"origin": [8, 8, 8],
			"children": [12, 13, 14, 15, 16, 17, 18, 19]
		}
	]
}