{
	"credit": "Made with Blockbench",
	"textures": {
		"0": "block/MizunoArchive/iron_ingot_0",
		"particle": "block/MizunoArchive/iron_ingot_0"
	},
	"elements": [
		{
			"from": [3.8, 1.2, 1.87947],
			"to": [4.76, 1.8, 14.11947],
			"rotation": {"angle": 0, "axis": "y", "origin": [8.6, 9.9, 7.99947]},
			"faces": {
				"north": {"uv": [1, 1, 9, 5], "rotation": 270, "texture": "#0"},
				"east": {"uv": [1, 1, 4, 5], "rotation": 90, "texture": "#0"},
				"south": {"uv": [1, 1, 9, 5], "rotation": 270, "texture": "#0"},
				"west": {"uv": [1, 1, 9, 5], "rotation": 270, "texture": "#0"},
				"up": {"uv": [1, 1, 4, 5], "rotation": 90, "texture": "#0"},
				"down": {"uv": [1, 1, 9, 5], "rotation": 270, "texture": "#0"}
			}
		},
		{
			"from": [7.1, 1.206, 2.59947],
			"to": [8.9, 1.806, 13.39947],
			"rotation": {"angle": 0, "axis": "y", "origin": [8.6, 9.9, 7.99947]},
			"faces": {
				"north": {"uv": [1, 1, 4, 5], "rotation": 90, "texture": "#0"},
				"east": {"uv": [1, 1, 4, 5], "rotation": 90, "texture": "#0"},
				"south": {"uv": [1, 1, 4, 5], "rotation": 90, "texture": "#0"},
				"west": {"uv": [1, 1, 4, 5], "rotation": 90, "texture": "#0"},
				"up": {"uv": [1, 1, 4, 5], "rotation": 90, "texture": "#0"},
				"down": {"uv": [1, 1, 4, 5], "rotation": 90, "texture": "#0"}
			}
		},
		{
			"from": [11.24, 1.2, 1.87947],
			"to": [12.2, 1.8, 14.11947],
			"rotation": {"angle": 0, "axis": "y", "origin": [7.4, 9.9, 7.99947]},
			"faces": {
				"north": {"uv": [1, 1, 9, 5], "rotation": 270, "texture": "#0"},
				"east": {"uv": [1, 1, 9, 5], "rotation": 270, "texture": "#0"},
				"south": {"uv": [1, 1, 9, 5], "rotation": 270, "texture": "#0"},
				"west": {"uv": [1, 1, 4, 5], "rotation": 90, "texture": "#0"},
				"up": {"uv": [1, 1, 4, 5], "rotation": 90, "texture": "#0"},
				"down": {"uv": [1, 1, 9, 5], "rotation": 270, "texture": "#0"}
			}
		},
		{
			"from": [4.76, 1.2, 13.39947],
			"to": [11.24, 1.8, 14.11947],
			"rotation": {"angle": 0, "axis": "y", "origin": [8.6, 9.9, 7.99947]},
			"faces": {
				"north": {"uv": [1, 1, 4, 5], "rotation": 90, "texture": "#0"},
				"east": {"uv": [1, 1, 9, 5], "rotation": 270, "texture": "#0"},
				"south": {"uv": [1, 1, 9, 5], "rotation": 270, "texture": "#0"},
				"west": {"uv": [1, 1, 9, 5], "rotation": 270, "texture": "#0"},
				"up": {"uv": [1, 1, 4, 5], "rotation": 90, "texture": "#0"},
				"down": {"uv": [1, 1, 9, 5], "rotation": 270, "texture": "#0"}
			}
		},
		{
			"from": [4.76, 1.2, 1.88053],
			"to": [11.24, 1.8, 2.60053],
			"rotation": {"angle": 0, "axis": "y", "origin": [8.6, 9.9, 8.00053]},
			"faces": {
				"north": {"uv": [1, 1, 9, 5], "rotation": 270, "texture": "#0"},
				"east": {"uv": [1, 1, 9, 5], "rotation": 270, "texture": "#0"},
				"south": {"uv": [1, 1, 9, 5], "rotation": 270, "texture": "#0"},
				"west": {"uv": [1, 1, 9, 5], "rotation": 270, "texture": "#0"},
				"up": {"uv": [1, 1, 9, 5], "rotation": 270, "texture": "#0"},
				"down": {"uv": [1, 1, 9, 5], "rotation": 270, "texture": "#0"}
			}
		},
		{
			"from": [4.76, 1.2, 9.19947],
			"to": [11.24, 1.8, 10.99947],
			"rotation": {"angle": 0, "axis": "y", "origin": [8.6, 9.9, 7.99947]},
			"faces": {
				"north": {"uv": [1, 1, 4, 5], "rotation": 90, "texture": "#0"},
				"east": {"uv": [1, 1, 4, 5], "rotation": 90, "texture": "#0"},
				"south": {"uv": [1, 1, 4, 5], "rotation": 90, "texture": "#0"},
				"west": {"uv": [1, 1, 4, 5], "rotation": 90, "texture": "#0"},
				"up": {"uv": [1, 1, 4, 5], "rotation": 90, "texture": "#0"},
				"down": {"uv": [1, 1, 4, 5], "rotation": 90, "texture": "#0"}
			}
		},
		{
			"from": [4.76, 1.2, 4.99947],
			"to": [11.24, 1.8, 6.79947],
			"rotation": {"angle": 0, "axis": "y", "origin": [8.6, 9.9, 7.99947]},
			"faces": {
				"north": {"uv": [1, 1, 4, 5], "rotation": 90, "texture": "#0"},
				"east": {"uv": [1, 1, 4, 5], "rotation": 90, "texture": "#0"},
				"south": {"uv": [1, 1, 4, 5], "rotation": 90, "texture": "#0"},
				"west": {"uv": [1, 1, 4, 5], "rotation": 90, "texture": "#0"},
				"up": {"uv": [1, 1, 4, 5], "rotation": 90, "texture": "#0"},
				"down": {"uv": [1, 1, 4, 5], "rotation": 90, "texture": "#0"}
			}
		},
		{
			"from": [2.9, 1.8006, 1.99947],
			"to": [3.8, 2.1606, 13.99947],
			"rotation": {"angle": 0, "axis": "y", "origin": [8.6, 9.9, 7.99947]},
			"faces": {
				"north": {"uv": [1, 1, 10, 5], "rotation": 180, "texture": "#0"},
				"east": {"uv": [1, 1, 10, 5], "rotation": 180, "texture": "#0"},
				"south": {"uv": [1, 1, 10, 5], "rotation": 180, "texture": "#0"},
				"west": {"uv": [1, 1, 10, 5], "rotation": 180, "texture": "#0"},
				"up": {"uv": [1, 1, 10, 5], "rotation": 180, "texture": "#0"},
				"down": {"uv": [1, 1, 10, 5], "rotation": 180, "texture": "#0"}
			}
		},
		{
			"from": [12.2, 1.8006, 1.99947],
			"to": [13.1, 2.1606, 13.99947],
			"rotation": {"angle": 0, "axis": "y", "origin": [7.4, 9.9, 7.99947]},
			"faces": {
				"north": {"uv": [1, 1, 10, 5], "texture": "#0"},
				"east": {"uv": [1, 1, 10, 5], "texture": "#0"},
				"south": {"uv": [1, 1, 10, 5], "texture": "#0"},
				"west": {"uv": [1, 1, 10, 5], "texture": "#0"},
				"up": {"uv": [1, 1, 10, 5], "texture": "#0"},
				"down": {"uv": [1, 1, 10, 5], "texture": "#0"}
			}
		},
		{
			"from": [3.8, 1.8006, 1.09947],
			"to": [12.2, 2.1606, 1.99947],
			"rotation": {"angle": 0, "axis": "y", "origin": [8.6, 9.9, 7.99947]},
			"faces": {
				"north": {"uv": [1, 1, 10, 5], "rotation": 270, "texture": "#0"},
				"east": {"uv": [1, 1, 10, 5], "rotation": 270, "texture": "#0"},
				"south": {"uv": [1, 1, 10, 5], "rotation": 270, "texture": "#0"},
				"west": {"uv": [1, 1, 10, 5], "rotation": 270, "texture": "#0"},
				"up": {"uv": [1, 1, 10, 5], "rotation": 270, "texture": "#0"},
				"down": {"uv": [1, 1, 10, 5], "rotation": 270, "texture": "#0"}
			}
		},
		{
			"from": [3.8, 1.8006, 13.99947],
			"to": [12.2, 2.1606, 14.89947],
			"rotation": {"angle": 0, "axis": "y", "origin": [7.4, 9.9, 7.99947]},
			"faces": {
				"north": {"uv": [1, 1, 10, 5], "rotation": 90, "texture": "#0"},
				"east": {"uv": [1, 1, 10, 5], "rotation": 90, "texture": "#0"},
				"south": {"uv": [1, 1, 10, 5], "rotation": 90, "texture": "#0"},
				"west": {"uv": [1, 1, 10, 5], "rotation": 90, "texture": "#0"},
				"up": {"uv": [1, 1, 10, 5], "rotation": 90, "texture": "#0"},
				"down": {"uv": [1, 1, 10, 5], "rotation": 90, "texture": "#0"}
			}
		},
		{
			"from": [1.99824, 1.79987, -0.92835],
			"to": [3.27103, 2.16, 0.05961],
			"rotation": {"angle": 45, "axis": "y", "origin": [5.98332, 2.11037, -0.55296]},
			"faces": {
				"north": {"uv": [1, 1, 9, 5], "rotation": 270, "texture": "#0"},
				"east": {"uv": [1, 1, 9, 5], "rotation": 270, "texture": "#0"},
				"south": {"uv": [1, 1, 9, 5], "rotation": 270, "texture": "#0"},
				"west": {"uv": [1, 1, 9, 5], "rotation": 270, "texture": "#0"},
				"up": {"uv": [1, 1, 9, 5], "rotation": 270, "texture": "#0"},
				"down": {"uv": [1, 1, 9, 5], "rotation": 270, "texture": "#0"}
			}
		},
		{
			"from": [12.7275, 1.79777, -0.92774],
			"to": [14.00029, 2.16, 0.0617],
			"rotation": {"angle": -45, "axis": "y", "origin": [10.01668, 2.10827, -0.55088]},
			"faces": {
				"north": {"uv": [1, 1, 9, 5], "rotation": 270, "texture": "#0"},
				"east": {"uv": [1, 1, 9, 5], "rotation": 270, "texture": "#0"},
				"south": {"uv": [1, 1, 9, 5], "rotation": 270, "texture": "#0"},
				"west": {"uv": [1, 1, 9, 5], "rotation": 270, "texture": "#0"},
				"up": {"uv": [1, 1, 9, 5], "rotation": 270, "texture": "#0"},
				"down": {"uv": [1, 1, 9, 5], "rotation": 270, "texture": "#0"}
			}
		},
		{
			"from": [12.72897, 1.79987, 15.93934],
			"to": [14.00176, 2.16, 16.9273],
			"rotation": {"angle": 45, "axis": "y", "origin": [10.01668, 2.11037, 16.55192]},
			"faces": {
				"north": {"uv": [1, 1, 9, 5], "rotation": 90, "texture": "#0"},
				"east": {"uv": [1, 1, 9, 5], "rotation": 90, "texture": "#0"},
				"south": {"uv": [1, 1, 9, 5], "rotation": 90, "texture": "#0"},
				"west": {"uv": [1, 1, 9, 5], "rotation": 90, "texture": "#0"},
				"up": {"uv": [1, 1, 9, 5], "rotation": 90, "texture": "#0"},
				"down": {"uv": [1, 1, 9, 5], "rotation": 90, "texture": "#0"}
			}
		},
		{
			"from": [1.99676, 1.79777, 15.94143],
			"to": [3.26955, 2.16, 16.92792],
			"rotation": {"angle": -45, "axis": "y", "origin": [5.98333, 2.10827, 16.55401]},
			"faces": {
				"north": {"uv": [1, 1, 9, 5], "rotation": 90, "texture": "#0"},
				"east": {"uv": [1, 1, 9, 5], "rotation": 90, "texture": "#0"},
				"south": {"uv": [1, 1, 9, 5], "rotation": 90, "texture": "#0"},
				"west": {"uv": [1, 1, 9, 5], "rotation": 90, "texture": "#0"},
				"up": {"uv": [1, 1, 9, 5], "rotation": 90, "texture": "#0"},
				"down": {"uv": [1, 1, 9, 5], "rotation": 90, "texture": "#0"}
			}
		},
		{
			"from": [4.68524, 0.07016, 6.46519],
			"to": [7.08524, 1.69016, 7.06519],
			"rotation": {"angle": -22.5, "axis": "x", "origin": [5.89485, 0.88176, 6.7732]},
			"faces": {
				"north": {"uv": [1, 1, 10, 5], "rotation": 90, "texture": "#0"},
				"east": {"uv": [1, 1, 10, 5], "rotation": 90, "texture": "#0"},
				"south": {"uv": [1, 1, 10, 5], "rotation": 90, "texture": "#0"},
				"west": {"uv": [1, 1, 10, 5], "rotation": 90, "texture": "#0"},
				"up": {"uv": [1, 1, 10, 5], "rotation": 90, "texture": "#0"},
				"down": {"uv": [1, 1, 10, 5], "rotation": 90, "texture": "#0"}
			}
		},
		{
			"from": [6.83786, 0.0493, 6.80208],
			"to": [7.43786, 1.6693, 9.20208],
			"rotation": {"angle": -22.5, "axis": "z", "origin": [7.14607, 0.86844, 7.9963]},
			"faces": {
				"north": {"uv": [1, 1, 10, 5], "rotation": 90, "texture": "#0"},
				"east": {"uv": [1, 1, 10, 5], "rotation": 90, "texture": "#0"},
				"south": {"uv": [1, 1, 10, 5], "rotation": 90, "texture": "#0"},
				"west": {"uv": [1, 1, 10, 5], "rotation": 90, "texture": "#0"},
				"up": {"uv": [1, 1, 10, 5], "rotation": 90, "texture": "#0"},
				"down": {"uv": [1, 1, 10, 5], "rotation": 90, "texture": "#0"}
			}
		},
		{
			"from": [4.70058, 0.05513, 8.93356],
			"to": [7.10058, 1.67513, 9.53356],
			"rotation": {"angle": 22.5, "axis": "x", "origin": [5.91019, 0.86671, 9.22555]},
			"faces": {
				"north": {"uv": [1, 1, 10, 5], "rotation": 90, "texture": "#0"},
				"east": {"uv": [1, 1, 10, 5], "rotation": 90, "texture": "#0"},
				"south": {"uv": [1, 1, 10, 5], "rotation": 90, "texture": "#0"},
				"west": {"uv": [1, 1, 10, 5], "rotation": 90, "texture": "#0"},
				"up": {"uv": [1, 1, 10, 5], "rotation": 90, "texture": "#0"},
				"down": {"uv": [1, 1, 10, 5], "rotation": 90, "texture": "#0"}
			}
		},
		{
			"from": [4.36587, 0.05551, 6.79924],
			"to": [4.96587, 1.67551, 9.19924],
			"rotation": {"angle": 22.5, "axis": "z", "origin": [4.6739, 0.8671, 8.00884]},
			"faces": {
				"north": {"uv": [1, 1, 10, 5], "rotation": 90, "texture": "#0"},
				"east": {"uv": [1, 1, 10, 5], "rotation": 90, "texture": "#0"},
				"south": {"uv": [1, 1, 10, 5], "rotation": 90, "texture": "#0"},
				"west": {"uv": [1, 1, 10, 5], "rotation": 90, "texture": "#0"},
				"up": {"uv": [1, 1, 10, 5], "rotation": 90, "texture": "#0"},
				"down": {"uv": [1, 1, 10, 5], "rotation": 90, "texture": "#0"}
			}
		},
		{
			"from": [4.7, 0, 6.79993],
			"to": [7.1, 0.6, 9.19993],
			"rotation": {"angle": 0, "axis": "y", "origin": [8.3, 9.6, 3.79993]},
			"faces": {
				"north": {"uv": [1, 1, 10, 5], "rotation": 90, "texture": "#0"},
				"east": {"uv": [1, 1, 10, 5], "rotation": 90, "texture": "#0"},
				"south": {"uv": [1, 1, 10, 5], "rotation": 90, "texture": "#0"},
				"west": {"uv": [1, 1, 10, 5], "rotation": 90, "texture": "#0"},
				"up": {"uv": [1, 1, 10, 5], "rotation": 90, "texture": "#0"},
				"down": {"uv": [1, 1, 10, 5], "rotation": 90, "texture": "#0"}
			}
		},
		{
			"from": [4.68524, 0.07016, 10.66526],
			"to": [7.08524, 1.69016, 11.26526],
			"rotation": {"angle": -22.5, "axis": "x", "origin": [5.89485, 0.88176, 10.97329]},
			"faces": {
				"north": {"uv": [1, 1, 10, 5], "rotation": 90, "texture": "#0"},
				"east": {"uv": [1, 1, 10, 5], "rotation": 90, "texture": "#0"},
				"south": {"uv": [1, 1, 10, 5], "rotation": 90, "texture": "#0"},
				"west": {"uv": [1, 1, 10, 5], "rotation": 90, "texture": "#0"},
				"up": {"uv": [1, 1, 10, 5], "rotation": 90, "texture": "#0"},
				"down": {"uv": [1, 1, 10, 5], "rotation": 90, "texture": "#0"}
			}
		},
		{
			"from": [6.83786, 0.0493, 11.00216],
			"to": [7.43786, 1.6693, 13.40216],
			"rotation": {"angle": -22.5, "axis": "z", "origin": [7.14607, 0.86844, 12.19638]},
			"faces": {
				"north": {"uv": [1, 1, 10, 5], "rotation": 90, "texture": "#0"},
				"east": {"uv": [1, 1, 10, 5], "rotation": 90, "texture": "#0"},
				"south": {"uv": [1, 1, 10, 5], "rotation": 90, "texture": "#0"},
				"west": {"uv": [1, 1, 10, 5], "rotation": 90, "texture": "#0"},
				"up": {"uv": [1, 1, 10, 5], "rotation": 90, "texture": "#0"},
				"down": {"uv": [1, 1, 10, 5], "rotation": 90, "texture": "#0"}
			}
		},
		{
			"from": [4.70058, 0.05513, 13.13364],
			"to": [7.10058, 1.67513, 13.73364],
			"rotation": {"angle": 22.5, "axis": "x", "origin": [5.91019, 0.86671, 13.42562]},
			"faces": {
				"north": {"uv": [1, 1, 10, 5], "rotation": 90, "texture": "#0"},
				"east": {"uv": [1, 1, 10, 5], "rotation": 90, "texture": "#0"},
				"south": {"uv": [1, 1, 10, 5], "rotation": 90, "texture": "#0"},
				"west": {"uv": [1, 1, 10, 5], "rotation": 90, "texture": "#0"},
				"up": {"uv": [1, 1, 10, 5], "rotation": 90, "texture": "#0"},
				"down": {"uv": [1, 1, 10, 5], "rotation": 90, "texture": "#0"}
			}
		},
		{
			"from": [4.36587, 0.05551, 10.99932],
			"to": [4.96587, 1.67551, 13.39932],
			"rotation": {"angle": 22.5, "axis": "z", "origin": [4.6739, 0.8671, 12.20893]},
			"faces": {
				"north": {"uv": [1, 1, 10, 5], "rotation": 90, "texture": "#0"},
				"east": {"uv": [1, 1, 10, 5], "rotation": 90, "texture": "#0"},
				"south": {"uv": [1, 1, 10, 5], "rotation": 90, "texture": "#0"},
				"west": {"uv": [1, 1, 10, 5], "rotation": 90, "texture": "#0"},
				"up": {"uv": [1, 1, 10, 5], "rotation": 90, "texture": "#0"},
				"down": {"uv": [1, 1, 10, 5], "rotation": 90, "texture": "#0"}
			}
		},
		{
			"from": [4.7, 0, 11],
			"to": [7.1, 0.6, 13.4],
			"rotation": {"angle": 0, "axis": "y", "origin": [8.3, 9.6, 8]},
			"faces": {
				"north": {"uv": [1, 1, 10, 5], "rotation": 90, "texture": "#0"},
				"east": {"uv": [1, 1, 10, 5], "rotation": 90, "texture": "#0"},
				"south": {"uv": [1, 1, 10, 5], "rotation": 90, "texture": "#0"},
				"west": {"uv": [1, 1, 10, 5], "rotation": 90, "texture": "#0"},
				"up": {"uv": [1, 1, 10, 5], "rotation": 90, "texture": "#0"},
				"down": {"uv": [1, 1, 10, 5], "rotation": 90, "texture": "#0"}
			}
		},
		{
			"from": [4.68524, 0.07016, 4.73474],
			"to": [7.08524, 1.69016, 5.33474],
			"rotation": {"angle": 22.5, "axis": "x", "origin": [5.89485, 0.88176, 5.02671]},
			"faces": {
				"north": {"uv": [1, 1, 10, 5], "rotation": 90, "texture": "#0"},
				"east": {"uv": [1, 1, 10, 5], "rotation": 90, "texture": "#0"},
				"south": {"uv": [1, 1, 10, 5], "rotation": 90, "texture": "#0"},
				"west": {"uv": [1, 1, 10, 5], "rotation": 90, "texture": "#0"},
				"up": {"uv": [1, 1, 10, 5], "rotation": 90, "texture": "#0"},
				"down": {"uv": [1, 1, 10, 5], "rotation": 90, "texture": "#0"}
			}
		},
		{
			"from": [6.83786, 0.0493, 2.59784],
			"to": [7.43786, 1.6693, 4.99784],
			"rotation": {"angle": -22.5, "axis": "z", "origin": [7.14607, 0.86844, 3.80362]},
			"faces": {
				"north": {"uv": [1, 1, 10, 5], "rotation": 90, "texture": "#0"},
				"east": {"uv": [1, 1, 10, 5], "rotation": 90, "texture": "#0"},
				"south": {"uv": [1, 1, 10, 5], "rotation": 90, "texture": "#0"},
				"west": {"uv": [1, 1, 10, 5], "rotation": 90, "texture": "#0"},
				"up": {"uv": [1, 1, 10, 5], "rotation": 90, "texture": "#0"},
				"down": {"uv": [1, 1, 10, 5], "rotation": 90, "texture": "#0"}
			}
		},
		{
			"from": [4.70058, 0.05513, 2.26636],
			"to": [7.10058, 1.67513, 2.86636],
			"rotation": {"angle": -22.5, "axis": "x", "origin": [5.91019, 0.86671, 2.57438]},
			"faces": {
				"north": {"uv": [1, 1, 10, 5], "rotation": 90, "texture": "#0"},
				"east": {"uv": [1, 1, 10, 5], "rotation": 90, "texture": "#0"},
				"south": {"uv": [1, 1, 10, 5], "rotation": 90, "texture": "#0"},
				"west": {"uv": [1, 1, 10, 5], "rotation": 90, "texture": "#0"},
				"up": {"uv": [1, 1, 10, 5], "rotation": 90, "texture": "#0"},
				"down": {"uv": [1, 1, 10, 5], "rotation": 90, "texture": "#0"}
			}
		},
		{
			"from": [4.36587, 0.05551, 2.60068],
			"to": [4.96587, 1.67551, 5.00068],
			"rotation": {"angle": 22.5, "axis": "z", "origin": [4.6739, 0.8671, 3.79107]},
			"faces": {
				"north": {"uv": [1, 1, 10, 5], "rotation": 90, "texture": "#0"},
				"east": {"uv": [1, 1, 10, 5], "rotation": 90, "texture": "#0"},
				"south": {"uv": [1, 1, 10, 5], "rotation": 90, "texture": "#0"},
				"west": {"uv": [1, 1, 10, 5], "rotation": 90, "texture": "#0"},
				"up": {"uv": [1, 1, 10, 5], "rotation": 90, "texture": "#0"},
				"down": {"uv": [1, 1, 10, 5], "rotation": 90, "texture": "#0"}
			}
		},
		{
			"from": [4.7, 0, 2.6],
			"to": [7.1, 0.6, 5],
			"rotation": {"angle": 0, "axis": "y", "origin": [8.3, 9.6, 8]},
			"faces": {
				"north": {"uv": [1, 1, 10, 5], "rotation": 90, "texture": "#0"},
				"east": {"uv": [1, 1, 10, 5], "rotation": 90, "texture": "#0"},
				"south": {"uv": [1, 1, 10, 5], "rotation": 90, "texture": "#0"},
				"west": {"uv": [1, 1, 10, 5], "rotation": 90, "texture": "#0"},
				"up": {"uv": [1, 1, 10, 5], "rotation": 90, "texture": "#0"},
				"down": {"uv": [1, 1, 10, 5], "rotation": 90, "texture": "#0"}
			}
		},
		{
			"from": [8.91476, 0.07016, 6.46519],
			"to": [11.31476, 1.69016, 7.06519],
			"rotation": {"angle": -22.5, "axis": "x", "origin": [10.10515, 0.88176, 6.7732]},
			"faces": {
				"north": {"uv": [1, 1, 10, 5], "rotation": 90, "texture": "#0"},
				"east": {"uv": [1, 1, 10, 5], "rotation": 90, "texture": "#0"},
				"south": {"uv": [1, 1, 10, 5], "rotation": 90, "texture": "#0"},
				"west": {"uv": [1, 1, 10, 5], "rotation": 90, "texture": "#0"},
				"up": {"uv": [1, 1, 10, 5], "rotation": 90, "texture": "#0"},
				"down": {"uv": [1, 1, 10, 5], "rotation": 90, "texture": "#0"}
			}
		},
		{
			"from": [8.56214, 0.0493, 6.80208],
			"to": [9.16214, 1.6693, 9.20208],
			"rotation": {"angle": 22.5, "axis": "z", "origin": [8.85393, 0.86844, 7.9963]},
			"faces": {
				"north": {"uv": [1, 1, 10, 5], "rotation": 90, "texture": "#0"},
				"east": {"uv": [1, 1, 10, 5], "rotation": 90, "texture": "#0"},
				"south": {"uv": [1, 1, 10, 5], "rotation": 90, "texture": "#0"},
				"west": {"uv": [1, 1, 10, 5], "rotation": 90, "texture": "#0"},
				"up": {"uv": [1, 1, 10, 5], "rotation": 90, "texture": "#0"},
				"down": {"uv": [1, 1, 10, 5], "rotation": 90, "texture": "#0"}
			}
		},
		{
			"from": [8.89942, 0.05513, 8.93356],
			"to": [11.29942, 1.67513, 9.53356],
			"rotation": {"angle": 22.5, "axis": "x", "origin": [10.08981, 0.86671, 9.22555]},
			"faces": {
				"north": {"uv": [1, 1, 10, 5], "rotation": 90, "texture": "#0"},
				"east": {"uv": [1, 1, 10, 5], "rotation": 90, "texture": "#0"},
				"south": {"uv": [1, 1, 10, 5], "rotation": 90, "texture": "#0"},
				"west": {"uv": [1, 1, 10, 5], "rotation": 90, "texture": "#0"},
				"up": {"uv": [1, 1, 10, 5], "rotation": 90, "texture": "#0"},
				"down": {"uv": [1, 1, 10, 5], "rotation": 90, "texture": "#0"}
			}
		},
		{
			"from": [11.03413, 0.05551, 6.79924],
			"to": [11.63413, 1.67551, 9.19924],
			"rotation": {"angle": -22.5, "axis": "z", "origin": [11.3261, 0.8671, 8.00884]},
			"faces": {
				"north": {"uv": [1, 1, 10, 5], "rotation": 90, "texture": "#0"},
				"east": {"uv": [1, 1, 10, 5], "rotation": 90, "texture": "#0"},
				"south": {"uv": [1, 1, 10, 5], "rotation": 90, "texture": "#0"},
				"west": {"uv": [1, 1, 10, 5], "rotation": 90, "texture": "#0"},
				"up": {"uv": [1, 1, 10, 5], "rotation": 90, "texture": "#0"},
				"down": {"uv": [1, 1, 10, 5], "rotation": 90, "texture": "#0"}
			}
		},
		{
			"from": [8.9, 0, 6.79993],
			"to": [11.3, 0.6, 9.19993],
			"rotation": {"angle": 0, "axis": "y", "origin": [7.7, 9.6, 3.79993]},
			"faces": {
				"north": {"uv": [1, 1, 10, 5], "rotation": 90, "texture": "#0"},
				"east": {"uv": [1, 1, 10, 5], "rotation": 90, "texture": "#0"},
				"south": {"uv": [1, 1, 10, 5], "rotation": 90, "texture": "#0"},
				"west": {"uv": [1, 1, 10, 5], "rotation": 90, "texture": "#0"},
				"up": {"uv": [1, 1, 10, 5], "rotation": 90, "texture": "#0"},
				"down": {"uv": [1, 1, 10, 5], "rotation": 90, "texture": "#0"}
			}
		},
		{
			"from": [8.91476, 0.07016, 10.66526],
			"to": [11.31476, 1.69016, 11.26526],
			"rotation": {"angle": -22.5, "axis": "x", "origin": [10.10515, 0.88176, 10.97329]},
			"faces": {
				"north": {"uv": [1, 1, 10, 5], "rotation": 90, "texture": "#0"},
				"east": {"uv": [1, 1, 10, 5], "rotation": 90, "texture": "#0"},
				"south": {"uv": [1, 1, 10, 5], "rotation": 90, "texture": "#0"},
				"west": {"uv": [1, 1, 10, 5], "rotation": 90, "texture": "#0"},
				"up": {"uv": [1, 1, 10, 5], "rotation": 90, "texture": "#0"},
				"down": {"uv": [1, 1, 10, 5], "rotation": 90, "texture": "#0"}
			}
		},
		{
			"from": [8.56214, 0.0493, 11.00216],
			"to": [9.16214, 1.6693, 13.40216],
			"rotation": {"angle": 22.5, "axis": "z", "origin": [8.85393, 0.86844, 12.19638]},
			"faces": {
				"north": {"uv": [1, 1, 10, 5], "rotation": 90, "texture": "#0"},
				"east": {"uv": [1, 1, 10, 5], "rotation": 90, "texture": "#0"},
				"south": {"uv": [1, 1, 10, 5], "rotation": 90, "texture": "#0"},
				"west": {"uv": [1, 1, 10, 5], "rotation": 90, "texture": "#0"},
				"up": {"uv": [1, 1, 10, 5], "rotation": 90, "texture": "#0"},
				"down": {"uv": [1, 1, 10, 5], "rotation": 90, "texture": "#0"}
			}
		},
		{
			"from": [8.89942, 0.05513, 13.13364],
			"to": [11.29942, 1.67513, 13.73364],
			"rotation": {"angle": 22.5, "axis": "x", "origin": [10.08981, 0.86671, 13.42562]},
			"faces": {
				"north": {"uv": [1, 1, 10, 5], "rotation": 90, "texture": "#0"},
				"east": {"uv": [1, 1, 10, 5], "rotation": 90, "texture": "#0"},
				"south": {"uv": [1, 1, 10, 5], "rotation": 90, "texture": "#0"},
				"west": {"uv": [1, 1, 10, 5], "rotation": 90, "texture": "#0"},
				"up": {"uv": [1, 1, 10, 5], "rotation": 90, "texture": "#0"},
				"down": {"uv": [1, 1, 10, 5], "rotation": 90, "texture": "#0"}
			}
		},
		{
			"from": [11.03413, 0.05551, 10.99932],
			"to": [11.63413, 1.67551, 13.39932],
			"rotation": {"angle": -22.5, "axis": "z", "origin": [11.3261, 0.8671, 12.20893]},
			"faces": {
				"north": {"uv": [1, 1, 10, 5], "rotation": 90, "texture": "#0"},
				"east": {"uv": [1, 1, 10, 5], "rotation": 90, "texture": "#0"},
				"south": {"uv": [1, 1, 10, 5], "rotation": 90, "texture": "#0"},
				"west": {"uv": [1, 1, 10, 5], "rotation": 90, "texture": "#0"},
				"up": {"uv": [1, 1, 10, 5], "rotation": 90, "texture": "#0"},
				"down": {"uv": [1, 1, 10, 5], "rotation": 90, "texture": "#0"}
			}
		},
		{
			"from": [8.9, 0, 11],
			"to": [11.3, 0.6, 13.4],
			"rotation": {"angle": 0, "axis": "y", "origin": [7.7, 9.6, 8]},
			"faces": {
				"north": {"uv": [1, 1, 10, 5], "rotation": 90, "texture": "#0"},
				"east": {"uv": [1, 1, 10, 5], "rotation": 90, "texture": "#0"},
				"south": {"uv": [1, 1, 10, 5], "rotation": 90, "texture": "#0"},
				"west": {"uv": [1, 1, 10, 5], "rotation": 90, "texture": "#0"},
				"up": {"uv": [1, 1, 10, 5], "rotation": 90, "texture": "#0"},
				"down": {"uv": [1, 1, 10, 5], "rotation": 90, "texture": "#0"}
			}
		},
		{
			"from": [8.91476, 0.07016, 4.73474],
			"to": [11.31476, 1.69016, 5.33474],
			"rotation": {"angle": 22.5, "axis": "x", "origin": [10.10515, 0.88176, 5.02671]},
			"faces": {
				"north": {"uv": [1, 1, 10, 5], "rotation": 90, "texture": "#0"},
				"east": {"uv": [1, 1, 10, 5], "rotation": 90, "texture": "#0"},
				"south": {"uv": [1, 1, 10, 5], "rotation": 90, "texture": "#0"},
				"west": {"uv": [1, 1, 10, 5], "rotation": 90, "texture": "#0"},
				"up": {"uv": [1, 1, 10, 5], "rotation": 90, "texture": "#0"},
				"down": {"uv": [1, 1, 10, 5], "rotation": 90, "texture": "#0"}
			}
		},
		{
			"from": [8.56214, 0.0493, 2.59784],
			"to": [9.16214, 1.6693, 4.99784],
			"rotation": {"angle": 22.5, "axis": "z", "origin": [8.85393, 0.86844, 3.80362]},
			"faces": {
				"north": {"uv": [1, 1, 10, 5], "rotation": 90, "texture": "#0"},
				"east": {"uv": [1, 1, 10, 5], "rotation": 90, "texture": "#0"},
				"south": {"uv": [1, 1, 10, 5], "rotation": 90, "texture": "#0"},
				"west": {"uv": [1, 1, 10, 5], "rotation": 90, "texture": "#0"},
				"up": {"uv": [1, 1, 10, 5], "rotation": 90, "texture": "#0"},
				"down": {"uv": [1, 1, 10, 5], "rotation": 90, "texture": "#0"}
			}
		},
		{
			"from": [8.89942, 0.05513, 2.26636],
			"to": [11.29942, 1.67513, 2.86636],
			"rotation": {"angle": -22.5, "axis": "x", "origin": [10.08981, 0.86671, 2.57438]},
			"faces": {
				"north": {"uv": [1, 1, 10, 5], "rotation": 90, "texture": "#0"},
				"east": {"uv": [1, 1, 10, 5], "rotation": 90, "texture": "#0"},
				"south": {"uv": [1, 1, 10, 5], "rotation": 90, "texture": "#0"},
				"west": {"uv": [1, 1, 10, 5], "rotation": 90, "texture": "#0"},
				"up": {"uv": [1, 1, 10, 5], "rotation": 90, "texture": "#0"},
				"down": {"uv": [1, 1, 10, 5], "rotation": 90, "texture": "#0"}
			}
		},
		{
			"from": [11.03413, 0.05551, 2.60068],
			"to": [11.63413, 1.67551, 5.00068],
			"rotation": {"angle": -22.5, "axis": "z", "origin": [11.3261, 0.8671, 3.79107]},
			"faces": {
				"north": {"uv": [1, 1, 10, 5], "rotation": 90, "texture": "#0"},
				"east": {"uv": [1, 1, 10, 5], "rotation": 90, "texture": "#0"},
				"south": {"uv": [1, 1, 10, 5], "rotation": 90, "texture": "#0"},
				"west": {"uv": [1, 1, 10, 5], "rotation": 90, "texture": "#0"},
				"up": {"uv": [1, 1, 10, 5], "rotation": 90, "texture": "#0"},
				"down": {"uv": [1, 1, 10, 5], "rotation": 90, "texture": "#0"}
			}
		},
		{
			"from": [8.9, 0, 2.6],
			"to": [11.3, 0.6, 5],
			"rotation": {"angle": 0, "axis": "y", "origin": [7.7, 9.6, 8]},
			"faces": {
				"north": {"uv": [1, 1, 10, 5], "rotation": 90, "texture": "#0"},
				"east": {"uv": [1, 1, 10, 5], "rotation": 90, "texture": "#0"},
				"south": {"uv": [1, 1, 10, 5], "rotation": 90, "texture": "#0"},
				"west": {"uv": [1, 1, 10, 5], "rotation": 90, "texture": "#0"},
				"up": {"uv": [1, 1, 10, 5], "rotation": 90, "texture": "#0"},
				"down": {"uv": [1, 1, 10, 5], "rotation": 90, "texture": "#0"}
			}
		}
	],
	"display": {
		"thirdperson_righthand": {
			"rotation": [75, 90, 0],
			"translation": [-5.5, 2, 4.5],
			"scale": [0.72266, 0.72266, 0.72266]
		},
		"thirdperson_lefthand": {
			"rotation": [75, 90, 0],
			"translation": [-5.5, 2, 4.5],
			"scale": [0.72266, 0.72266, 0.72266]
		},
		"firstperson_righthand": {
			"rotation": [0, 31.75, 6.5],
			"translation": [0, 4.5, 0],
			"scale": [0.45859, 0.45859, 0.45859]
		},
		"firstperson_lefthand": {
			"rotation": [0, 31.75, 6.5],
			"translation": [0, 4.5, 0],
			"scale": [0.45859, 0.45859, 0.45859]
		},
		"ground": {
			"translation": [0, 3.5, 0],
			"scale": [0.89258, 0.89258, 0.89258]
		},
		"gui": {
			"rotation": [30, -70, 0],
			"translation": [0, 4.5, 0],
			"scale": [0.9832, 0.9832, 0.9832]
		},
		"head": {
			"rotation": [0, 90, 0],
			"translation": [0, 15.25, 0],
			"scale": [0.99531, 0.99531, 0.99531]
		},
		"fixed": {
			"rotation": [-90, 0, 0],
			"translation": [0, 0, -15],
			"scale": [2, 2, 2]
		}
	},
	"groups": [
		{
			"name": "Rim",
			"origin": [5.81944, 1.50689, 15.12877],
			"children": [0, 1, 2, 3, 4, 5, 6, 7, 8, 9, 10, 11, 12, 13, 14]
		},
		{
			"name": "group",
			"origin": [8, 8, 8],
			"children": [
				{
					"name": "muffincup",
					"origin": [4.97825, 0.72258, 4.49256],
					"children": [15, 16, 17, 18, 19]
				},
				{
					"name": "muffincup",
					"origin": [4.97825, 0.72258, 4.49256],
					"children": [20, 21, 22, 23, 24]
				},
				{
					"name": "muffincup",
					"origin": [4.97825, 0.72258, 4.49256],
					"children": [25, 26, 27, 28, 29]
				}
			]
		},
		{
			"name": "group",
			"origin": [8, 8, 8],
			"children": [
				{
					"name": "muffincup",
					"origin": [4.97825, 0.72258, 4.49256],
					"children": [30, 31, 32, 33, 34]
				},
				{
					"name": "muffincup",
					"origin": [4.97825, 0.72258, 4.49256],
					"children": [35, 36, 37, 38, 39]
				},
				{
					"name": "muffincup",
					"origin": [4.97825, 0.72258, 4.49256],
					"children": [40, 41, 42, 43, 44]
				}
			]
		}
	]
}