{
	"credit": "Made with Blockbench",
	"textures": {
		"0": "block/MizunoArchive/red_wool",
		"3": "block/MizunoArchive/white_wool",
		"particle": "block/MizunoArchive/red_wool"
	},
	"elements": [
		{
			"from": [6.58658, 14.5, 7.66026],
			"to": [6.88658, 16.5, 7.96026],
			"rotation": {"angle": 0, "axis": "y", "origin": [14.23658, 16.5, 10.31026]},
			"faces": {
				"north": {"uv": [0, 0, 0.3, 2], "texture": "#3"},
				"east": {"uv": [0, 0, 0.3, 2], "texture": "#3"},
				"south": {"uv": [0, 0, 0.3, 2], "texture": "#3"},
				"west": {"uv": [0, 0, 0.3, 2], "texture": "#3"},
				"up": {"uv": [0, 0, 0.3, 0.3], "texture": "#3"},
				"down": {"uv": [0, 0, 0.3, 0.3], "texture": "#3"}
			}
		},
		{
			"from": [6.96198, 12.62984, 7.65634],
			"to": [7.26198, 14.62984, 7.95634],
			"rotation": {"angle": 22.5, "axis": "z", "origin": [7.10064, 13.62982, 7.8177]},
			"faces": {
				"north": {"uv": [0, 0, 0.3, 2], "texture": "#3"},
				"east": {"uv": [0, 0, 0.3, 2], "texture": "#3"},
				"south": {"uv": [0, 0, 0.3, 2], "texture": "#3"},
				"west": {"uv": [0, 0, 0.3, 2], "texture": "#3"},
				"up": {"uv": [0, 0, 0.3, 0.3], "texture": "#3"},
				"down": {"uv": [0, 0, 0.3, 0.3], "texture": "#3"}
			}
		},
		{
			"from": [6.97353, 4.41456, 7.64417],
			"to": [7.27353, 6.16456, 7.94417],
			"rotation": {"angle": 22.5, "axis": "z", "origin": [7.11219, 5.16454, 7.80553]},
			"faces": {
				"north": {"uv": [0, 0, 0.3, 1.75], "texture": "#3"},
				"east": {"uv": [0, 0, 0.3, 1.75], "texture": "#3"},
				"south": {"uv": [0, 0, 0.3, 1.75], "texture": "#3"},
				"west": {"uv": [0, 0, 0.3, 1.75], "texture": "#3"},
				"up": {"uv": [0, 0, 0.3, 0.3], "texture": "#3"},
				"down": {"uv": [0, 0, 0.3, 0.3], "texture": "#3"}
			}
		},
		{
			"from": [7.2511, 0.28387, 7.64084],
			"to": [7.5511, 4.53387, 7.94084],
			"rotation": {"angle": 0, "axis": "z", "origin": [7.38976, 3.53385, 7.8022]},
			"faces": {
				"north": {"uv": [0, 0, 0.3, 2.25], "texture": "#3"},
				"east": {"uv": [0, 0, 0.3, 2.25], "texture": "#3"},
				"south": {"uv": [0, 0, 0.3, 2.25], "texture": "#3"},
				"west": {"uv": [0, 0, 0.3, 2.25], "texture": "#3"},
				"up": {"uv": [0, 0, 0.3, 0.3], "texture": "#3"},
				"down": {"uv": [0, 0, 0.3, 0.3], "texture": "#3"}
			}
		},
		{
			"from": [6.97066, 7.89944, 7.64412],
			"to": [7.27066, 9.89944, 7.94412],
			"rotation": {"angle": -22.5, "axis": "z", "origin": [7.12789, 8.89575, 7.80157]},
			"faces": {
				"north": {"uv": [0, 0, 0.3, 2], "rotation": 180, "texture": "#3"},
				"east": {"uv": [0, 0, 0.3, 2], "rotation": 180, "texture": "#3"},
				"south": {"uv": [0, 0, 0.3, 2], "rotation": 180, "texture": "#3"},
				"west": {"uv": [0, 0, 0.3, 2], "rotation": 180, "texture": "#3"},
				"up": {"uv": [0, 0, 0.3, 0.3], "rotation": 180, "texture": "#3"},
				"down": {"uv": [0, 0, 0.3, 0.3], "rotation": 180, "texture": "#3"}
			}
		},
		{
			"from": [7.33563, 9.76836, 7.65244],
			"to": [7.63563, 12.76836, 7.95244],
			"rotation": {"angle": 0, "axis": "z", "origin": [7.47428, 11.76834, 7.8138]},
			"faces": {
				"north": {"uv": [0, 0, 0.3, 3], "texture": "#3"},
				"east": {"uv": [0, 0, 0.3, 3], "texture": "#3"},
				"south": {"uv": [0, 0, 0.3, 3], "texture": "#3"},
				"west": {"uv": [0, 0, 0.3, 3], "texture": "#3"},
				"up": {"uv": [0, 0, 0.3, 0.3], "texture": "#3"},
				"down": {"uv": [0, 0, 0.3, 0.3], "texture": "#3"}
			}
		},
		{
			"from": [6.60137, 6.03543, 7.64414],
			"to": [6.90137, 8.03543, 7.94414],
			"rotation": {"angle": 0, "axis": "z", "origin": [6.74002, 7.03541, 7.80551]},
			"faces": {
				"north": {"uv": [0, 0, 0.3, 2], "texture": "#3"},
				"east": {"uv": [0, 0, 0.3, 2], "texture": "#3"},
				"south": {"uv": [0, 0, 0.3, 2], "texture": "#3"},
				"west": {"uv": [0, 0, 0.3, 2], "texture": "#3"},
				"up": {"uv": [0, 0, 0.3, 0.3], "texture": "#3"},
				"down": {"uv": [0, 0, 0.3, 0.3], "texture": "#3"}
			}
		},
		{
			"name": "octagon",
			"from": [6.16397, 17, 6.42786],
			"to": [7.30919, 24.25, 9.19266],
			"rotation": {"angle": 22.5, "axis": "y", "origin": [6.73658, 18, 7.81026]},
			"faces": {
				"north": {"uv": [0, 0, 1, 1], "texture": "#0"},
				"east": {"uv": [0, 0, 1, 1], "texture": "#0"},
				"south": {"uv": [0, 0, 1, 1], "texture": "#0"},
				"west": {"uv": [0, 0, 1, 1], "texture": "#0"},
				"up": {"uv": [0, 0, 1, 1], "texture": "#0"},
				"down": {"uv": [0, 0, 1, 1], "texture": "#0"}
			}
		},
		{
			"name": "octagon",
			"from": [6.16397, 17, 6.42786],
			"to": [7.30919, 24.25, 9.19266],
			"rotation": {"angle": -22.5, "axis": "y", "origin": [6.73658, 18, 7.81026]},
			"faces": {
				"north": {"uv": [0, 0, 1, 1], "texture": "#0"},
				"east": {"uv": [0, 0, 1, 1], "texture": "#0"},
				"south": {"uv": [0, 0, 1, 1], "texture": "#0"},
				"west": {"uv": [0, 0, 1, 1], "texture": "#0"},
				"up": {"uv": [0, 0, 1, 1], "texture": "#0"},
				"down": {"uv": [0, 0, 1, 1], "texture": "#0"}
			}
		},
		{
			"name": "octagon",
			"from": [5.35418, 17, 7.23765],
			"to": [8.11898, 24.25, 8.38287],
			"rotation": {"angle": 22.5, "axis": "y", "origin": [6.73658, 18, 7.81026]},
			"faces": {
				"north": {"uv": [0, 0, 1, 1], "texture": "#0"},
				"east": {"uv": [0, 0, 1, 1], "texture": "#0"},
				"south": {"uv": [0, 0, 1, 1], "texture": "#0"},
				"west": {"uv": [0, 0, 1, 1], "texture": "#0"},
				"up": {"uv": [0, 0, 1, 1], "texture": "#0"},
				"down": {"uv": [0, 0, 1, 1], "texture": "#0"}
			}
		},
		{
			"name": "octagon",
			"from": [5.35418, 17, 7.23765],
			"to": [8.11898, 24.25, 8.38287],
			"rotation": {"angle": -22.5, "axis": "y", "origin": [6.73658, 18, 7.81026]},
			"faces": {
				"north": {"uv": [0, 0, 1, 1], "texture": "#0"},
				"east": {"uv": [0, 0, 1, 1], "texture": "#0"},
				"south": {"uv": [0, 0, 1, 1], "texture": "#0"},
				"west": {"uv": [0, 0, 1, 1], "texture": "#0"},
				"up": {"uv": [0, 0, 1, 1], "texture": "#0"},
				"down": {"uv": [0, 0, 1, 1], "texture": "#0"}
			}
		},
		{
			"name": "octagon",
			"from": [5.47824, 20, 4.77236],
			"to": [7.99492, 22, 10.84816],
			"rotation": {"angle": 22.5, "axis": "y", "origin": [6.73658, 20.5, 7.81026]},
			"faces": {
				"north": {"uv": [0, 0, 1, 1], "texture": "#0"},
				"east": {"uv": [0, 0, 1, 1], "texture": "#0"},
				"south": {"uv": [0, 0, 1, 1], "texture": "#0"},
				"west": {"uv": [0, 0, 1, 1], "texture": "#0"},
				"up": {"uv": [0, 0, 1, 1], "texture": "#0"},
				"down": {"uv": [0, 0, 1, 1], "texture": "#0"}
			}
		},
		{
			"name": "octagon",
			"from": [5.47824, 20, 4.77236],
			"to": [7.99492, 22, 10.84816],
			"rotation": {"angle": -22.5, "axis": "y", "origin": [6.73658, 20.5, 7.81026]},
			"faces": {
				"north": {"uv": [0, 0, 1, 1], "texture": "#0"},
				"east": {"uv": [0, 0, 1, 1], "texture": "#0"},
				"south": {"uv": [0, 0, 1, 1], "texture": "#0"},
				"west": {"uv": [0, 0, 1, 1], "texture": "#0"},
				"up": {"uv": [0, 0, 1, 1], "texture": "#0"},
				"down": {"uv": [0, 0, 1, 1], "texture": "#0"}
			}
		},
		{
			"name": "octagon",
			"from": [3.69868, 20, 6.55192],
			"to": [9.77448, 22, 9.0686],
			"rotation": {"angle": 22.5, "axis": "y", "origin": [6.73658, 20.5, 7.81026]},
			"faces": {
				"north": {"uv": [0, 0, 1, 1], "texture": "#0"},
				"east": {"uv": [0, 0, 1, 1], "texture": "#0"},
				"south": {"uv": [0, 0, 1, 1], "texture": "#0"},
				"west": {"uv": [0, 0, 1, 1], "texture": "#0"},
				"up": {"uv": [0, 0, 1, 1], "texture": "#0"},
				"down": {"uv": [0, 0, 1, 1], "texture": "#0"}
			}
		},
		{
			"name": "octagon",
			"from": [3.69868, 20, 6.55192],
			"to": [9.77448, 22, 9.0686],
			"rotation": {"angle": -22.5, "axis": "y", "origin": [6.73658, 20.5, 7.81026]},
			"faces": {
				"north": {"uv": [0, 0, 1, 1], "texture": "#0"},
				"east": {"uv": [0, 0, 1, 1], "texture": "#0"},
				"south": {"uv": [0, 0, 1, 1], "texture": "#0"},
				"west": {"uv": [0, 0, 1, 1], "texture": "#0"},
				"up": {"uv": [0, 0, 1, 1], "texture": "#0"},
				"down": {"uv": [0, 0, 1, 1], "texture": "#0"}
			}
		},
		{
			"name": "octagon",
			"from": [5.59264, 19, 5.04853],
			"to": [7.88053, 22.75, 10.57199],
			"rotation": {"angle": 22.5, "axis": "y", "origin": [6.73658, 19.5, 7.81026]},
			"faces": {
				"north": {"uv": [0, 0, 1, 1], "texture": "#0"},
				"east": {"uv": [0, 0, 1, 1], "texture": "#0"},
				"south": {"uv": [0, 0, 1, 1], "texture": "#0"},
				"west": {"uv": [0, 0, 1, 1], "texture": "#0"},
				"up": {"uv": [0, 0, 1, 1], "texture": "#0"},
				"down": {"uv": [0, 0, 1, 1], "texture": "#0"}
			}
		},
		{
			"name": "octagon",
			"from": [5.59264, 19, 5.04853],
			"to": [7.88053, 22.75, 10.57199],
			"rotation": {"angle": -22.5, "axis": "y", "origin": [6.73658, 19.5, 7.81026]},
			"faces": {
				"north": {"uv": [0, 0, 1, 1], "texture": "#0"},
				"east": {"uv": [0, 0, 1, 1], "texture": "#0"},
				"south": {"uv": [0, 0, 1, 1], "texture": "#0"},
				"west": {"uv": [0, 0, 1, 1], "texture": "#0"},
				"up": {"uv": [0, 0, 1, 1], "texture": "#0"},
				"down": {"uv": [0, 0, 1, 1], "texture": "#0"}
			}
		},
		{
			"name": "octagon",
			"from": [3.97485, 19, 6.66631],
			"to": [9.49831, 22.75, 8.9542],
			"rotation": {"angle": 22.5, "axis": "y", "origin": [6.73658, 19.5, 7.81026]},
			"faces": {
				"north": {"uv": [0, 0, 1, 1], "texture": "#0"},
				"east": {"uv": [0, 0, 1, 1], "texture": "#0"},
				"south": {"uv": [0, 0, 1, 1], "texture": "#0"},
				"west": {"uv": [0, 0, 1, 1], "texture": "#0"},
				"up": {"uv": [0, 0, 1, 1], "texture": "#0"},
				"down": {"uv": [0, 0, 1, 1], "texture": "#0"}
			}
		},
		{
			"name": "octagon",
			"from": [3.97485, 19, 6.66631],
			"to": [9.49831, 22.75, 8.9542],
			"rotation": {"angle": -22.5, "axis": "y", "origin": [6.73658, 19.5, 7.81026]},
			"faces": {
				"north": {"uv": [0, 0, 1, 1], "texture": "#0"},
				"east": {"uv": [0, 0, 1, 1], "texture": "#0"},
				"south": {"uv": [0, 0, 1, 1], "texture": "#0"},
				"west": {"uv": [0, 0, 1, 1], "texture": "#0"},
				"up": {"uv": [0, 0, 1, 1], "texture": "#0"},
				"down": {"uv": [0, 0, 1, 1], "texture": "#0"}
			}
		},
		{
			"name": "octagon",
			"from": [5.75042, 18.25, 5.42946],
			"to": [7.72274, 23.5, 10.19106],
			"rotation": {"angle": 22.5, "axis": "y", "origin": [6.73658, 18.75, 7.81026]},
			"faces": {
				"north": {"uv": [0, 0, 1, 1], "texture": "#0"},
				"east": {"uv": [0, 0, 1, 1], "texture": "#0"},
				"south": {"uv": [0, 0, 1, 1], "texture": "#0"},
				"west": {"uv": [0, 0, 1, 1], "texture": "#0"},
				"up": {"uv": [0, 0, 1, 1], "texture": "#0"},
				"down": {"uv": [0, 0, 1, 1], "texture": "#0"}
			}
		},
		{
			"name": "octagon",
			"from": [5.75042, 18.25, 5.42946],
			"to": [7.72274, 23.5, 10.19106],
			"rotation": {"angle": -22.5, "axis": "y", "origin": [6.73658, 18.75, 7.81026]},
			"faces": {
				"north": {"uv": [0, 0, 1, 1], "texture": "#0"},
				"east": {"uv": [0, 0, 1, 1], "texture": "#0"},
				"south": {"uv": [0, 0, 1, 1], "texture": "#0"},
				"west": {"uv": [0, 0, 1, 1], "texture": "#0"},
				"up": {"uv": [0, 0, 1, 1], "texture": "#0"},
				"down": {"uv": [0, 0, 1, 1], "texture": "#0"}
			}
		},
		{
			"name": "octagon",
			"from": [4.35578, 18.25, 6.8241],
			"to": [9.11738, 23.5, 8.79642],
			"rotation": {"angle": 22.5, "axis": "y", "origin": [6.73658, 18.75, 7.81026]},
			"faces": {
				"north": {"uv": [0, 0, 1, 1], "texture": "#0"},
				"east": {"uv": [0, 0, 1, 1], "texture": "#0"},
				"south": {"uv": [0, 0, 1, 1], "texture": "#0"},
				"west": {"uv": [0, 0, 1, 1], "texture": "#0"},
				"up": {"uv": [0, 0, 1, 1], "texture": "#0"},
				"down": {"uv": [0, 0, 1, 1], "texture": "#0"}
			}
		},
		{
			"name": "octagon",
			"from": [4.35578, 18.25, 6.8241],
			"to": [9.11738, 23.5, 8.79642],
			"rotation": {"angle": -22.5, "axis": "y", "origin": [6.73658, 18.75, 7.81026]},
			"faces": {
				"north": {"uv": [0, 0, 1, 1], "texture": "#0"},
				"east": {"uv": [0, 0, 1, 1], "texture": "#0"},
				"south": {"uv": [0, 0, 1, 1], "texture": "#0"},
				"west": {"uv": [0, 0, 1, 1], "texture": "#0"},
				"up": {"uv": [0, 0, 1, 1], "texture": "#0"},
				"down": {"uv": [0, 0, 1, 1], "texture": "#0"}
			}
		},
		{
			"name": "octagon",
			"from": [5.94129, 17.5, 5.89026],
			"to": [7.53187, 24, 9.73026],
			"rotation": {"angle": 22.5, "axis": "y", "origin": [6.73658, 18, 7.81026]},
			"faces": {
				"north": {"uv": [0, 0, 1, 1], "texture": "#0"},
				"east": {"uv": [0, 0, 1, 1], "texture": "#0"},
				"south": {"uv": [0, 0, 1, 1], "texture": "#0"},
				"west": {"uv": [0, 0, 1, 1], "texture": "#0"},
				"up": {"uv": [0, 0, 1, 1], "texture": "#0"},
				"down": {"uv": [0, 0, 1, 1], "texture": "#0"}
			}
		},
		{
			"name": "octagon",
			"from": [5.94129, 17.5, 5.89026],
			"to": [7.53187, 24, 9.73026],
			"rotation": {"angle": -22.5, "axis": "y", "origin": [6.73658, 18, 7.81026]},
			"faces": {
				"north": {"uv": [0, 0, 1, 1], "texture": "#0"},
				"east": {"uv": [0, 0, 1, 1], "texture": "#0"},
				"south": {"uv": [0, 0, 1, 1], "texture": "#0"},
				"west": {"uv": [0, 0, 1, 1], "texture": "#0"},
				"up": {"uv": [0, 0, 1, 1], "texture": "#0"},
				"down": {"uv": [0, 0, 1, 1], "texture": "#0"}
			}
		},
		{
			"name": "octagon",
			"from": [4.81658, 17.5, 7.01497],
			"to": [8.65658, 24, 8.60555],
			"rotation": {"angle": 22.5, "axis": "y", "origin": [6.73658, 18, 7.81026]},
			"faces": {
				"north": {"uv": [0, 0, 1, 1], "texture": "#0"},
				"east": {"uv": [0, 0, 1, 1], "texture": "#0"},
				"south": {"uv": [0, 0, 1, 1], "texture": "#0"},
				"west": {"uv": [0, 0, 1, 1], "texture": "#0"},
				"up": {"uv": [0, 0, 1, 1], "texture": "#0"},
				"down": {"uv": [0, 0, 1, 1], "texture": "#0"}
			}
		},
		{
			"name": "octagon",
			"from": [4.81658, 17.5, 7.01497],
			"to": [8.65658, 24, 8.60555],
			"rotation": {"angle": -22.5, "axis": "y", "origin": [6.73658, 18, 7.81026]},
			"faces": {
				"north": {"uv": [0, 0, 1, 1], "texture": "#0"},
				"east": {"uv": [0, 0, 1, 1], "texture": "#0"},
				"south": {"uv": [0, 0, 1, 1], "texture": "#0"},
				"west": {"uv": [0, 0, 1, 1], "texture": "#0"},
				"up": {"uv": [0, 0, 1, 1], "texture": "#0"},
				"down": {"uv": [0, 0, 1, 1], "texture": "#0"}
			}
		},
		{
			"from": [6.23658, 16.5, 7.31026],
			"to": [7.23658, 17, 8.31026],
			"rotation": {"angle": 0, "axis": "y", "origin": [14.23658, 16.5, 10.31026]},
			"faces": {
				"north": {"uv": [0, 0, 1, 0.5], "texture": "#0"},
				"east": {"uv": [0, 0, 1, 0.5], "texture": "#0"},
				"south": {"uv": [0, 0, 1, 0.5], "texture": "#0"},
				"west": {"uv": [0, 0, 1, 0.5], "texture": "#0"},
				"up": {"uv": [0, 0, 1, 1], "texture": "#0"},
				"down": {"uv": [0, 0, 1, 1], "texture": "#0"}
			}
		}
	],
	"display": {
		"thirdperson_righthand": {
			"rotation": [65.5, -126, 0],
			"translation": [-0.75, 3, 8.5],
			"scale": [1.13672, 1.13672, 1.13672]
		},
		"thirdperson_lefthand": {
			"rotation": [65.5, 37, 0],
			"translation": [0, 2.5, 8.5],
			"scale": [1.13672, 1.13672, 1.13672]
		},
		"firstperson_righthand": {
			"translation": [3, 2.75, 0],
			"scale": [0.4, 0.4, 0.4]
		},
		"firstperson_lefthand": {
			"translation": [3, 2.75, 0],
			"scale": [0.4, 0.4, 0.4]
		},
		"ground": {
			"translation": [0, 3, 0],
			"scale": [0.8, 0.8, 0.8]
		},
		"gui": {
			"rotation": [30, -56, 0],
			"translation": [0, -2, 0],
			"scale": [0.625, 0.625, 0.625]
		},
		"head": {
			"translation": [0, 18, 0],
			"scale": [1.38086, 1.38086, 1.38086]
		},
		"fixed": {
			"rotation": [-90, 0, 0],
			"translation": [0, 0, -15],
			"scale": [2, 2, 2]
		}
	},
	"groups": [
		{
			"name": "String",
			"origin": [8.00344, 6.03541, 7.99525],
			"children": [0, 1, 2, 3, 4, 5, 6]
		},
		{
			"name": "Balloon Middle",
			"origin": [8, 8, 8],
			"children": [
				{
					"name": "Balloon",
					"origin": [8, 8, 8],
					"children": [
						{
							"name": "octagon",
							"origin": [8, 8, 8],
							"children": [7, 8, 9, 10]
						},
						{
							"name": "octagon",
							"origin": [8, 8, 8],
							"children": [11, 12, 13, 14]
						},
						{
							"name": "octagon",
							"origin": [8, 8, 8],
							"children": [15, 16, 17, 18]
						},
						{
							"name": "octagon",
							"origin": [8, 8, 8],
							"children": [19, 20, 21, 22]
						},
						{
							"name": "octagon",
							"origin": [8, 8, 8],
							"children": [23, 24, 25, 26]
						}
					]
				}, 27]
		}
	]
}