{
	"credit": "Made with Blockbench",
	"textures": {
		"0": "block/MizunoArchive/white_wool",
		"1": "block/MizunoArchive/blue_wool",
		"2": "block/MizunoArchive/light_blue_wool",
		"3": "block/MizunoArchive/white_wool",
		"4": "block/MizunoArchive/canvas",
		"particle": "block/MizunoArchive/white_wool"
	},
	"elements": [
		{
			"from": [6.53341, 3.07044, 7.26091],
			"to": [8.71077, 3.43333, 8.71248],
			"rotation": {"angle": 0, "axis": "y", "origin": [8.34788, 11.77988, 8.71248]},
			"faces": {
				"north": {"uv": [0, 0, 1.5, 0.25], "texture": "#4"},
				"east": {"uv": [0, 0, 1, 0.25], "texture": "#4"},
				"south": {"uv": [0, 0, 1.5, 0.25], "texture": "#4"},
				"west": {"uv": [0, 0, 1, 0.25], "texture": "#4"},
				"up": {"uv": [0, 0, 1.5, 1], "texture": "#4"},
				"down": {"uv": [0, 0, 1.5, 1], "texture": "#4"}
			}
		},
		{
			"from": [6.8963, 3.07044, 6.89802],
			"to": [8.34788, 3.43333, 9.07538],
			"rotation": {"angle": 0, "axis": "y", "origin": [8.34788, 11.77988, 8.71248]},
			"faces": {
				"north": {"uv": [0, 0, 1, 0.25], "texture": "#4"},
				"east": {"uv": [0, 0, 1.5, 0.25], "texture": "#4"},
				"south": {"uv": [0, 0, 1, 0.25], "texture": "#4"},
				"west": {"uv": [0, 0, 1.5, 0.25], "texture": "#4"},
				"up": {"uv": [0, 0, 1, 1.5], "texture": "#4"},
				"down": {"uv": [0, 0, 1, 1.5], "texture": "#4"}
			}
		},
		{
			"from": [6.8963, 2.34465, 7.26091],
			"to": [8.34788, 3.07044, 8.71248],
			"rotation": {"angle": 0, "axis": "y", "origin": [8.34788, 11.77988, 8.71248]},
			"faces": {
				"north": {"uv": [0, 0, 1, 0.5], "texture": "#4"},
				"east": {"uv": [0, 0, 1, 0.5], "texture": "#4"},
				"south": {"uv": [0, 0, 1, 0.5], "texture": "#4"},
				"west": {"uv": [0, 0, 1, 0.5], "texture": "#4"},
				"up": {"uv": [0, 0, 1, 1], "texture": "#4"},
				"down": {"uv": [0, 0, 1, 1], "texture": "#4"}
			}
		},
		{
			"from": [6.53341, 2.1995, 6.89802],
			"to": [8.71077, 2.56239, 9.07538],
			"rotation": {"angle": 0, "axis": "y", "origin": [8.34788, 11.63472, 8.71248]},
			"faces": {
				"north": {"uv": [0, 0, 1.5, 0.25], "texture": "#4"},
				"east": {"uv": [0, 0, 1.5, 0.25], "texture": "#4"},
				"south": {"uv": [0, 0, 1.5, 0.25], "texture": "#4"},
				"west": {"uv": [0, 0, 1.5, 0.25], "texture": "#4"},
				"up": {"uv": [0, 0, 1.5, 1.5], "texture": "#4"},
				"down": {"uv": [0, 0, 1.5, 1.5], "texture": "#4"}
			}
		},
		{
			"from": [6.17052, 0.02213, 6.89802],
			"to": [9.07366, 2.1995, 9.07538],
			"rotation": {"angle": 0, "axis": "y", "origin": [8.34788, 11.63472, 8.71248]},
			"faces": {
				"north": {"uv": [0, 0, 2, 1.5], "texture": "#4"},
				"east": {"uv": [0, 0, 1.5, 1.5], "texture": "#4"},
				"south": {"uv": [0, 0, 2, 1.5], "texture": "#4"},
				"west": {"uv": [0, 0, 1.5, 1.5], "texture": "#4"},
				"up": {"uv": [0, 0, 2, 1.5], "texture": "#4"},
				"down": {"uv": [0, 0, 2, 1.5], "texture": "#4"}
			}
		},
		{
			"from": [6.53341, 0.02213, 6.53512],
			"to": [8.71077, 2.1995, 9.43827],
			"rotation": {"angle": 0, "axis": "y", "origin": [8.34788, 11.63472, 8.71248]},
			"faces": {
				"north": {"uv": [0, 0, 1.5, 1.5], "texture": "#4"},
				"east": {"uv": [0, 0, 2, 1.5], "texture": "#4"},
				"south": {"uv": [0, 0, 1.5, 1.5], "texture": "#4"},
				"west": {"uv": [0, 0, 2, 1.5], "texture": "#4"},
				"up": {"uv": [0, 0, 1.5, 2], "texture": "#4"},
				"down": {"uv": [0, 0, 1.5, 2], "texture": "#4"}
			}
		},
		{
			"from": [7.3639, 2.96329, 8.52671],
			"to": [7.6639, 5.96329, 8.82671],
			"rotation": {"angle": 22.5, "axis": "x", "origin": [7.5267, 5.07922, 8.67897]},
			"faces": {
				"north": {"uv": [0.6, 0, 0.9, 1.75], "texture": "#3"},
				"east": {"uv": [0.6, 0, 0.9, 1.75], "texture": "#3"},
				"south": {"uv": [0.6, 0, 0.9, 1.75], "texture": "#3"},
				"west": {"uv": [0.6, 0, 0.9, 1.75], "texture": "#3"},
				"up": {"uv": [0.6, 0, 0.9, 0.3], "rotation": 270, "texture": "#3"},
				"down": {"uv": [0.6, 0, 0.9, 0.3], "rotation": 90, "texture": "#3"}
			}
		},
		{
			"from": [7.3631, 5.66213, 10.9043],
			"to": [7.6631, 7.41213, 11.2043],
			"rotation": {"angle": 45, "axis": "x", "origin": [7.51588, 8.25212, 10.24235]},
			"faces": {
				"north": {"uv": [0.6, 0, 0.9, 1.75], "texture": "#3"},
				"east": {"uv": [0.6, 0, 0.9, 1.75], "texture": "#3"},
				"south": {"uv": [0.6, 0, 0.9, 1.75], "texture": "#3"},
				"west": {"uv": [0.6, 0, 0.9, 1.75], "texture": "#3"},
				"up": {"uv": [0.6, 0, 0.9, 0.3], "rotation": 270, "texture": "#3"},
				"down": {"uv": [0.6, 0, 0.9, 0.3], "rotation": 90, "texture": "#3"}
			}
		},
		{
			"from": [6.8702, 7.11972, 10.02873],
			"to": [7.1702, 9.11972, 10.32873],
			"rotation": {"angle": 22.5, "axis": "z", "origin": [7.43751, 8.26384, 10.17592]},
			"faces": {
				"north": {"uv": [0.3, 0, 0.6, 2], "texture": "#3"},
				"east": {"uv": [0.3, 0, 0.6, 2], "texture": "#3"},
				"south": {"uv": [0.3, 0, 0.6, 2], "texture": "#3"},
				"west": {"uv": [0.3, 0, 0.6, 2], "texture": "#3"},
				"up": {"uv": [0.3, 0, 0.6, 0.3], "rotation": 180, "texture": "#3"},
				"down": {"uv": [0.3, 0, 0.6, 0.3], "rotation": 180, "texture": "#3"}
			}
		},
		{
			"from": [6.5851, 9.09256, 9.85164],
			"to": [6.8851, 11.09256, 10.15164],
			"rotation": {"angle": 22.5, "axis": "x", "origin": [6.73793, 8.51891, 9.29997]},
			"faces": {
				"north": {"uv": [0, 0, 0.3, 2], "rotation": 180, "texture": "#3"},
				"east": {"uv": [0, 0, 0.3, 2], "rotation": 180, "texture": "#3"},
				"south": {"uv": [0, 0, 0.3, 2], "rotation": 180, "texture": "#3"},
				"west": {"uv": [0, 0, 0.3, 2], "rotation": 180, "texture": "#3"},
				"up": {"uv": [0, 0, 0.3, 0.3], "rotation": 90, "texture": "#3"},
				"down": {"uv": [0, 0, 0.3, 0.3], "rotation": 270, "texture": "#3"}
			}
		},
		{
			"from": [6.58516, 11.11372, 8.82703],
			"to": [6.88516, 12.61372, 9.12703],
			"rotation": {"angle": 45, "axis": "x", "origin": [6.72967, 8.52492, 9.29398]},
			"faces": {
				"north": {"uv": [0, 0, 0.3, 1.5], "texture": "#3"},
				"east": {"uv": [0, 0, 0.3, 1.5], "texture": "#3"},
				"south": {"uv": [0, 0, 0.3, 1.5], "texture": "#3"},
				"west": {"uv": [0, 0, 0.3, 1.5], "texture": "#3"},
				"up": {"uv": [0, 0, 0.3, 0.3], "rotation": 270, "texture": "#3"},
				"down": {"uv": [0, 0, 0.3, 0.3], "rotation": 90, "texture": "#3"}
			}
		},
		{
			"from": [6.58758, 11.66398, 10.76471],
			"to": [6.88758, 13.16398, 11.06471],
			"rotation": {"angle": 22.5, "axis": "x", "origin": [6.73209, 9.07517, 11.23166]},
			"faces": {
				"north": {"uv": [0, 0, 0.3, 1.5], "texture": "#3"},
				"east": {"uv": [0, 0, 0.3, 1.5], "texture": "#3"},
				"south": {"uv": [0, 0, 0.3, 1.5], "texture": "#3"},
				"west": {"uv": [0, 0, 0.3, 1.5], "texture": "#3"},
				"up": {"uv": [0, 0, 0.3, 0.3], "rotation": 270, "texture": "#3"},
				"down": {"uv": [0, 0, 0.3, 0.3], "rotation": 90, "texture": "#3"}
			}
		},
		{
			"from": [6.58574, 12.91704, 12.34357],
			"to": [6.88574, 14.91704, 12.64357],
			"rotation": {"angle": 0, "axis": "y", "origin": [14.23574, 14.91704, 14.99357]},
			"faces": {
				"north": {"uv": [0, 0, 0.3, 2], "texture": "#3"},
				"east": {"uv": [0, 0, 0.3, 2], "texture": "#3"},
				"south": {"uv": [0, 0, 0.3, 2], "texture": "#3"},
				"west": {"uv": [0, 0, 0.3, 2], "texture": "#3"},
				"up": {"uv": [0, 0, 0.3, 0.3], "texture": "#3"},
				"down": {"uv": [0, 0, 0.3, 0.3], "texture": "#3"}
			}
		},
		{
			"from": [6.58658, 17.5, 7.66026],
			"to": [6.88658, 19.5, 7.96026],
			"rotation": {"angle": 0, "axis": "y", "origin": [14.23658, 19.5, 10.31026]},
			"faces": {
				"north": {"uv": [0, 0, 0.3, 2], "texture": "#3"},
				"east": {"uv": [0, 0, 0.3, 2], "texture": "#3"},
				"south": {"uv": [0, 0, 0.3, 2], "texture": "#3"},
				"west": {"uv": [0, 0, 0.3, 2], "texture": "#3"},
				"up": {"uv": [0, 0, 0.3, 0.3], "texture": "#3"},
				"down": {"uv": [0, 0, 0.3, 0.3], "texture": "#3"}
			}
		},
		{
			"from": [6.96198, 15.62984, 7.65634],
			"to": [7.26198, 17.62984, 7.95634],
			"rotation": {"angle": 22.5, "axis": "z", "origin": [7.10064, 16.62982, 7.8177]},
			"faces": {
				"north": {"uv": [0, 0, 0.3, 2], "texture": "#3"},
				"east": {"uv": [0, 0, 0.3, 2], "texture": "#3"},
				"south": {"uv": [0, 0, 0.3, 2], "texture": "#3"},
				"west": {"uv": [0, 0, 0.3, 2], "texture": "#3"},
				"up": {"uv": [0, 0, 0.3, 0.3], "texture": "#3"},
				"down": {"uv": [0, 0, 0.3, 0.3], "texture": "#3"}
			}
		},
		{
			"from": [6.97353, 7.41456, 7.64417],
			"to": [7.27353, 9.16456, 7.94417],
			"rotation": {"angle": 22.5, "axis": "z", "origin": [7.11219, 8.16454, 7.80553]},
			"faces": {
				"north": {"uv": [0, 0, 0.3, 1.75], "texture": "#3"},
				"east": {"uv": [0, 0, 0.3, 1.75], "texture": "#3"},
				"south": {"uv": [0, 0, 0.3, 1.75], "texture": "#3"},
				"west": {"uv": [0, 0, 0.3, 1.75], "texture": "#3"},
				"up": {"uv": [0, 0, 0.3, 0.3], "texture": "#3"},
				"down": {"uv": [0, 0, 0.3, 0.3], "texture": "#3"}
			}
		},
		{
			"from": [7.2511, 3.28387, 7.64084],
			"to": [7.5511, 7.53387, 7.94084],
			"rotation": {"angle": 0, "axis": "z", "origin": [7.38976, 6.53385, 7.8022]},
			"faces": {
				"north": {"uv": [0, 0, 0.3, 2.25], "texture": "#3"},
				"east": {"uv": [0, 0, 0.3, 2.25], "texture": "#3"},
				"south": {"uv": [0, 0, 0.3, 2.25], "texture": "#3"},
				"west": {"uv": [0, 0, 0.3, 2.25], "texture": "#3"},
				"up": {"uv": [0, 0, 0.3, 0.3], "texture": "#3"},
				"down": {"uv": [0, 0, 0.3, 0.3], "texture": "#3"}
			}
		},
		{
			"from": [6.97066, 10.89944, 7.64412],
			"to": [7.27066, 12.89944, 7.94412],
			"rotation": {"angle": -22.5, "axis": "z", "origin": [7.12789, 11.89575, 7.80157]},
			"faces": {
				"north": {"uv": [0, 0, 0.3, 2], "rotation": 180, "texture": "#3"},
				"east": {"uv": [0, 0, 0.3, 2], "rotation": 180, "texture": "#3"},
				"south": {"uv": [0, 0, 0.3, 2], "rotation": 180, "texture": "#3"},
				"west": {"uv": [0, 0, 0.3, 2], "rotation": 180, "texture": "#3"},
				"up": {"uv": [0, 0, 0.3, 0.3], "rotation": 180, "texture": "#3"},
				"down": {"uv": [0, 0, 0.3, 0.3], "rotation": 180, "texture": "#3"}
			}
		},
		{
			"from": [7.33563, 12.76836, 7.65244],
			"to": [7.63563, 15.76836, 7.95244],
			"rotation": {"angle": 0, "axis": "z", "origin": [7.47428, 14.76834, 7.8138]},
			"faces": {
				"north": {"uv": [0, 0, 0.3, 3], "texture": "#3"},
				"east": {"uv": [0, 0, 0.3, 3], "texture": "#3"},
				"south": {"uv": [0, 0, 0.3, 3], "texture": "#3"},
				"west": {"uv": [0, 0, 0.3, 3], "texture": "#3"},
				"up": {"uv": [0, 0, 0.3, 0.3], "texture": "#3"},
				"down": {"uv": [0, 0, 0.3, 0.3], "texture": "#3"}
			}
		},
		{
			"from": [6.60137, 9.03543, 7.64414],
			"to": [6.90137, 11.03543, 7.94414],
			"rotation": {"angle": 0, "axis": "z", "origin": [6.74002, 10.03541, 7.80551]},
			"faces": {
				"north": {"uv": [0, 0, 0.3, 2], "texture": "#3"},
				"east": {"uv": [0, 0, 0.3, 2], "texture": "#3"},
				"south": {"uv": [0, 0, 0.3, 2], "texture": "#3"},
				"west": {"uv": [0, 0, 0.3, 2], "texture": "#3"},
				"up": {"uv": [0, 0, 0.3, 0.3], "texture": "#3"},
				"down": {"uv": [0, 0, 0.3, 0.3], "texture": "#3"}
			}
		},
		{
			"from": [10.23704, 15.8651, 3.80359],
			"to": [10.53704, 17.1151, 4.10359],
			"rotation": {"angle": 0, "axis": "y", "origin": [10.3907, 16.94057, 3.96287]},
			"faces": {
				"north": {"uv": [0.3, 0, 0.6, 1.25], "texture": "#3"},
				"east": {"uv": [0.3, 0, 0.6, 1.25], "texture": "#3"},
				"south": {"uv": [0.3, 0, 0.6, 1.25], "texture": "#3"},
				"west": {"uv": [0.3, 0, 0.6, 1.25], "texture": "#3"},
				"up": {"uv": [0.3, 0, 0.6, 0.3], "rotation": 90, "texture": "#3"},
				"down": {"uv": [0.3, 0, 0.6, 0.3], "rotation": 270, "texture": "#3"}
			}
		},
		{
			"from": [10.23298, 13.69078, 3.86375],
			"to": [10.53298, 15.94078, 4.16375],
			"rotation": {"angle": -22.5, "axis": "x", "origin": [10.38664, 15.76625, 4.02303]},
			"faces": {
				"north": {"uv": [0.3, 0, 0.6, 2.25], "texture": "#3"},
				"east": {"uv": [0.3, 0, 0.6, 2.25], "texture": "#3"},
				"south": {"uv": [0.3, 0, 0.6, 2.25], "texture": "#3"},
				"west": {"uv": [0.3, 0, 0.6, 2.25], "texture": "#3"},
				"up": {"uv": [0.3, 0, 0.6, 0.3], "rotation": 90, "texture": "#3"},
				"down": {"uv": [0.3, 0, 0.6, 0.3], "rotation": 270, "texture": "#3"}
			}
		},
		{
			"from": [10.66191, 8.77673, 6.64823],
			"to": [10.96191, 9.77673, 6.94823],
			"rotation": {"angle": -45, "axis": "z", "origin": [10.80263, 10.8522, 6.79456]},
			"faces": {
				"north": {"uv": [0, 0, 0.3, 1], "texture": "#3"},
				"east": {"uv": [0, 0, 0.3, 1], "texture": "#3"},
				"south": {"uv": [0, 0, 0.3, 1], "texture": "#3"},
				"west": {"uv": [0, 0, 0.3, 1], "texture": "#3"},
				"up": {"uv": [0, 0, 0.3, 0.3], "texture": "#3"},
				"down": {"uv": [0, 0, 0.3, 0.3], "texture": "#3"}
			}
		},
		{
			"from": [10.65923, 9.88206, 6.65016],
			"to": [10.95923, 10.88206, 6.95016],
			"rotation": {"angle": -22.5, "axis": "z", "origin": [10.79995, 11.95753, 6.7965]},
			"faces": {
				"north": {"uv": [0, 0, 0.3, 1], "texture": "#3"},
				"east": {"uv": [0, 0, 0.3, 1], "texture": "#3"},
				"south": {"uv": [0, 0, 0.3, 1], "texture": "#3"},
				"west": {"uv": [0, 0, 0.3, 1], "texture": "#3"},
				"up": {"uv": [0, 0, 0.3, 0.3], "texture": "#3"},
				"down": {"uv": [0, 0, 0.3, 0.3], "texture": "#3"}
			}
		},
		{
			"from": [9.16081, 4.94093, 6.64808],
			"to": [9.46081, 9.44093, 6.94808],
			"rotation": {"angle": -22.5, "axis": "z", "origin": [9.30153, 9.2664, 6.79442]},
			"faces": {
				"north": {"uv": [0, 0, 0.3, 4.5], "texture": "#3"},
				"east": {"uv": [0, 0, 0.3, 4.5], "texture": "#3"},
				"south": {"uv": [0, 0, 0.3, 4.5], "texture": "#3"},
				"west": {"uv": [0, 0, 0.3, 4.5], "texture": "#3"},
				"up": {"uv": [0, 0, 0.3, 0.3], "texture": "#3"},
				"down": {"uv": [0, 0, 0.3, 0.3], "texture": "#3"}
			}
		},
		{
			"from": [7.4936, 2.80012, 5.55552],
			"to": [7.7936, 5.05012, 5.85552],
			"rotation": {"angle": -22.5, "axis": "x", "origin": [7.63432, 7.87559, 5.70186]},
			"faces": {
				"north": {"uv": [0, 0, 0.3, 4.5], "texture": "#3"},
				"east": {"uv": [0, 0, 0.3, 4.5], "texture": "#3"},
				"south": {"uv": [0, 0, 0.3, 4.5], "texture": "#3"},
				"west": {"uv": [0, 0, 0.3, 4.5], "texture": "#3"},
				"up": {"uv": [0, 0, 0.3, 0.3], "texture": "#3"},
				"down": {"uv": [0, 0, 0.3, 0.3], "texture": "#3"}
			}
		},
		{
			"from": [10.2357, 11.04025, 5.86736],
			"to": [10.5357, 12.29025, 6.16736],
			"rotation": {"angle": -22.5, "axis": "x", "origin": [10.38936, 13.11572, 6.02664]},
			"faces": {
				"north": {"uv": [0.3, 0, 0.6, 1.25], "texture": "#3"},
				"east": {"uv": [0.3, 0, 0.6, 1.25], "texture": "#3"},
				"south": {"uv": [0.3, 0, 0.6, 1.25], "texture": "#3"},
				"west": {"uv": [0.3, 0, 0.6, 1.25], "texture": "#3"},
				"up": {"uv": [0.3, 0, 0.6, 0.3], "rotation": 90, "texture": "#3"},
				"down": {"uv": [0.3, 0, 0.6, 0.3], "rotation": 270, "texture": "#3"}
			}
		},
		{
			"from": [10.23259, 11.70149, 4.74733],
			"to": [10.53259, 13.95149, 5.04733],
			"rotation": {"angle": -45, "axis": "x", "origin": [10.38625, 13.77696, 4.90661]},
			"faces": {
				"north": {"uv": [0.3, 0, 0.6, 2.25], "texture": "#3"},
				"east": {"uv": [0.3, 0, 0.6, 2.25], "texture": "#3"},
				"south": {"uv": [0.3, 0, 0.6, 2.25], "texture": "#3"},
				"west": {"uv": [0.3, 0, 0.6, 2.25], "texture": "#3"},
				"up": {"uv": [0.3, 0, 0.6, 0.3], "rotation": 90, "texture": "#3"},
				"down": {"uv": [0.3, 0, 0.6, 0.3], "rotation": 270, "texture": "#3"}
			}
		},
		{
			"from": [10.23548, 10.90209, 6.65111],
			"to": [10.53548, 11.25209, 6.95111],
			"rotation": {"angle": 0, "axis": "x", "origin": [10.38835, 10.64118, 6.80495]},
			"faces": {
				"north": {"uv": [0.3, 0, 0.6, 0.35], "texture": "#3"},
				"east": {"uv": [0.3, 0, 0.6, 0.35], "texture": "#3"},
				"south": {"uv": [0.3, 0, 0.6, 0.35], "texture": "#3"},
				"west": {"uv": [0.3, 0, 0.6, 0.35], "texture": "#3"},
				"up": {"uv": [0.3, 0, 0.6, 0.3], "rotation": 90, "texture": "#3"},
				"down": {"uv": [0.3, 0, 0.6, 0.3], "rotation": 270, "texture": "#3"}
			}
		},
		{
			"name": "octagon",
			"from": [6.16397, 20, 6.42786],
			"to": [7.30919, 27.25, 9.19266],
			"rotation": {"angle": 22.5, "axis": "y", "origin": [6.73658, 21, 7.81026]},
			"faces": {
				"north": {"uv": [0, 0, 1, 1], "texture": "#0"},
				"east": {"uv": [0, 0, 1, 1], "texture": "#0"},
				"south": {"uv": [0, 0, 1, 1], "texture": "#0"},
				"west": {"uv": [0, 0, 1, 1], "texture": "#0"},
				"up": {"uv": [0, 0, 1, 1], "texture": "#0"},
				"down": {"uv": [0, 0, 1, 1], "texture": "#0"}
			}
		},
		{
			"name": "octagon",
			"from": [6.16397, 20, 6.42786],
			"to": [7.30919, 27.25, 9.19266],
			"rotation": {"angle": -22.5, "axis": "y", "origin": [6.73658, 21, 7.81026]},
			"faces": {
				"north": {"uv": [0, 0, 1, 1], "texture": "#0"},
				"east": {"uv": [0, 0, 1, 1], "texture": "#0"},
				"south": {"uv": [0, 0, 1, 1], "texture": "#0"},
				"west": {"uv": [0, 0, 1, 1], "texture": "#0"},
				"up": {"uv": [0, 0, 1, 1], "texture": "#0"},
				"down": {"uv": [0, 0, 1, 1], "texture": "#0"}
			}
		},
		{
			"name": "octagon",
			"from": [5.35418, 20, 7.23765],
			"to": [8.11898, 27.25, 8.38287],
			"rotation": {"angle": 22.5, "axis": "y", "origin": [6.73658, 21, 7.81026]},
			"faces": {
				"north": {"uv": [0, 0, 1, 1], "texture": "#0"},
				"east": {"uv": [0, 0, 1, 1], "texture": "#0"},
				"south": {"uv": [0, 0, 1, 1], "texture": "#0"},
				"west": {"uv": [0, 0, 1, 1], "texture": "#0"},
				"up": {"uv": [0, 0, 1, 1], "texture": "#0"},
				"down": {"uv": [0, 0, 1, 1], "texture": "#0"}
			}
		},
		{
			"name": "octagon",
			"from": [5.35418, 20, 7.23765],
			"to": [8.11898, 27.25, 8.38287],
			"rotation": {"angle": -22.5, "axis": "y", "origin": [6.73658, 21, 7.81026]},
			"faces": {
				"north": {"uv": [0, 0, 1, 1], "texture": "#0"},
				"east": {"uv": [0, 0, 1, 1], "texture": "#0"},
				"south": {"uv": [0, 0, 1, 1], "texture": "#0"},
				"west": {"uv": [0, 0, 1, 1], "texture": "#0"},
				"up": {"uv": [0, 0, 1, 1], "texture": "#0"},
				"down": {"uv": [0, 0, 1, 1], "texture": "#0"}
			}
		},
		{
			"name": "octagon",
			"from": [5.47824, 23, 4.77236],
			"to": [7.99492, 25, 10.84816],
			"rotation": {"angle": 22.5, "axis": "y", "origin": [6.73658, 23.5, 7.81026]},
			"faces": {
				"north": {"uv": [0, 0, 1, 1], "texture": "#0"},
				"east": {"uv": [0, 0, 1, 1], "texture": "#0"},
				"south": {"uv": [0, 0, 1, 1], "texture": "#0"},
				"west": {"uv": [0, 0, 1, 1], "texture": "#0"},
				"up": {"uv": [0, 0, 1, 1], "texture": "#0"},
				"down": {"uv": [0, 0, 1, 1], "texture": "#0"}
			}
		},
		{
			"name": "octagon",
			"from": [5.47824, 23, 4.77236],
			"to": [7.99492, 25, 10.84816],
			"rotation": {"angle": -22.5, "axis": "y", "origin": [6.73658, 23.5, 7.81026]},
			"faces": {
				"north": {"uv": [0, 0, 1, 1], "texture": "#0"},
				"east": {"uv": [0, 0, 1, 1], "texture": "#0"},
				"south": {"uv": [0, 0, 1, 1], "texture": "#0"},
				"west": {"uv": [0, 0, 1, 1], "texture": "#0"},
				"up": {"uv": [0, 0, 1, 1], "texture": "#0"},
				"down": {"uv": [0, 0, 1, 1], "texture": "#0"}
			}
		},
		{
			"name": "octagon",
			"from": [3.69868, 23, 6.55192],
			"to": [9.77448, 25, 9.0686],
			"rotation": {"angle": 22.5, "axis": "y", "origin": [6.73658, 23.5, 7.81026]},
			"faces": {
				"north": {"uv": [0, 0, 1, 1], "texture": "#0"},
				"east": {"uv": [0, 0, 1, 1], "texture": "#0"},
				"south": {"uv": [0, 0, 1, 1], "texture": "#0"},
				"west": {"uv": [0, 0, 1, 1], "texture": "#0"},
				"up": {"uv": [0, 0, 1, 1], "texture": "#0"},
				"down": {"uv": [0, 0, 1, 1], "texture": "#0"}
			}
		},
		{
			"name": "octagon",
			"from": [3.69868, 23, 6.55192],
			"to": [9.77448, 25, 9.0686],
			"rotation": {"angle": -22.5, "axis": "y", "origin": [6.73658, 23.5, 7.81026]},
			"faces": {
				"north": {"uv": [0, 0, 1, 1], "texture": "#0"},
				"east": {"uv": [0, 0, 1, 1], "texture": "#0"},
				"south": {"uv": [0, 0, 1, 1], "texture": "#0"},
				"west": {"uv": [0, 0, 1, 1], "texture": "#0"},
				"up": {"uv": [0, 0, 1, 1], "texture": "#0"},
				"down": {"uv": [0, 0, 1, 1], "texture": "#0"}
			}
		},
		{
			"name": "octagon",
			"from": [5.59264, 22, 5.04853],
			"to": [7.88053, 25.75, 10.57199],
			"rotation": {"angle": 22.5, "axis": "y", "origin": [6.73658, 22.5, 7.81026]},
			"faces": {
				"north": {"uv": [0, 0, 1, 1], "texture": "#0"},
				"east": {"uv": [0, 0, 1, 1], "texture": "#0"},
				"south": {"uv": [0, 0, 1, 1], "texture": "#0"},
				"west": {"uv": [0, 0, 1, 1], "texture": "#0"},
				"up": {"uv": [0, 0, 1, 1], "texture": "#0"},
				"down": {"uv": [0, 0, 1, 1], "texture": "#0"}
			}
		},
		{
			"name": "octagon",
			"from": [5.59264, 22, 5.04853],
			"to": [7.88053, 25.75, 10.57199],
			"rotation": {"angle": -22.5, "axis": "y", "origin": [6.73658, 22.5, 7.81026]},
			"faces": {
				"north": {"uv": [0, 0, 1, 1], "texture": "#0"},
				"east": {"uv": [0, 0, 1, 1], "texture": "#0"},
				"south": {"uv": [0, 0, 1, 1], "texture": "#0"},
				"west": {"uv": [0, 0, 1, 1], "texture": "#0"},
				"up": {"uv": [0, 0, 1, 1], "texture": "#0"},
				"down": {"uv": [0, 0, 1, 1], "texture": "#0"}
			}
		},
		{
			"name": "octagon",
			"from": [3.97485, 22, 6.66631],
			"to": [9.49831, 25.75, 8.9542],
			"rotation": {"angle": 22.5, "axis": "y", "origin": [6.73658, 22.5, 7.81026]},
			"faces": {
				"north": {"uv": [0, 0, 1, 1], "texture": "#0"},
				"east": {"uv": [0, 0, 1, 1], "texture": "#0"},
				"south": {"uv": [0, 0, 1, 1], "texture": "#0"},
				"west": {"uv": [0, 0, 1, 1], "texture": "#0"},
				"up": {"uv": [0, 0, 1, 1], "texture": "#0"},
				"down": {"uv": [0, 0, 1, 1], "texture": "#0"}
			}
		},
		{
			"name": "octagon",
			"from": [3.97485, 22, 6.66631],
			"to": [9.49831, 25.75, 8.9542],
			"rotation": {"angle": -22.5, "axis": "y", "origin": [6.73658, 22.5, 7.81026]},
			"faces": {
				"north": {"uv": [0, 0, 1, 1], "texture": "#0"},
				"east": {"uv": [0, 0, 1, 1], "texture": "#0"},
				"south": {"uv": [0, 0, 1, 1], "texture": "#0"},
				"west": {"uv": [0, 0, 1, 1], "texture": "#0"},
				"up": {"uv": [0, 0, 1, 1], "texture": "#0"},
				"down": {"uv": [0, 0, 1, 1], "texture": "#0"}
			}
		},
		{
			"name": "octagon",
			"from": [5.75042, 21.25, 5.42946],
			"to": [7.72274, 26.5, 10.19106],
			"rotation": {"angle": 22.5, "axis": "y", "origin": [6.73658, 21.75, 7.81026]},
			"faces": {
				"north": {"uv": [0, 0, 1, 1], "texture": "#0"},
				"east": {"uv": [0, 0, 1, 1], "texture": "#0"},
				"south": {"uv": [0, 0, 1, 1], "texture": "#0"},
				"west": {"uv": [0, 0, 1, 1], "texture": "#0"},
				"up": {"uv": [0, 0, 1, 1], "texture": "#0"},
				"down": {"uv": [0, 0, 1, 1], "texture": "#0"}
			}
		},
		{
			"name": "octagon",
			"from": [5.75042, 21.25, 5.42946],
			"to": [7.72274, 26.5, 10.19106],
			"rotation": {"angle": -22.5, "axis": "y", "origin": [6.73658, 21.75, 7.81026]},
			"faces": {
				"north": {"uv": [0, 0, 1, 1], "texture": "#0"},
				"east": {"uv": [0, 0, 1, 1], "texture": "#0"},
				"south": {"uv": [0, 0, 1, 1], "texture": "#0"},
				"west": {"uv": [0, 0, 1, 1], "texture": "#0"},
				"up": {"uv": [0, 0, 1, 1], "texture": "#0"},
				"down": {"uv": [0, 0, 1, 1], "texture": "#0"}
			}
		},
		{
			"name": "octagon",
			"from": [4.35578, 21.25, 6.8241],
			"to": [9.11738, 26.5, 8.79642],
			"rotation": {"angle": 22.5, "axis": "y", "origin": [6.73658, 21.75, 7.81026]},
			"faces": {
				"north": {"uv": [0, 0, 1, 1], "texture": "#0"},
				"east": {"uv": [0, 0, 1, 1], "texture": "#0"},
				"south": {"uv": [0, 0, 1, 1], "texture": "#0"},
				"west": {"uv": [0, 0, 1, 1], "texture": "#0"},
				"up": {"uv": [0, 0, 1, 1], "texture": "#0"},
				"down": {"uv": [0, 0, 1, 1], "texture": "#0"}
			}
		},
		{
			"name": "octagon",
			"from": [4.35578, 21.25, 6.8241],
			"to": [9.11738, 26.5, 8.79642],
			"rotation": {"angle": -22.5, "axis": "y", "origin": [6.73658, 21.75, 7.81026]},
			"faces": {
				"north": {"uv": [0, 0, 1, 1], "texture": "#0"},
				"east": {"uv": [0, 0, 1, 1], "texture": "#0"},
				"south": {"uv": [0, 0, 1, 1], "texture": "#0"},
				"west": {"uv": [0, 0, 1, 1], "texture": "#0"},
				"up": {"uv": [0, 0, 1, 1], "texture": "#0"},
				"down": {"uv": [0, 0, 1, 1], "texture": "#0"}
			}
		},
		{
			"name": "octagon",
			"from": [5.94129, 20.5, 5.89026],
			"to": [7.53187, 27, 9.73026],
			"rotation": {"angle": 22.5, "axis": "y", "origin": [6.73658, 21, 7.81026]},
			"faces": {
				"north": {"uv": [0, 0, 1, 1], "texture": "#0"},
				"east": {"uv": [0, 0, 1, 1], "texture": "#0"},
				"south": {"uv": [0, 0, 1, 1], "texture": "#0"},
				"west": {"uv": [0, 0, 1, 1], "texture": "#0"},
				"up": {"uv": [0, 0, 1, 1], "texture": "#0"},
				"down": {"uv": [0, 0, 1, 1], "texture": "#0"}
			}
		},
		{
			"name": "octagon",
			"from": [5.94129, 20.5, 5.89026],
			"to": [7.53187, 27, 9.73026],
			"rotation": {"angle": -22.5, "axis": "y", "origin": [6.73658, 21, 7.81026]},
			"faces": {
				"north": {"uv": [0, 0, 1, 1], "texture": "#0"},
				"east": {"uv": [0, 0, 1, 1], "texture": "#0"},
				"south": {"uv": [0, 0, 1, 1], "texture": "#0"},
				"west": {"uv": [0, 0, 1, 1], "texture": "#0"},
				"up": {"uv": [0, 0, 1, 1], "texture": "#0"},
				"down": {"uv": [0, 0, 1, 1], "texture": "#0"}
			}
		},
		{
			"name": "octagon",
			"from": [4.81658, 20.5, 7.01497],
			"to": [8.65658, 27, 8.60555],
			"rotation": {"angle": 22.5, "axis": "y", "origin": [6.73658, 21, 7.81026]},
			"faces": {
				"north": {"uv": [0, 0, 1, 1], "texture": "#0"},
				"east": {"uv": [0, 0, 1, 1], "texture": "#0"},
				"south": {"uv": [0, 0, 1, 1], "texture": "#0"},
				"west": {"uv": [0, 0, 1, 1], "texture": "#0"},
				"up": {"uv": [0, 0, 1, 1], "texture": "#0"},
				"down": {"uv": [0, 0, 1, 1], "texture": "#0"}
			}
		},
		{
			"name": "octagon",
			"from": [4.81658, 20.5, 7.01497],
			"to": [8.65658, 27, 8.60555],
			"rotation": {"angle": -22.5, "axis": "y", "origin": [6.73658, 21, 7.81026]},
			"faces": {
				"north": {"uv": [0, 0, 1, 1], "texture": "#0"},
				"east": {"uv": [0, 0, 1, 1], "texture": "#0"},
				"south": {"uv": [0, 0, 1, 1], "texture": "#0"},
				"west": {"uv": [0, 0, 1, 1], "texture": "#0"},
				"up": {"uv": [0, 0, 1, 1], "texture": "#0"},
				"down": {"uv": [0, 0, 1, 1], "texture": "#0"}
			}
		},
		{
			"from": [6.23658, 19.5, 7.31026],
			"to": [7.23658, 20, 8.31026],
			"rotation": {"angle": 0, "axis": "y", "origin": [14.23658, 19.5, 10.31026]},
			"faces": {
				"north": {"uv": [0, 0, 1, 0.5], "texture": "#0"},
				"east": {"uv": [0, 0, 1, 0.5], "texture": "#0"},
				"south": {"uv": [0, 0, 1, 0.5], "texture": "#0"},
				"west": {"uv": [0, 0, 1, 0.5], "texture": "#0"},
				"up": {"uv": [0, 0, 1, 1], "texture": "#0"},
				"down": {"uv": [0, 0, 1, 1], "texture": "#0"}
			}
		},
		{
			"name": "octagon",
			"from": [9.00464, 17.6151, 3.38098],
			"to": [11.76944, 24.8651, 4.5262],
			"rotation": {"angle": -22.5, "axis": "y", "origin": [10.38704, 18.6151, 3.95359]},
			"faces": {
				"north": {"uv": [1, 0, 0, 1], "texture": "#1"},
				"east": {"uv": [1, 0, 0, 1], "texture": "#1"},
				"south": {"uv": [1, 0, 0, 1], "texture": "#1"},
				"west": {"uv": [1, 0, 0, 1], "texture": "#1"},
				"up": {"uv": [1, 0, 0, 1], "rotation": 90, "texture": "#1"},
				"down": {"uv": [1, 0, 0, 1], "rotation": 270, "texture": "#1"}
			}
		},
		{
			"name": "octagon",
			"from": [9.00464, 17.6151, 3.38098],
			"to": [11.76944, 24.8651, 4.5262],
			"rotation": {"angle": 22.5, "axis": "y", "origin": [10.38704, 18.6151, 3.95359]},
			"faces": {
				"north": {"uv": [1, 0, 0, 1], "texture": "#1"},
				"east": {"uv": [1, 0, 0, 1], "texture": "#1"},
				"south": {"uv": [1, 0, 0, 1], "texture": "#1"},
				"west": {"uv": [1, 0, 0, 1], "texture": "#1"},
				"up": {"uv": [1, 0, 0, 1], "rotation": 90, "texture": "#1"},
				"down": {"uv": [1, 0, 0, 1], "rotation": 270, "texture": "#1"}
			}
		},
		{
			"name": "octagon",
			"from": [9.81443, 17.6151, 2.57119],
			"to": [10.95965, 24.8651, 5.33599],
			"rotation": {"angle": -22.5, "axis": "y", "origin": [10.38704, 18.6151, 3.95359]},
			"faces": {
				"north": {"uv": [1, 0, 0, 1], "texture": "#1"},
				"east": {"uv": [1, 0, 0, 1], "texture": "#1"},
				"south": {"uv": [1, 0, 0, 1], "texture": "#1"},
				"west": {"uv": [1, 0, 0, 1], "texture": "#1"},
				"up": {"uv": [1, 0, 0, 1], "rotation": 90, "texture": "#1"},
				"down": {"uv": [1, 0, 0, 1], "rotation": 270, "texture": "#1"}
			}
		},
		{
			"name": "octagon",
			"from": [9.81443, 17.6151, 2.57119],
			"to": [10.95965, 24.8651, 5.33599],
			"rotation": {"angle": 22.5, "axis": "y", "origin": [10.38704, 18.6151, 3.95359]},
			"faces": {
				"north": {"uv": [1, 0, 0, 1], "texture": "#1"},
				"east": {"uv": [1, 0, 0, 1], "texture": "#1"},
				"south": {"uv": [1, 0, 0, 1], "texture": "#1"},
				"west": {"uv": [1, 0, 0, 1], "texture": "#1"},
				"up": {"uv": [1, 0, 0, 1], "rotation": 90, "texture": "#1"},
				"down": {"uv": [1, 0, 0, 1], "rotation": 270, "texture": "#1"}
			}
		},
		{
			"name": "octagon",
			"from": [7.34914, 20.6151, 2.69525],
			"to": [13.42494, 22.6151, 5.21193],
			"rotation": {"angle": -22.5, "axis": "y", "origin": [10.38704, 21.1151, 3.95359]},
			"faces": {
				"north": {"uv": [1, 0, 0, 1], "texture": "#1"},
				"east": {"uv": [1, 0, 0, 1], "texture": "#1"},
				"south": {"uv": [1, 0, 0, 1], "texture": "#1"},
				"west": {"uv": [1, 0, 0, 1], "texture": "#1"},
				"up": {"uv": [1, 0, 0, 1], "rotation": 90, "texture": "#1"},
				"down": {"uv": [1, 0, 0, 1], "rotation": 270, "texture": "#1"}
			}
		},
		{
			"name": "octagon",
			"from": [7.34914, 20.6151, 2.69525],
			"to": [13.42494, 22.6151, 5.21193],
			"rotation": {"angle": 22.5, "axis": "y", "origin": [10.38704, 21.1151, 3.95359]},
			"faces": {
				"north": {"uv": [1, 0, 0, 1], "texture": "#1"},
				"east": {"uv": [1, 0, 0, 1], "texture": "#1"},
				"south": {"uv": [1, 0, 0, 1], "texture": "#1"},
				"west": {"uv": [1, 0, 0, 1], "texture": "#1"},
				"up": {"uv": [1, 0, 0, 1], "rotation": 90, "texture": "#1"},
				"down": {"uv": [1, 0, 0, 1], "rotation": 270, "texture": "#1"}
			}
		},
		{
			"name": "octagon",
			"from": [9.1287, 20.6151, 0.91569],
			"to": [11.64538, 22.6151, 6.99149],
			"rotation": {"angle": -22.5, "axis": "y", "origin": [10.38704, 21.1151, 3.95359]},
			"faces": {
				"north": {"uv": [1, 0, 0, 1], "texture": "#1"},
				"east": {"uv": [1, 0, 0, 1], "texture": "#1"},
				"south": {"uv": [1, 0, 0, 1], "texture": "#1"},
				"west": {"uv": [1, 0, 0, 1], "texture": "#1"},
				"up": {"uv": [1, 0, 0, 1], "rotation": 90, "texture": "#1"},
				"down": {"uv": [1, 0, 0, 1], "rotation": 270, "texture": "#1"}
			}
		},
		{
			"name": "octagon",
			"from": [9.1287, 20.6151, 0.91569],
			"to": [11.64538, 22.6151, 6.99149],
			"rotation": {"angle": 22.5, "axis": "y", "origin": [10.38704, 21.1151, 3.95359]},
			"faces": {
				"north": {"uv": [1, 0, 0, 1], "texture": "#1"},
				"east": {"uv": [1, 0, 0, 1], "texture": "#1"},
				"south": {"uv": [1, 0, 0, 1], "texture": "#1"},
				"west": {"uv": [1, 0, 0, 1], "texture": "#1"},
				"up": {"uv": [1, 0, 0, 1], "rotation": 90, "texture": "#1"},
				"down": {"uv": [1, 0, 0, 1], "rotation": 270, "texture": "#1"}
			}
		},
		{
			"name": "octagon",
			"from": [7.62531, 19.6151, 2.80964],
			"to": [13.14877, 23.3651, 5.09753],
			"rotation": {"angle": -22.5, "axis": "y", "origin": [10.38704, 20.1151, 3.95359]},
			"faces": {
				"north": {"uv": [1, 0, 0, 1], "texture": "#1"},
				"east": {"uv": [1, 0, 0, 1], "texture": "#1"},
				"south": {"uv": [1, 0, 0, 1], "texture": "#1"},
				"west": {"uv": [1, 0, 0, 1], "texture": "#1"},
				"up": {"uv": [1, 0, 0, 1], "rotation": 90, "texture": "#1"},
				"down": {"uv": [1, 0, 0, 1], "rotation": 270, "texture": "#1"}
			}
		},
		{
			"name": "octagon",
			"from": [7.62531, 19.6151, 2.80964],
			"to": [13.14877, 23.3651, 5.09753],
			"rotation": {"angle": 22.5, "axis": "y", "origin": [10.38704, 20.1151, 3.95359]},
			"faces": {
				"north": {"uv": [1, 0, 0, 1], "texture": "#1"},
				"east": {"uv": [1, 0, 0, 1], "texture": "#1"},
				"south": {"uv": [1, 0, 0, 1], "texture": "#1"},
				"west": {"uv": [1, 0, 0, 1], "texture": "#1"},
				"up": {"uv": [1, 0, 0, 1], "rotation": 90, "texture": "#1"},
				"down": {"uv": [1, 0, 0, 1], "rotation": 270, "texture": "#1"}
			}
		},
		{
			"name": "octagon",
			"from": [9.24309, 19.6151, 1.19186],
			"to": [11.53098, 23.3651, 6.71531],
			"rotation": {"angle": -22.5, "axis": "y", "origin": [10.38704, 20.1151, 3.95359]},
			"faces": {
				"north": {"uv": [1, 0, 0, 1], "texture": "#1"},
				"east": {"uv": [1, 0, 0, 1], "texture": "#1"},
				"south": {"uv": [1, 0, 0, 1], "texture": "#1"},
				"west": {"uv": [1, 0, 0, 1], "texture": "#1"},
				"up": {"uv": [1, 0, 0, 1], "rotation": 90, "texture": "#1"},
				"down": {"uv": [1, 0, 0, 1], "rotation": 270, "texture": "#1"}
			}
		},
		{
			"name": "octagon",
			"from": [9.24309, 19.6151, 1.19186],
			"to": [11.53098, 23.3651, 6.71531],
			"rotation": {"angle": 22.5, "axis": "y", "origin": [10.38704, 20.1151, 3.95359]},
			"faces": {
				"north": {"uv": [1, 0, 0, 1], "texture": "#1"},
				"east": {"uv": [1, 0, 0, 1], "texture": "#1"},
				"south": {"uv": [1, 0, 0, 1], "texture": "#1"},
				"west": {"uv": [1, 0, 0, 1], "texture": "#1"},
				"up": {"uv": [1, 0, 0, 1], "rotation": 90, "texture": "#1"},
				"down": {"uv": [1, 0, 0, 1], "rotation": 270, "texture": "#1"}
			}
		},
		{
			"name": "octagon",
			"from": [8.00624, 18.8651, 2.96743],
			"to": [12.76784, 24.1151, 4.93975],
			"rotation": {"angle": -22.5, "axis": "y", "origin": [10.38704, 19.3651, 3.95359]},
			"faces": {
				"north": {"uv": [1, 0, 0, 1], "texture": "#1"},
				"east": {"uv": [1, 0, 0, 1], "texture": "#1"},
				"south": {"uv": [1, 0, 0, 1], "texture": "#1"},
				"west": {"uv": [1, 0, 0, 1], "texture": "#1"},
				"up": {"uv": [1, 0, 0, 1], "rotation": 90, "texture": "#1"},
				"down": {"uv": [1, 0, 0, 1], "rotation": 270, "texture": "#1"}
			}
		},
		{
			"name": "octagon",
			"from": [8.00624, 18.8651, 2.96743],
			"to": [12.76784, 24.1151, 4.93975],
			"rotation": {"angle": 22.5, "axis": "y", "origin": [10.38704, 19.3651, 3.95359]},
			"faces": {
				"north": {"uv": [1, 0, 0, 1], "texture": "#1"},
				"east": {"uv": [1, 0, 0, 1], "texture": "#1"},
				"south": {"uv": [1, 0, 0, 1], "texture": "#1"},
				"west": {"uv": [1, 0, 0, 1], "texture": "#1"},
				"up": {"uv": [1, 0, 0, 1], "rotation": 90, "texture": "#1"},
				"down": {"uv": [1, 0, 0, 1], "rotation": 270, "texture": "#1"}
			}
		},
		{
			"name": "octagon",
			"from": [9.40088, 18.8651, 1.57279],
			"to": [11.3732, 24.1151, 6.33439],
			"rotation": {"angle": -22.5, "axis": "y", "origin": [10.38704, 19.3651, 3.95359]},
			"faces": {
				"north": {"uv": [1, 0, 0, 1], "texture": "#1"},
				"east": {"uv": [1, 0, 0, 1], "texture": "#1"},
				"south": {"uv": [1, 0, 0, 1], "texture": "#1"},
				"west": {"uv": [1, 0, 0, 1], "texture": "#1"},
				"up": {"uv": [1, 0, 0, 1], "rotation": 90, "texture": "#1"},
				"down": {"uv": [1, 0, 0, 1], "rotation": 270, "texture": "#1"}
			}
		},
		{
			"name": "octagon",
			"from": [9.40088, 18.8651, 1.57279],
			"to": [11.3732, 24.1151, 6.33439],
			"rotation": {"angle": 22.5, "axis": "y", "origin": [10.38704, 19.3651, 3.95359]},
			"faces": {
				"north": {"uv": [1, 0, 0, 1], "texture": "#1"},
				"east": {"uv": [1, 0, 0, 1], "texture": "#1"},
				"south": {"uv": [1, 0, 0, 1], "texture": "#1"},
				"west": {"uv": [1, 0, 0, 1], "texture": "#1"},
				"up": {"uv": [1, 0, 0, 1], "rotation": 90, "texture": "#1"},
				"down": {"uv": [1, 0, 0, 1], "rotation": 270, "texture": "#1"}
			}
		},
		{
			"name": "octagon",
			"from": [8.46704, 18.1151, 3.1583],
			"to": [12.30704, 24.6151, 4.74888],
			"rotation": {"angle": -22.5, "axis": "y", "origin": [10.38704, 18.6151, 3.95359]},
			"faces": {
				"north": {"uv": [1, 0, 0, 1], "texture": "#1"},
				"east": {"uv": [1, 0, 0, 1], "texture": "#1"},
				"south": {"uv": [1, 0, 0, 1], "texture": "#1"},
				"west": {"uv": [1, 0, 0, 1], "texture": "#1"},
				"up": {"uv": [1, 0, 0, 1], "rotation": 90, "texture": "#1"},
				"down": {"uv": [1, 0, 0, 1], "rotation": 270, "texture": "#1"}
			}
		},
		{
			"name": "octagon",
			"from": [8.46704, 18.1151, 3.1583],
			"to": [12.30704, 24.6151, 4.74888],
			"rotation": {"angle": 22.5, "axis": "y", "origin": [10.38704, 18.6151, 3.95359]},
			"faces": {
				"north": {"uv": [1, 0, 0, 1], "texture": "#1"},
				"east": {"uv": [1, 0, 0, 1], "texture": "#1"},
				"south": {"uv": [1, 0, 0, 1], "texture": "#1"},
				"west": {"uv": [1, 0, 0, 1], "texture": "#1"},
				"up": {"uv": [1, 0, 0, 1], "rotation": 90, "texture": "#1"},
				"down": {"uv": [1, 0, 0, 1], "rotation": 270, "texture": "#1"}
			}
		},
		{
			"name": "octagon",
			"from": [9.59175, 18.1151, 2.03359],
			"to": [11.18233, 24.6151, 5.87359],
			"rotation": {"angle": -22.5, "axis": "y", "origin": [10.38704, 18.6151, 3.95359]},
			"faces": {
				"north": {"uv": [1, 0, 0, 1], "texture": "#1"},
				"east": {"uv": [1, 0, 0, 1], "texture": "#1"},
				"south": {"uv": [1, 0, 0, 1], "texture": "#1"},
				"west": {"uv": [1, 0, 0, 1], "texture": "#1"},
				"up": {"uv": [1, 0, 0, 1], "rotation": 90, "texture": "#1"},
				"down": {"uv": [1, 0, 0, 1], "rotation": 270, "texture": "#1"}
			}
		},
		{
			"name": "octagon",
			"from": [9.59175, 18.1151, 2.03359],
			"to": [11.18233, 24.6151, 5.87359],
			"rotation": {"angle": 22.5, "axis": "y", "origin": [10.38704, 18.6151, 3.95359]},
			"faces": {
				"north": {"uv": [1, 0, 0, 1], "texture": "#1"},
				"east": {"uv": [1, 0, 0, 1], "texture": "#1"},
				"south": {"uv": [1, 0, 0, 1], "texture": "#1"},
				"west": {"uv": [1, 0, 0, 1], "texture": "#1"},
				"up": {"uv": [1, 0, 0, 1], "rotation": 90, "texture": "#1"},
				"down": {"uv": [1, 0, 0, 1], "rotation": 270, "texture": "#1"}
			}
		},
		{
			"from": [9.88704, 17.1151, 3.45359],
			"to": [10.88704, 17.6151, 4.45359],
			"rotation": {"angle": 0, "axis": "y", "origin": [10.3907, 16.94057, 3.96287]},
			"faces": {
				"north": {"uv": [1, 0, 2, 0.5], "texture": "#1"},
				"east": {"uv": [1, 0, 2, 0.5], "texture": "#1"},
				"south": {"uv": [1, 0, 2, 0.5], "texture": "#1"},
				"west": {"uv": [1, 0, 2, 0.5], "texture": "#1"},
				"up": {"uv": [1, 0, 2, 1], "rotation": 90, "texture": "#1"},
				"down": {"uv": [1, 0, 2, 1], "rotation": 270, "texture": "#1"}
			}
		},
		{
			"name": "octagon",
			"from": [6.16313, 15.41704, 11.11117],
			"to": [7.30835, 22.66704, 13.87597],
			"rotation": {"angle": 22.5, "axis": "y", "origin": [6.73574, 16.41704, 12.49357]},
			"faces": {
				"north": {"uv": [0, 0, 1, 1], "texture": "#2"},
				"east": {"uv": [0, 0, 1, 1], "texture": "#2"},
				"south": {"uv": [0, 0, 1, 1], "texture": "#2"},
				"west": {"uv": [0, 0, 1, 1], "texture": "#2"},
				"up": {"uv": [0, 0, 1, 1], "texture": "#2"},
				"down": {"uv": [0, 0, 1, 1], "texture": "#2"}
			}
		},
		{
			"name": "octagon",
			"from": [6.16313, 15.41704, 11.11117],
			"to": [7.30835, 22.66704, 13.87597],
			"rotation": {"angle": -22.5, "axis": "y", "origin": [6.73574, 16.41704, 12.49357]},
			"faces": {
				"north": {"uv": [0, 0, 1, 1], "texture": "#2"},
				"east": {"uv": [0, 0, 1, 1], "texture": "#2"},
				"south": {"uv": [0, 0, 1, 1], "texture": "#2"},
				"west": {"uv": [0, 0, 1, 1], "texture": "#2"},
				"up": {"uv": [0, 0, 1, 1], "texture": "#2"},
				"down": {"uv": [0, 0, 1, 1], "texture": "#2"}
			}
		},
		{
			"name": "octagon",
			"from": [5.35334, 15.41704, 11.92096],
			"to": [8.11814, 22.66704, 13.06618],
			"rotation": {"angle": 22.5, "axis": "y", "origin": [6.73574, 16.41704, 12.49357]},
			"faces": {
				"north": {"uv": [0, 0, 1, 1], "texture": "#2"},
				"east": {"uv": [0, 0, 1, 1], "texture": "#2"},
				"south": {"uv": [0, 0, 1, 1], "texture": "#2"},
				"west": {"uv": [0, 0, 1, 1], "texture": "#2"},
				"up": {"uv": [0, 0, 1, 1], "texture": "#2"},
				"down": {"uv": [0, 0, 1, 1], "texture": "#2"}
			}
		},
		{
			"name": "octagon",
			"from": [5.35334, 15.41704, 11.92096],
			"to": [8.11814, 22.66704, 13.06618],
			"rotation": {"angle": -22.5, "axis": "y", "origin": [6.73574, 16.41704, 12.49357]},
			"faces": {
				"north": {"uv": [0, 0, 1, 1], "texture": "#2"},
				"east": {"uv": [0, 0, 1, 1], "texture": "#2"},
				"south": {"uv": [0, 0, 1, 1], "texture": "#2"},
				"west": {"uv": [0, 0, 1, 1], "texture": "#2"},
				"up": {"uv": [0, 0, 1, 1], "texture": "#2"},
				"down": {"uv": [0, 0, 1, 1], "texture": "#2"}
			}
		},
		{
			"name": "octagon",
			"from": [5.4774, 18.41704, 9.45567],
			"to": [7.99408, 20.41704, 15.53147],
			"rotation": {"angle": 22.5, "axis": "y", "origin": [6.73574, 18.91704, 12.49357]},
			"faces": {
				"north": {"uv": [0, 0, 1, 1], "texture": "#2"},
				"east": {"uv": [0, 0, 1, 1], "texture": "#2"},
				"south": {"uv": [0, 0, 1, 1], "texture": "#2"},
				"west": {"uv": [0, 0, 1, 1], "texture": "#2"},
				"up": {"uv": [0, 0, 1, 1], "texture": "#2"},
				"down": {"uv": [0, 0, 1, 1], "texture": "#2"}
			}
		},
		{
			"name": "octagon",
			"from": [5.4774, 18.41704, 9.45567],
			"to": [7.99408, 20.41704, 15.53147],
			"rotation": {"angle": -22.5, "axis": "y", "origin": [6.73574, 18.91704, 12.49357]},
			"faces": {
				"north": {"uv": [0, 0, 1, 1], "texture": "#2"},
				"east": {"uv": [0, 0, 1, 1], "texture": "#2"},
				"south": {"uv": [0, 0, 1, 1], "texture": "#2"},
				"west": {"uv": [0, 0, 1, 1], "texture": "#2"},
				"up": {"uv": [0, 0, 1, 1], "texture": "#2"},
				"down": {"uv": [0, 0, 1, 1], "texture": "#2"}
			}
		},
		{
			"name": "octagon",
			"from": [3.69784, 18.41704, 11.23523],
			"to": [9.77364, 20.41704, 13.75191],
			"rotation": {"angle": 22.5, "axis": "y", "origin": [6.73574, 18.91704, 12.49357]},
			"faces": {
				"north": {"uv": [0, 0, 1, 1], "texture": "#2"},
				"east": {"uv": [0, 0, 1, 1], "texture": "#2"},
				"south": {"uv": [0, 0, 1, 1], "texture": "#2"},
				"west": {"uv": [0, 0, 1, 1], "texture": "#2"},
				"up": {"uv": [0, 0, 1, 1], "texture": "#2"},
				"down": {"uv": [0, 0, 1, 1], "texture": "#2"}
			}
		},
		{
			"name": "octagon",
			"from": [3.69784, 18.41704, 11.23523],
			"to": [9.77364, 20.41704, 13.75191],
			"rotation": {"angle": -22.5, "axis": "y", "origin": [6.73574, 18.91704, 12.49357]},
			"faces": {
				"north": {"uv": [0, 0, 1, 1], "texture": "#2"},
				"east": {"uv": [0, 0, 1, 1], "texture": "#2"},
				"south": {"uv": [0, 0, 1, 1], "texture": "#2"},
				"west": {"uv": [0, 0, 1, 1], "texture": "#2"},
				"up": {"uv": [0, 0, 1, 1], "texture": "#2"},
				"down": {"uv": [0, 0, 1, 1], "texture": "#2"}
			}
		},
		{
			"name": "octagon",
			"from": [5.59179, 17.41704, 9.73184],
			"to": [7.87968, 21.16704, 15.2553],
			"rotation": {"angle": 22.5, "axis": "y", "origin": [6.73574, 17.91704, 12.49357]},
			"faces": {
				"north": {"uv": [0, 0, 1, 1], "texture": "#2"},
				"east": {"uv": [0, 0, 1, 1], "texture": "#2"},
				"south": {"uv": [0, 0, 1, 1], "texture": "#2"},
				"west": {"uv": [0, 0, 1, 1], "texture": "#2"},
				"up": {"uv": [0, 0, 1, 1], "texture": "#2"},
				"down": {"uv": [0, 0, 1, 1], "texture": "#2"}
			}
		},
		{
			"name": "octagon",
			"from": [5.59179, 17.41704, 9.73184],
			"to": [7.87968, 21.16704, 15.2553],
			"rotation": {"angle": -22.5, "axis": "y", "origin": [6.73574, 17.91704, 12.49357]},
			"faces": {
				"north": {"uv": [0, 0, 1, 1], "texture": "#2"},
				"east": {"uv": [0, 0, 1, 1], "texture": "#2"},
				"south": {"uv": [0, 0, 1, 1], "texture": "#2"},
				"west": {"uv": [0, 0, 1, 1], "texture": "#2"},
				"up": {"uv": [0, 0, 1, 1], "texture": "#2"},
				"down": {"uv": [0, 0, 1, 1], "texture": "#2"}
			}
		},
		{
			"name": "octagon",
			"from": [3.97401, 17.41704, 11.34962],
			"to": [9.49747, 21.16704, 13.63751],
			"rotation": {"angle": 22.5, "axis": "y", "origin": [6.73574, 17.91704, 12.49357]},
			"faces": {
				"north": {"uv": [0, 0, 1, 1], "texture": "#2"},
				"east": {"uv": [0, 0, 1, 1], "texture": "#2"},
				"south": {"uv": [0, 0, 1, 1], "texture": "#2"},
				"west": {"uv": [0, 0, 1, 1], "texture": "#2"},
				"up": {"uv": [0, 0, 1, 1], "texture": "#2"},
				"down": {"uv": [0, 0, 1, 1], "texture": "#2"}
			}
		},
		{
			"name": "octagon",
			"from": [3.97401, 17.41704, 11.34962],
			"to": [9.49747, 21.16704, 13.63751],
			"rotation": {"angle": -22.5, "axis": "y", "origin": [6.73574, 17.91704, 12.49357]},
			"faces": {
				"north": {"uv": [0, 0, 1, 1], "texture": "#2"},
				"east": {"uv": [0, 0, 1, 1], "texture": "#2"},
				"south": {"uv": [0, 0, 1, 1], "texture": "#2"},
				"west": {"uv": [0, 0, 1, 1], "texture": "#2"},
				"up": {"uv": [0, 0, 1, 1], "texture": "#2"},
				"down": {"uv": [0, 0, 1, 1], "texture": "#2"}
			}
		},
		{
			"name": "octagon",
			"from": [5.74958, 16.66704, 10.11277],
			"to": [7.7219, 21.91704, 14.87437],
			"rotation": {"angle": 22.5, "axis": "y", "origin": [6.73574, 17.16704, 12.49357]},
			"faces": {
				"north": {"uv": [0, 0, 1, 1], "texture": "#2"},
				"east": {"uv": [0, 0, 1, 1], "texture": "#2"},
				"south": {"uv": [0, 0, 1, 1], "texture": "#2"},
				"west": {"uv": [0, 0, 1, 1], "texture": "#2"},
				"up": {"uv": [0, 0, 1, 1], "texture": "#2"},
				"down": {"uv": [0, 0, 1, 1], "texture": "#2"}
			}
		},
		{
			"name": "octagon",
			"from": [5.74958, 16.66704, 10.11277],
			"to": [7.7219, 21.91704, 14.87437],
			"rotation": {"angle": -22.5, "axis": "y", "origin": [6.73574, 17.16704, 12.49357]},
			"faces": {
				"north": {"uv": [0, 0, 1, 1], "texture": "#2"},
				"east": {"uv": [0, 0, 1, 1], "texture": "#2"},
				"south": {"uv": [0, 0, 1, 1], "texture": "#2"},
				"west": {"uv": [0, 0, 1, 1], "texture": "#2"},
				"up": {"uv": [0, 0, 1, 1], "texture": "#2"},
				"down": {"uv": [0, 0, 1, 1], "texture": "#2"}
			}
		},
		{
			"name": "octagon",
			"from": [4.35494, 16.66704, 11.50741],
			"to": [9.11654, 21.91704, 13.47973],
			"rotation": {"angle": 22.5, "axis": "y", "origin": [6.73574, 17.16704, 12.49357]},
			"faces": {
				"north": {"uv": [0, 0, 1, 1], "texture": "#2"},
				"east": {"uv": [0, 0, 1, 1], "texture": "#2"},
				"south": {"uv": [0, 0, 1, 1], "texture": "#2"},
				"west": {"uv": [0, 0, 1, 1], "texture": "#2"},
				"up": {"uv": [0, 0, 1, 1], "texture": "#2"},
				"down": {"uv": [0, 0, 1, 1], "texture": "#2"}
			}
		},
		{
			"name": "octagon",
			"from": [4.35494, 16.66704, 11.50741],
			"to": [9.11654, 21.91704, 13.47973],
			"rotation": {"angle": -22.5, "axis": "y", "origin": [6.73574, 17.16704, 12.49357]},
			"faces": {
				"north": {"uv": [0, 0, 1, 1], "texture": "#2"},
				"east": {"uv": [0, 0, 1, 1], "texture": "#2"},
				"south": {"uv": [0, 0, 1, 1], "texture": "#2"},
				"west": {"uv": [0, 0, 1, 1], "texture": "#2"},
				"up": {"uv": [0, 0, 1, 1], "texture": "#2"},
				"down": {"uv": [0, 0, 1, 1], "texture": "#2"}
			}
		},
		{
			"name": "octagon",
			"from": [5.94045, 15.91704, 10.57357],
			"to": [7.53103, 22.41704, 14.41357],
			"rotation": {"angle": 22.5, "axis": "y", "origin": [6.73574, 16.41704, 12.49357]},
			"faces": {
				"north": {"uv": [0, 0, 1, 1], "texture": "#2"},
				"east": {"uv": [0, 0, 1, 1], "texture": "#2"},
				"south": {"uv": [0, 0, 1, 1], "texture": "#2"},
				"west": {"uv": [0, 0, 1, 1], "texture": "#2"},
				"up": {"uv": [0, 0, 1, 1], "texture": "#2"},
				"down": {"uv": [0, 0, 1, 1], "texture": "#2"}
			}
		},
		{
			"name": "octagon",
			"from": [5.94045, 15.91704, 10.57357],
			"to": [7.53103, 22.41704, 14.41357],
			"rotation": {"angle": -22.5, "axis": "y", "origin": [6.73574, 16.41704, 12.49357]},
			"faces": {
				"north": {"uv": [0, 0, 1, 1], "texture": "#2"},
				"east": {"uv": [0, 0, 1, 1], "texture": "#2"},
				"south": {"uv": [0, 0, 1, 1], "texture": "#2"},
				"west": {"uv": [0, 0, 1, 1], "texture": "#2"},
				"up": {"uv": [0, 0, 1, 1], "texture": "#2"},
				"down": {"uv": [0, 0, 1, 1], "texture": "#2"}
			}
		},
		{
			"name": "octagon",
			"from": [4.81574, 15.91704, 11.69828],
			"to": [8.65574, 22.41704, 13.28886],
			"rotation": {"angle": 22.5, "axis": "y", "origin": [6.73574, 16.41704, 12.49357]},
			"faces": {
				"north": {"uv": [0, 0, 1, 1], "texture": "#2"},
				"east": {"uv": [0, 0, 1, 1], "texture": "#2"},
				"south": {"uv": [0, 0, 1, 1], "texture": "#2"},
				"west": {"uv": [0, 0, 1, 1], "texture": "#2"},
				"up": {"uv": [0, 0, 1, 1], "texture": "#2"},
				"down": {"uv": [0, 0, 1, 1], "texture": "#2"}
			}
		},
		{
			"name": "octagon",
			"from": [4.81574, 15.91704, 11.69828],
			"to": [8.65574, 22.41704, 13.28886],
			"rotation": {"angle": -22.5, "axis": "y", "origin": [6.73574, 16.41704, 12.49357]},
			"faces": {
				"north": {"uv": [0, 0, 1, 1], "texture": "#2"},
				"east": {"uv": [0, 0, 1, 1], "texture": "#2"},
				"south": {"uv": [0, 0, 1, 1], "texture": "#2"},
				"west": {"uv": [0, 0, 1, 1], "texture": "#2"},
				"up": {"uv": [0, 0, 1, 1], "texture": "#2"},
				"down": {"uv": [0, 0, 1, 1], "texture": "#2"}
			}
		},
		{
			"from": [6.23574, 14.91704, 11.99357],
			"to": [7.23574, 15.41704, 12.99357],
			"rotation": {"angle": 0, "axis": "y", "origin": [14.23574, 14.91704, 14.99357]},
			"faces": {
				"north": {"uv": [0, 0, 1, 0.5], "texture": "#2"},
				"east": {"uv": [0, 0, 1, 0.5], "texture": "#2"},
				"south": {"uv": [0, 0, 1, 0.5], "texture": "#2"},
				"west": {"uv": [0, 0, 1, 0.5], "texture": "#2"},
				"up": {"uv": [0, 0, 1, 1], "texture": "#2"},
				"down": {"uv": [0, 0, 1, 1], "texture": "#2"}
			}
		}
	],
	"display": {
		"thirdperson_righthand": {
			"rotation": [68.5, 65.75, 0],
			"translation": [0, 3.25, 5.75],
			"scale": [0.87305, 0.87305, 0.87305]
		},
		"thirdperson_lefthand": {
			"rotation": [68.5, -333, 0],
			"translation": [0, 3.25, 5.75],
			"scale": [0.87305, 0.87305, 0.87305]
		},
		"firstperson_righthand": {
			"rotation": [0, 45, 0],
			"translation": [1.75, 2.5, 0],
			"scale": [0.4, 0.4, 0.4]
		},
		"firstperson_lefthand": {
			"rotation": [0, 45, 0],
			"translation": [1.75, 2.5, 0],
			"scale": [0.4, 0.4, 0.4]
		},
		"ground": {
			"translation": [0, 1.5, 0],
			"scale": [0.7, 0.7, 0.7]
		},
		"gui": {
			"rotation": [30, -56, 0],
			"translation": [0, -2.5, 0],
			"scale": [0.625, 0.625, 0.625]
		},
		"head": {
			"translation": [0, 15.25, 0]
		},
		"fixed": {
			"rotation": [-90, 0, 0],
			"translation": [0, 0, -15],
			"scale": [2, 2, 2]
		}
	},
	"groups": [
		{
			"name": "Sandbag",
			"origin": [8.5, 8, 8.5],
			"children": [0, 1, 2, 3, 4, 5]
		},
		{
			"name": "String",
			"origin": [19.9287, 10.5, 7.50278],
			"children": [6, 7, 8, 9, 10, 11, 12]
		},
		{
			"name": "String",
			"origin": [8.00344, 6.03541, 7.99525],
			"children": [13, 14, 15, 16, 17, 18, 19]
		},
		{
			"name": "String",
			"origin": [19.9287, 10.5, 7.50278],
			"children": [20, 21, 22, 23, 24, 25, 26, 27, 28]
		},
		{
			"name": "Balloon Middle",
			"origin": [8, 8, 8],
			"children": [
				{
					"name": "Balloon",
					"origin": [8, 8, 8],
					"children": [
						{
							"name": "octagon",
							"origin": [8, 8, 8],
							"children": [29, 30, 31, 32]
						},
						{
							"name": "octagon",
							"origin": [8, 8, 8],
							"children": [33, 34, 35, 36]
						},
						{
							"name": "octagon",
							"origin": [8, 8, 8],
							"children": [37, 38, 39, 40]
						},
						{
							"name": "octagon",
							"origin": [8, 8, 8],
							"children": [41, 42, 43, 44]
						},
						{
							"name": "octagon",
							"origin": [8, 8, 8],
							"children": [45, 46, 47, 48]
						}
					]
				}, 49]
		},
		{
			"name": "Balloon",
			"origin": [8, 8, 8],
			"children": [
				{
					"name": "octagon",
					"origin": [8, 8, 8],
					"children": [50, 51, 52, 53]
				},
				{
					"name": "octagon",
					"origin": [8, 8, 8],
					"children": [54, 55, 56, 57]
				},
				{
					"name": "octagon",
					"origin": [8, 8, 8],
					"children": [58, 59, 60, 61]
				},
				{
					"name": "octagon",
					"origin": [8, 8, 8],
					"children": [62, 63, 64, 65]
				},
				{
					"name": "octagon",
					"origin": [8, 8, 8],
					"children": [66, 67, 68, 69]
				}, 70]
		},
		{
			"name": "Balloon",
			"origin": [8, 8, 8],
			"children": [
				{
					"name": "octagon",
					"origin": [8, 8, 8],
					"children": [71, 72, 73, 74]
				},
				{
					"name": "octagon",
					"origin": [8, 8, 8],
					"children": [75, 76, 77, 78]
				},
				{
					"name": "octagon",
					"origin": [8, 8, 8],
					"children": [79, 80, 81, 82]
				},
				{
					"name": "octagon",
					"origin": [8, 8, 8],
					"children": [83, 84, 85, 86]
				},
				{
					"name": "octagon",
					"origin": [8, 8, 8],
					"children": [87, 88, 89, 90]
				}, 91]
		}
	]
}