{
	"credit": "Made with Blockbench",
	"textures": {
		"0": "block/HBFlags",
		"particle": "block/HBFlags"
	},
	"elements": [
		{
			"from": [0.44, 14.308, 14.3],
			"to": [15.56, 14.812, 14.72],
			"faces": {
				"north": {"uv": [10.88, 9.387, 15.689, 9.602], "texture": "#0"},
				"east": {"uv": [10.88, 9.387, 15.689, 9.602], "texture": "#0"},
				"south": {"uv": [10.88, 9.387, 15.689, 9.602], "texture": "#0"},
				"west": {"uv": [10.88, 9.387, 15.689, 9.602], "texture": "#0"},
				"up": {"uv": [10.88, 9.387, 15.689, 9.602], "texture": "#0"},
				"down": {"uv": [10.88, 9.387, 15.689, 9.602], "texture": "#0"}
			}
		},
		{
			"from": [-7.456, 12.712, 14.3],
			"to": [0.944, 13.216, 14.72],
			"rotation": {"angle": -22.5, "axis": "z", "origin": [4.64, 14.392, 14.3]},
			"faces": {
				"north": {"uv": [10.88, 9.387, 15.689, 9.602], "texture": "#0"},
				"east": {"uv": [10.88, 9.387, 15.689, 9.602], "texture": "#0"},
				"south": {"uv": [10.88, 9.387, 15.689, 9.602], "texture": "#0"},
				"west": {"uv": [10.88, 9.387, 15.689, 9.602], "texture": "#0"},
				"up": {"uv": [10.88, 9.387, 15.689, 9.602], "texture": "#0"},
				"down": {"uv": [10.88, 9.387, 15.689, 9.602], "texture": "#0"}
			}
		},
		{
			"from": [15.056, 12.712, 14.3],
			"to": [23.456, 13.216, 14.72],
			"rotation": {"angle": 22.5, "axis": "z", "origin": [11.36, 14.392, 14.3]},
			"faces": {
				"north": {"uv": [10.809, 9.387, 15.76, 9.602], "texture": "#0"},
				"east": {"uv": [10.809, 9.387, 15.76, 9.602], "texture": "#0"},
				"south": {"uv": [10.809, 9.387, 15.76, 9.602], "texture": "#0"},
				"west": {"uv": [10.809, 9.387, 15.76, 9.602], "texture": "#0"},
				"up": {"uv": [10.809, 9.387, 15.76, 9.602], "texture": "#0"},
				"down": {"uv": [10.809, 9.387, 15.76, 9.602], "texture": "#0"}
			}
		},
		{
			"from": [19.004, 10.444, 14.3],
			"to": [23.204, 15.484, 14.72],
			"rotation": {"angle": 22.5, "axis": "z", "origin": [20.18, 7, 14.3]},
			"faces": {
				"north": {"uv": [0.924, 4.622, 1.95, 6.299], "texture": "#0"},
				"east": {"uv": [11.164, 2.916, 14.751, 3.975], "texture": "#0"},
				"south": {"uv": [11.52, 10.027, 15.106, 11.349], "texture": "#0"},
				"west": {"uv": [11.449, 3.058, 15.035, 4.115], "texture": "#0"},
				"up": {"uv": [11.306, 2.987, 14.893, 4.046], "texture": "#0"},
				"down": {"uv": [11.022, 10.382, 14.609, 11.205], "texture": "#0"}
			}
		},
		{
			"from": [10.94, 9.268, 14.3],
			"to": [15.14, 14.308, 14.72],
			"faces": {
				"north": {"uv": [2.133, 4.622, 3.207, 6.3], "texture": "#0"},
				"east": {"uv": [11.164, 2.916, 14.751, 3.975], "texture": "#0"},
				"south": {"uv": [11.52, 10.027, 15.106, 11.349], "texture": "#0"},
				"west": {"uv": [11.449, 3.058, 15.035, 4.115], "texture": "#0"},
				"up": {"uv": [11.306, 2.987, 14.893, 4.046], "texture": "#0"},
				"down": {"uv": [11.022, 10.382, 14.609, 11.205], "texture": "#0"}
			}
		},
		{
			"from": [5.9, 9.268, 14.3],
			"to": [10.1, 14.308, 14.72],
			"faces": {
				"north": {"uv": [3.342, 4.622, 4.391, 6.3], "texture": "#0"},
				"east": {"uv": [11.164, 2.916, 14.751, 3.975], "texture": "#0"},
				"south": {"uv": [11.52, 10.027, 15.106, 11.349], "texture": "#0"},
				"west": {"uv": [11.449, 3.058, 15.035, 4.115], "texture": "#0"},
				"up": {"uv": [11.306, 2.987, 14.893, 4.046], "texture": "#0"},
				"down": {"uv": [11.022, 10.382, 14.609, 11.205], "texture": "#0"}
			}
		},
		{
			"from": [0.86, 9.268, 14.3],
			"to": [5.06, 14.308, 14.72],
			"faces": {
				"north": {"uv": [4.551, 4.622, 5.6, 6.3], "texture": "#0"},
				"east": {"uv": [11.164, 2.916, 14.751, 3.975], "texture": "#0"},
				"south": {"uv": [11.52, 10.027, 15.106, 11.349], "texture": "#0"},
				"west": {"uv": [11.449, 3.058, 15.035, 4.115], "texture": "#0"},
				"up": {"uv": [11.306, 2.987, 14.893, 4.046], "texture": "#0"},
				"down": {"uv": [11.022, 10.382, 14.609, 11.205], "texture": "#0"}
			}
		},
		{
			"from": [-7.204, 10.528, 14.3],
			"to": [-3.004, 15.568, 14.72],
			"rotation": {"angle": -22.5, "axis": "z", "origin": [-4.18, 7, 14.3]},
			"faces": {
				"north": {"uv": [5.76, 4.622, 6.786, 6.3], "texture": "#0"},
				"east": {"uv": [11.164, 2.916, 14.751, 3.975], "texture": "#0"},
				"south": {"uv": [11.52, 10.027, 15.106, 11.349], "texture": "#0"},
				"west": {"uv": [11.449, 3.058, 15.035, 4.115], "texture": "#0"},
				"up": {"uv": [11.306, 2.987, 14.893, 4.046], "texture": "#0"},
				"down": {"uv": [11.022, 10.382, 14.609, 11.205], "texture": "#0"}
			}
		},
		{
			"from": [-0.4, 6.268, 14.3],
			"to": [16.064, 6.772, 14.72],
			"faces": {
				"north": {"uv": [10.88, 9.387, 15.689, 9.602], "texture": "#0"},
				"east": {"uv": [10.88, 9.387, 15.689, 9.602], "texture": "#0"},
				"south": {"uv": [10.88, 9.387, 15.689, 9.602], "texture": "#0"},
				"west": {"uv": [10.88, 9.387, 15.689, 9.602], "texture": "#0"},
				"up": {"uv": [10.88, 9.387, 15.689, 9.602], "texture": "#0"},
				"down": {"uv": [10.88, 9.387, 15.689, 9.602], "texture": "#0"}
			}
		},
		{
			"from": [15.644, 4.588, 14.3],
			"to": [29.916, 5.092, 14.72],
			"rotation": {"angle": 22.5, "axis": "z", "origin": [11.36, 6.132, 14.3]},
			"faces": {
				"north": {"uv": [10.88, 9.387, 15.689, 9.602], "texture": "#0"},
				"east": {"uv": [10.88, 9.387, 15.689, 9.602], "texture": "#0"},
				"south": {"uv": [10.88, 9.387, 15.689, 9.602], "texture": "#0"},
				"west": {"uv": [10.88, 9.387, 15.689, 9.602], "texture": "#0"},
				"up": {"uv": [10.88, 9.387, 15.689, 9.602], "texture": "#0"},
				"down": {"uv": [10.88, 9.387, 15.689, 9.602], "texture": "#0"}
			}
		},
		{
			"from": [-13.716, 4.588, 14.3],
			"to": [0.356, 5.092, 14.72],
			"rotation": {"angle": -22.5, "axis": "z", "origin": [4.64, 6.132, 14.3]},
			"faces": {
				"north": {"uv": [15.689, 9.387, 10.88, 9.602], "texture": "#0"},
				"east": {"uv": [15.689, 9.387, 10.88, 9.602], "texture": "#0"},
				"south": {"uv": [15.689, 9.387, 10.88, 9.602], "texture": "#0"},
				"west": {"uv": [15.689, 9.387, 10.88, 9.602], "texture": "#0"},
				"up": {"uv": [15.689, 9.387, 10.88, 9.602], "texture": "#0"},
				"down": {"uv": [15.689, 9.387, 10.88, 9.602], "texture": "#0"}
			}
		},
		{
			"from": [22.608, 2.32, 14.2],
			"to": [26.808, 7.36, 14.62],
			"rotation": {"angle": 22.5, "axis": "z", "origin": [20.18, -1.26, 14.3]},
			"faces": {
				"north": {"uv": [2.133, 6.4, 3.159, 8.149], "texture": "#0"},
				"east": {"uv": [11.164, 2.916, 14.751, 3.975], "texture": "#0"},
				"south": {"uv": [11.52, 10.027, 15.106, 11.349], "texture": "#0"},
				"west": {"uv": [11.449, 3.058, 15.035, 4.115], "texture": "#0"},
				"up": {"uv": [11.306, 2.987, 14.893, 4.046], "texture": "#0"},
				"down": {"uv": [11.022, 10.382, 14.609, 11.205], "texture": "#0"}
			}
		},
		{
			"from": [15.384, -1.888, 14.3],
			"to": [19.384, 3.152, 14.72],
			"rotation": {"angle": 22.5, "axis": "z", "origin": [8, 3.36, 8]},
			"faces": {
				"north": {"uv": [3.342, 6.4, 4.416, 8.149], "texture": "#0"},
				"east": {"uv": [11.164, 2.916, 14.751, 3.975], "texture": "#0"},
				"south": {"uv": [11.52, 10.027, 15.106, 11.349], "texture": "#0"},
				"west": {"uv": [11.449, 3.058, 15.035, 4.115], "texture": "#0"},
				"up": {"uv": [11.306, 2.987, 14.893, 4.046], "texture": "#0"},
				"down": {"uv": [11.022, 10.382, 14.609, 11.205], "texture": "#0"}
			}
		},
		{
			"from": [10.9, 1.228, 14.3],
			"to": [15.1, 6.268, 14.72],
			"faces": {
				"north": {"uv": [4.551, 6.4, 5.6, 8.077], "texture": "#0"},
				"east": {"uv": [11.164, 2.916, 14.751, 3.975], "texture": "#0"},
				"south": {"uv": [11.52, 10.027, 15.106, 11.349], "texture": "#0"},
				"west": {"uv": [11.449, 3.058, 15.035, 4.115], "texture": "#0"},
				"up": {"uv": [11.306, 2.987, 14.893, 4.046], "texture": "#0"},
				"down": {"uv": [11.022, 10.382, 14.609, 11.205], "texture": "#0"}
			}
		},
		{
			"from": [27.36, 2.32, 14.3],
			"to": [31.56, 7.36, 14.72],
			"rotation": {"angle": 22.5, "axis": "z", "origin": [20.18, -1.26, 14.3]},
			"faces": {
				"north": {"uv": [0.924, 6.4, 1.949, 8.149], "texture": "#0"},
				"east": {"uv": [11.164, 2.916, 14.751, 3.975], "texture": "#0"},
				"south": {"uv": [11.52, 10.027, 15.106, 11.349], "texture": "#0"},
				"west": {"uv": [11.449, 3.058, 15.035, 4.115], "texture": "#0"},
				"up": {"uv": [11.306, 2.987, 14.893, 4.046], "texture": "#0"},
				"down": {"uv": [11.022, 10.382, 14.609, 11.205], "texture": "#0"}
			}
		},
		{
			"from": [0.7, 1.228, 14.3],
			"to": [4.9, 6.268, 14.72],
			"faces": {
				"north": {"uv": [6.969, 6.4, 8.044, 8.077], "texture": "#0"},
				"east": {"uv": [11.164, 2.916, 14.751, 3.975], "texture": "#0"},
				"south": {"uv": [11.52, 10.027, 15.106, 11.349], "texture": "#0"},
				"west": {"uv": [11.449, 3.058, 15.035, 4.115], "texture": "#0"},
				"up": {"uv": [11.306, 2.987, 14.893, 4.046], "texture": "#0"},
				"down": {"uv": [11.022, 10.382, 14.609, 11.205], "texture": "#0"}
			}
		},
		{
			"from": [5.884, 1.312, 14.3],
			"to": [10.084, 6.352, 14.72],
			"faces": {
				"north": {"uv": [5.76, 6.4, 6.834, 8.077], "texture": "#0"},
				"east": {"uv": [11.164, 2.916, 14.751, 3.975], "texture": "#0"},
				"south": {"uv": [11.52, 10.027, 15.106, 11.349], "texture": "#0"},
				"west": {"uv": [11.449, 3.058, 15.035, 4.115], "texture": "#0"},
				"up": {"uv": [11.306, 2.987, 14.893, 4.046], "texture": "#0"},
				"down": {"uv": [11.022, 10.382, 14.609, 11.205], "texture": "#0"}
			}
		},
		{
			"from": [-13.996, -6.956, 14.3],
			"to": [-9.796, -1.916, 14.72],
			"rotation": {"angle": -22.5, "axis": "z", "origin": [20.18, -1.26, 14.3]},
			"faces": {
				"north": {"uv": [10.596, 6.4, 11.619, 8.077], "texture": "#0"},
				"east": {"uv": [11.164, 2.916, 14.751, 3.975], "texture": "#0"},
				"south": {"uv": [11.52, 10.027, 15.106, 11.349], "texture": "#0"},
				"west": {"uv": [11.449, 3.058, 15.035, 4.115], "texture": "#0"},
				"up": {"uv": [11.306, 2.987, 14.893, 4.046], "texture": "#0"},
				"down": {"uv": [11.022, 10.382, 14.609, 11.205], "texture": "#0"}
			}
		},
		{
			"from": [-4.728, -6.956, 14.3],
			"to": [-0.528, -1.916, 14.72],
			"rotation": {"angle": -22.5, "axis": "z", "origin": [20.18, -1.26, 14.3]},
			"faces": {
				"north": {"uv": [8.249, 6.4, 9.203, 8.076], "texture": "#0"},
				"east": {"uv": [11.164, 2.916, 14.751, 3.975], "texture": "#0"},
				"south": {"uv": [11.52, 10.027, 15.106, 11.349], "texture": "#0"},
				"west": {"uv": [11.449, 3.058, 15.035, 4.115], "texture": "#0"},
				"up": {"uv": [11.306, 2.987, 14.893, 4.046], "texture": "#0"},
				"down": {"uv": [11.022, 10.382, 14.609, 11.205], "texture": "#0"}
			}
		},
		{
			"from": [-9.428, -6.956, 14.3],
			"to": [-5.228, -1.916, 14.72],
			"rotation": {"angle": -22.5, "axis": "z", "origin": [20.18, -1.26, 14.3]},
			"faces": {
				"north": {"uv": [9.458, 6.4, 10.411, 8.076], "texture": "#0"},
				"east": {"uv": [11.164, 2.916, 14.751, 3.975], "texture": "#0"},
				"south": {"uv": [11.52, 10.027, 15.106, 11.349], "texture": "#0"},
				"west": {"uv": [11.449, 3.058, 15.035, 4.115], "texture": "#0"},
				"up": {"uv": [11.306, 2.987, 14.893, 4.046], "texture": "#0"},
				"down": {"uv": [11.022, 10.382, 14.609, 11.205], "texture": "#0"}
			}
		}
	],
	"display": {
		"thirdperson_righthand": {
			"rotation": [75, 45, 0],
			"translation": [0, 2.5, 0],
			"scale": [0.375, 0.375, 0.375]
		},
		"thirdperson_lefthand": {
			"rotation": [75, 45, 0],
			"translation": [0, 2.5, 0],
			"scale": [0.375, 0.375, 0.375]
		},
		"firstperson_righthand": {
			"rotation": [0, 45, 0],
			"translation": [0, 3.5, 0],
			"scale": [0.4, 0.4, 0.4]
		},
		"firstperson_lefthand": {
			"rotation": [0, 45, 0],
			"translation": [0, 3.5, 0],
			"scale": [0.4, 0.4, 0.4]
		},
		"ground": {
			"scale": [0.61719, 0.67773, 1]
		},
		"gui": {
			"rotation": [30, 225, 0],
			"translation": [2.75, -2.75, 0],
			"scale": [0.625, 0.625, 0.625]
		},
		"head": {
			"translation": [0, 11, 0]
		},
		"fixed": {
			"translation": [0, 0, -16.5],
			"scale": [2, 2, 2]
		}
	},
	"groups": [
		{
			"name": "Reference",
			"children": []
		},
		{
			"name": "Rope",
			"children": [0, 1, 2]
		},
		{
			"name": "Flags",
			"children": [3, 4, 5, 6, 7]
		},
		{
			"name": "banner_hb2",
			"children": [
				{
					"name": "Reference",
					"children": []
				},
				{
					"name": "Rope",
					"children": [8, 9, 10]
				}, 11, 12, 13, 14, 15, 16, 17, 18, 19]
		}
	]
}