{
	"credit": "Made with Blockbench",
	"textures": {
		"0": "block/MizunoArchive/stripped_spruce_log",
		"4_0": "block/MizunoArchive/double_slab_birch",
		"particle": "block/MizunoArchive/double_slab_birch"
	},
	"elements": [
		{
			"from": [11.25, 5.25, 11.35],
			"to": [12.25, 22.04, 12.25],
			"faces": {
				"north": {"uv": [7, 0, 8, 16], "texture": "#4_0"},
				"east": {"uv": [7, 0, 8, 16], "texture": "#4_0"},
				"south": {"uv": [7, 0, 8, 16], "texture": "#4_0"},
				"west": {"uv": [7, 0, 8, 16], "texture": "#4_0"},
				"up": {"uv": [7, 0, 8, 16], "texture": "#4_0"},
				"down": {"uv": [7, 0, 8, 16], "texture": "#4_0"}
			}
		},
		{
			"from": [11.25, 5.25, 3.85],
			"to": [12.25, 14.5, 4.75],
			"faces": {
				"north": {"uv": [7, 0, 8, 16], "texture": "#4_0"},
				"east": {"uv": [7, 0, 8, 16], "texture": "#4_0"},
				"south": {"uv": [7, 0, 8, 16], "texture": "#4_0"},
				"west": {"uv": [7, 0, 8, 16], "texture": "#4_0"},
				"up": {"uv": [7, 0, 8, 16], "texture": "#4_0"},
				"down": {"uv": [7, 0, 8, 16], "texture": "#4_0"}
			}
		},
		{
			"from": [3.75, 5.25, 11.35],
			"to": [4.75, 22.04, 12.25],
			"faces": {
				"north": {"uv": [7, 0, 8, 16], "texture": "#4_0"},
				"east": {"uv": [7, 0, 8, 16], "texture": "#4_0"},
				"south": {"uv": [7, 0, 8, 16], "texture": "#4_0"},
				"west": {"uv": [7, 0, 8, 16], "texture": "#4_0"},
				"up": {"uv": [7, 0, 8, 16], "texture": "#4_0"},
				"down": {"uv": [7, 0, 8, 16], "texture": "#4_0"}
			}
		},
		{
			"from": [3.75, 5.25, 3.85],
			"to": [4.75, 14.5, 4.75],
			"faces": {
				"north": {"uv": [7, 0, 8, 16], "texture": "#4_0"},
				"east": {"uv": [7, 0, 8, 16], "texture": "#4_0"},
				"south": {"uv": [7, 0, 8, 16], "texture": "#4_0"},
				"west": {"uv": [7, 0, 8, 16], "texture": "#4_0"},
				"up": {"uv": [7, 0, 8, 16], "texture": "#4_0"},
				"down": {"uv": [7, 0, 8, 16], "texture": "#4_0"}
			}
		},
		{
			"from": [11.05, 0.5, 11.15],
			"to": [12.45, 4.25, 12.45],
			"faces": {
				"north": {"uv": [5, 3, 6.399, 6.75], "texture": "#4_0"},
				"east": {"uv": [5, 3, 6.399, 6.75], "texture": "#4_0"},
				"south": {"uv": [5, 3, 6.399, 6.75], "texture": "#4_0"},
				"west": {"uv": [5, 3, 6.399, 6.75], "texture": "#4_0"},
				"up": {"uv": [5, 3, 6.399, 6.75], "texture": "#4_0"},
				"down": {"uv": [5, 3, 6.399, 6.75], "texture": "#4_0"}
			}
		},
		{
			"from": [3.55, 0.5, 11.15],
			"to": [4.95, 4.25, 12.45],
			"faces": {
				"north": {"uv": [5, 3, 6.399, 6.75], "texture": "#4_0"},
				"east": {"uv": [5, 3, 6.399, 6.75], "texture": "#4_0"},
				"south": {"uv": [5, 3, 6.399, 6.75], "texture": "#4_0"},
				"west": {"uv": [5, 3, 6.399, 6.75], "texture": "#4_0"},
				"up": {"uv": [5, 3, 6.399, 6.75], "texture": "#4_0"},
				"down": {"uv": [5, 3, 6.399, 6.75], "texture": "#4_0"}
			}
		},
		{
			"from": [3.55, 0.5, 3.65],
			"to": [4.95, 4.25, 4.95],
			"faces": {
				"north": {"uv": [5, 3, 6.399, 6.75], "texture": "#4_0"},
				"east": {"uv": [5, 3, 6.399, 6.75], "texture": "#4_0"},
				"south": {"uv": [5, 3, 6.399, 6.75], "texture": "#4_0"},
				"west": {"uv": [5, 3, 6.399, 6.75], "texture": "#4_0"},
				"up": {"uv": [5, 3, 6.399, 6.75], "texture": "#4_0"},
				"down": {"uv": [5, 3, 6.399, 6.75], "texture": "#4_0"}
			}
		},
		{
			"from": [11.05, 0.5, 3.65],
			"to": [12.45, 4.25, 4.95],
			"faces": {
				"north": {"uv": [5, 3, 6.399, 6.75], "texture": "#4_0"},
				"east": {"uv": [5, 3, 6.399, 6.75], "texture": "#4_0"},
				"south": {"uv": [5, 3, 6.399, 6.75], "texture": "#4_0"},
				"west": {"uv": [5, 3, 6.399, 6.75], "texture": "#4_0"},
				"up": {"uv": [5, 3, 6.399, 6.75], "texture": "#4_0"},
				"down": {"uv": [5, 3, 6.399, 6.75], "texture": "#4_0"}
			}
		},
		{
			"from": [3.65, 4.25, 3.75],
			"to": [4.85, 8, 4.85],
			"faces": {
				"north": {"uv": [3, 0, 4, 15], "texture": "#4_0"},
				"east": {"uv": [3, 0, 4, 15], "texture": "#4_0"},
				"south": {"uv": [3, 0, 4, 15], "texture": "#4_0"},
				"west": {"uv": [3, 0, 4, 15], "texture": "#4_0"},
				"up": {"uv": [3, 0, 4, 15], "texture": "#4_0"},
				"down": {"uv": [3, 0, 4, 15], "texture": "#4_0"}
			}
		},
		{
			"from": [3.65, 4.25, 11.25],
			"to": [4.85, 8, 12.35],
			"faces": {
				"north": {"uv": [3, 0, 4, 15], "texture": "#4_0"},
				"east": {"uv": [3, 0, 4, 15], "texture": "#4_0"},
				"south": {"uv": [3, 0, 4, 15], "texture": "#4_0"},
				"west": {"uv": [3, 0, 4, 15], "texture": "#4_0"},
				"up": {"uv": [3, 0, 4, 15], "texture": "#4_0"},
				"down": {"uv": [3, 0, 4, 15], "texture": "#4_0"}
			}
		},
		{
			"from": [11.15, 4.25, 11.25],
			"to": [12.35, 8, 12.35],
			"faces": {
				"north": {"uv": [3, 0, 4, 15], "texture": "#4_0"},
				"east": {"uv": [3, 0, 4, 15], "texture": "#4_0"},
				"south": {"uv": [3, 0, 4, 15], "texture": "#4_0"},
				"west": {"uv": [3, 0, 4, 15], "texture": "#4_0"},
				"up": {"uv": [3, 0, 4, 15], "texture": "#4_0"},
				"down": {"uv": [3, 0, 4, 15], "texture": "#4_0"}
			}
		},
		{
			"from": [11.15, 4.25, 3.75],
			"to": [12.35, 8, 4.85],
			"faces": {
				"north": {"uv": [3, 0, 4, 15], "texture": "#4_0"},
				"east": {"uv": [3, 0, 4, 15], "texture": "#4_0"},
				"south": {"uv": [3, 0, 4, 15], "texture": "#4_0"},
				"west": {"uv": [3, 0, 4, 15], "texture": "#4_0"},
				"up": {"uv": [3, 0, 4, 15], "texture": "#4_0"},
				"down": {"uv": [3, 0, 4, 15], "texture": "#4_0"}
			}
		},
		{
			"from": [4.75, 4.75, 11.25],
			"to": [11.25, 5.5, 12],
			"faces": {
				"north": {"uv": [5, 1, 6.5, 12.75], "rotation": 90, "texture": "#4_0"},
				"east": {"uv": [5, 1, 6.5, 12.75], "rotation": 90, "texture": "#4_0"},
				"south": {"uv": [5, 1, 6.5, 12.75], "rotation": 90, "texture": "#4_0"},
				"west": {"uv": [5, 1, 6.5, 12.75], "rotation": 90, "texture": "#4_0"},
				"up": {"uv": [5, 1, 6.5, 12.75], "rotation": 90, "texture": "#4_0"},
				"down": {"uv": [5, 1, 6.5, 12.75], "rotation": 90, "texture": "#4_0"}
			}
		},
		{
			"from": [4, 4.75, 4.75],
			"to": [4.75, 5.5, 11.25],
			"faces": {
				"north": {"uv": [5, 1, 6.5, 12.75], "rotation": 90, "texture": "#4_0"},
				"east": {"uv": [5, 1, 6.5, 12.75], "rotation": 90, "texture": "#4_0"},
				"south": {"uv": [5, 1, 6.5, 12.75], "rotation": 90, "texture": "#4_0"},
				"west": {"uv": [5, 1, 6.5, 12.75], "rotation": 90, "texture": "#4_0"},
				"up": {"uv": [5, 1, 6.5, 12.75], "texture": "#4_0"},
				"down": {"uv": [5, 1, 6.5, 12.75], "texture": "#4_0"}
			}
		},
		{
			"from": [4.75, 4.75, 4.1],
			"to": [11.25, 5.5, 4.75],
			"faces": {
				"north": {"uv": [5, 1, 6.5, 12.75], "rotation": 90, "texture": "#4_0"},
				"east": {"uv": [5, 1, 6.5, 12.75], "rotation": 90, "texture": "#4_0"},
				"south": {"uv": [5, 1, 6.5, 12.75], "rotation": 90, "texture": "#4_0"},
				"west": {"uv": [5, 1, 6.5, 12.75], "rotation": 90, "texture": "#4_0"},
				"up": {"uv": [5, 1, 6.5, 12.75], "rotation": 90, "texture": "#4_0"},
				"down": {"uv": [5, 1, 6.5, 12.75], "rotation": 90, "texture": "#4_0"}
			}
		},
		{
			"from": [11.25, 4.75, 4.85],
			"to": [12, 5.5, 11.25],
			"faces": {
				"north": {"uv": [5, 1, 6.5, 12.75], "rotation": 90, "texture": "#4_0"},
				"east": {"uv": [5, 1, 6.5, 12.75], "rotation": 90, "texture": "#4_0"},
				"south": {"uv": [5, 1, 6.5, 12.75], "rotation": 90, "texture": "#4_0"},
				"west": {"uv": [5, 1, 6.5, 12.75], "rotation": 90, "texture": "#4_0"},
				"up": {"uv": [5, 1, 6.5, 12.75], "texture": "#4_0"},
				"down": {"uv": [5, 1, 6.5, 12.75], "texture": "#4_0"}
			}
		},
		{
			"from": [4.65, 10.1, 11.35],
			"to": [11.25, 10.65, 11.9],
			"faces": {
				"north": {"uv": [5, 1, 6.5, 12.75], "rotation": 90, "texture": "#4_0"},
				"east": {"uv": [5, 1, 6.5, 12.75], "rotation": 90, "texture": "#4_0"},
				"south": {"uv": [5, 1, 6.5, 12.75], "rotation": 90, "texture": "#4_0"},
				"west": {"uv": [5, 1, 6.5, 12.75], "rotation": 90, "texture": "#4_0"},
				"up": {"uv": [5, 1, 6.5, 12.75], "rotation": 90, "texture": "#4_0"},
				"down": {"uv": [5, 1, 6.5, 12.75], "rotation": 90, "texture": "#4_0"}
			}
		},
		{
			"from": [4, 10.1, 4.75],
			"to": [4.55, 10.65, 11.25],
			"faces": {
				"north": {"uv": [5, 1, 6.5, 12.75], "rotation": 90, "texture": "#4_0"},
				"east": {"uv": [5, 1, 6.5, 12.75], "rotation": 90, "texture": "#4_0"},
				"south": {"uv": [5, 1, 6.5, 12.75], "rotation": 90, "texture": "#4_0"},
				"west": {"uv": [5, 1, 6.5, 12.75], "rotation": 90, "texture": "#4_0"},
				"up": {"uv": [5, 1, 6.5, 12.75], "rotation": 90, "texture": "#4_0"},
				"down": {"uv": [5, 1, 6.5, 12.75], "texture": "#4_0"}
			}
		},
		{
			"from": [4.65, 10.1, 4.2],
			"to": [11.25, 10.65, 4.65],
			"faces": {
				"north": {"uv": [5, 1, 6.5, 12.75], "rotation": 90, "texture": "#4_0"},
				"east": {"uv": [5, 1, 6.5, 12.75], "rotation": 90, "texture": "#4_0"},
				"south": {"uv": [5, 1, 6.5, 12.75], "rotation": 90, "texture": "#4_0"},
				"west": {"uv": [5, 1, 6.5, 12.75], "rotation": 90, "texture": "#4_0"},
				"up": {"uv": [5, 1, 6.5, 12.75], "rotation": 90, "texture": "#4_0"},
				"down": {"uv": [5, 1, 6.5, 12.75], "rotation": 90, "texture": "#4_0"}
			}
		},
		{
			"from": [11.25, 10.1, 4.85],
			"to": [11.8, 10.65, 11.25],
			"faces": {
				"north": {"uv": [5, 1, 6.5, 12.75], "rotation": 90, "texture": "#4_0"},
				"east": {"uv": [5, 1, 6.5, 12.75], "rotation": 90, "texture": "#4_0"},
				"south": {"uv": [5, 1, 6.5, 12.75], "rotation": 90, "texture": "#4_0"},
				"west": {"uv": [5, 1, 6.5, 12.75], "rotation": 90, "texture": "#4_0"},
				"up": {"uv": [5, 1, 6.5, 12.75], "rotation": 90, "texture": "#4_0"},
				"down": {"uv": [5, 1, 6.5, 12.75], "texture": "#4_0"}
			}
		},
		{
			"from": [11.15, 0, 11.25],
			"to": [12.35, 0.5, 12.35],
			"faces": {
				"north": {"uv": [4, 4, 5, 5], "texture": "#4_0"},
				"east": {"uv": [4, 4, 5, 5], "texture": "#4_0"},
				"south": {"uv": [4, 4, 5, 5], "texture": "#4_0"},
				"west": {"uv": [4, 4, 5, 5], "texture": "#4_0"},
				"up": {"uv": [4, 4, 5, 5], "texture": "#4_0"},
				"down": {"uv": [4, 4, 5, 5], "texture": "#4_0"}
			}
		},
		{
			"from": [3.65, 0, 11.25],
			"to": [4.85, 0.5, 12.35],
			"faces": {
				"north": {"uv": [4, 4, 5, 5], "texture": "#4_0"},
				"east": {"uv": [4, 4, 5, 5], "texture": "#4_0"},
				"south": {"uv": [4, 4, 5, 5], "texture": "#4_0"},
				"west": {"uv": [4, 4, 5, 5], "texture": "#4_0"},
				"up": {"uv": [4, 4, 5, 5], "texture": "#4_0"},
				"down": {"uv": [4, 4, 5, 5], "texture": "#4_0"}
			}
		},
		{
			"from": [3.65, 0, 3.75],
			"to": [4.85, 0.5, 4.85],
			"faces": {
				"north": {"uv": [4, 4, 5, 5], "texture": "#4_0"},
				"east": {"uv": [4, 4, 5, 5], "texture": "#4_0"},
				"south": {"uv": [4, 4, 5, 5], "texture": "#4_0"},
				"west": {"uv": [4, 4, 5, 5], "texture": "#4_0"},
				"up": {"uv": [4, 4, 5, 5], "texture": "#4_0"},
				"down": {"uv": [4, 4, 5, 5], "texture": "#4_0"}
			}
		},
		{
			"from": [11.15, 0, 3.75],
			"to": [12.35, 0.5, 4.85],
			"faces": {
				"north": {"uv": [4, 4, 5, 5], "texture": "#4_0"},
				"east": {"uv": [4, 4, 5, 5], "texture": "#4_0"},
				"south": {"uv": [4, 4, 5, 5], "texture": "#4_0"},
				"west": {"uv": [4, 4, 5, 5], "texture": "#4_0"},
				"up": {"uv": [4, 4, 5, 5], "texture": "#4_0"},
				"down": {"uv": [4, 4, 5, 5], "texture": "#4_0"}
			}
		},
		{
			"from": [4.14042, 13.8, 3.8048],
			"to": [11.85958, 14.94, 12.1952],
			"faces": {
				"north": {"uv": [0, 0, 12, 1.5], "texture": "#0"},
				"east": {"uv": [0, 0, 12, 1.5], "texture": "#0"},
				"south": {"uv": [0, 0, 12, 1.5], "texture": "#0"},
				"west": {"uv": [0, 0, 12, 1.5], "texture": "#0"},
				"up": {"uv": [2, 1, 14, 13], "texture": "#0"},
				"down": {"uv": [0, 0, 12, 12], "texture": "#0"}
			}
		},
		{
			"from": [4.14042, 13.8, 3.0752],
			"to": [11.85958, 14.94, 3.8048],
			"faces": {
				"north": {"uv": [2, 7, 13.5, 8.5], "texture": "#0"},
				"east": {"uv": [2, 7, 13.5, 8.5], "texture": "#0"},
				"south": {"uv": [2, 7, 13.5, 8.5], "texture": "#0"},
				"west": {"uv": [2, 7, 13.5, 8.5], "texture": "#0"},
				"up": {"uv": [2, 7, 13.5, 8.5], "texture": "#0"},
				"down": {"uv": [2, 7, 13.5, 8.5], "texture": "#0"}
			}
		},
		{
			"from": [11.85958, 13.8, 3.8048],
			"to": [12.60682, 14.94, 12.1952],
			"faces": {
				"north": {"uv": [2, 7, 13.5, 8.5], "texture": "#0"},
				"east": {"uv": [2, 7, 13.5, 8.5], "texture": "#0"},
				"south": {"uv": [2, 7, 13.5, 8.5], "texture": "#0"},
				"west": {"uv": [2, 7, 13.5, 8.5], "texture": "#0"},
				"up": {"uv": [2, 7, 13.5, 8.5], "rotation": 90, "texture": "#0"},
				"down": {"uv": [2, 7, 13.5, 8.5], "rotation": 90, "texture": "#0"}
			}
		},
		{
			"from": [4.14042, 13.8, 12.1952],
			"to": [11.85958, 14.94, 12.9248],
			"faces": {
				"north": {"uv": [2, 5, 14, 6.5], "texture": "#0"},
				"east": {"uv": [2, 5, 14, 6.5], "texture": "#0"},
				"south": {"uv": [2, 5, 14, 6.5], "texture": "#0"},
				"west": {"uv": [2, 5, 14, 6.5], "texture": "#0"},
				"up": {"uv": [2, 5, 14, 6.5], "texture": "#0"},
				"down": {"uv": [2, 5, 14, 6.5], "texture": "#0"}
			}
		},
		{
			"from": [3.39318, 13.8, 3.8048],
			"to": [4.14042, 14.94, 12.1952],
			"faces": {
				"north": {"uv": [2, 7, 13.5, 8.5], "texture": "#0"},
				"east": {"uv": [2, 7, 13.5, 8.5], "texture": "#0"},
				"south": {"uv": [2, 7, 13.5, 8.5], "texture": "#0"},
				"west": {"uv": [2, 7, 13.5, 8.5], "texture": "#0"},
				"up": {"uv": [2, 7, 13.5, 8.5], "rotation": 90, "texture": "#0"},
				"down": {"uv": [2, 7, 13.5, 8.5], "rotation": 90, "texture": "#0"}
			}
		},
		{
			"from": [3.63266, 13.79924, 3.28855],
			"to": [4.72438, 14.93924, 4.01815],
			"rotation": {"angle": 45, "axis": "y", "origin": [4.13608, 14.56076, 3.83575]},
			"faces": {
				"north": {"uv": [4, 4, 5.399, 5], "texture": "#0"},
				"east": {"uv": [0, 0, 1.4, 1], "texture": "#0"},
				"south": {"uv": [0, 0, 1.4, 1], "texture": "#0"},
				"west": {"uv": [0, 0, 1.4, 1], "texture": "#0"},
				"up": {"uv": [0, 0, 1.4, 1], "texture": "#0"},
				"down": {"uv": [0, 0, 1.4, 1], "texture": "#0"}
			}
		},
		{
			"from": [11.72273, 13.79924, 3.2709],
			"to": [12.39396, 14.93924, 4.29234],
			"rotation": {"angle": 45, "axis": "y", "origin": [11.89054, 14.56152, 3.8181]},
			"faces": {
				"north": {"uv": [4, 4, 5.399, 5], "texture": "#0"},
				"east": {"uv": [4, 4, 5.399, 5], "texture": "#0"},
				"south": {"uv": [4, 4, 5.399, 5], "texture": "#0"},
				"west": {"uv": [4, 4, 5.399, 5], "texture": "#0"},
				"up": {"uv": [4, 4, 5.399, 5], "texture": "#0"},
				"down": {"uv": [4, 4, 5.399, 5], "texture": "#0"}
			}
		},
		{
			"from": [11.34487, 13.79924, 12.04696],
			"to": [12.36059, 14.93924, 12.77656],
			"rotation": {"angle": 45, "axis": "y", "origin": [11.78117, 14.56152, 12.22936]},
			"faces": {
				"north": {"uv": [4, 4, 5.399, 5], "texture": "#0"},
				"east": {"uv": [4, 4, 5.399, 5], "texture": "#0"},
				"south": {"uv": [4, 4, 5.399, 5], "texture": "#0"},
				"west": {"uv": [4, 4, 5.399, 5], "texture": "#0"},
				"up": {"uv": [4, 4, 5.399, 5], "texture": "#0"},
				"down": {"uv": [4, 4, 5.399, 5], "texture": "#0"}
			}
		},
		{
			"from": [3.60604, 13.79924, 11.70766],
			"to": [4.27727, 14.93924, 12.7291],
			"rotation": {"angle": 45, "axis": "y", "origin": [4.10946, 14.56152, 12.1819]},
			"faces": {
				"north": {"uv": [4, 4, 5.399, 5], "texture": "#0"},
				"east": {"uv": [4, 4, 5.399, 5], "texture": "#0"},
				"south": {"uv": [4, 4, 5.399, 5], "texture": "#0"},
				"west": {"uv": [4, 4, 5.399, 5], "texture": "#0"},
				"up": {"uv": [4, 4, 5.399, 5], "texture": "#0"},
				"down": {"uv": [4, 4, 5.399, 5], "texture": "#0"}
			}
		},
		{
			"from": [3.8796, 22.02, 11.41],
			"to": [4.5788, 22.4, 12.17],
			"faces": {
				"north": {"uv": [3, 0, 4, 0.5], "texture": "#4_0"},
				"east": {"uv": [3, 0, 4, 0.5], "texture": "#4_0"},
				"south": {"uv": [3, 0, 4, 0.5], "texture": "#4_0"},
				"west": {"uv": [3, 0, 4, 0.5], "texture": "#4_0"},
				"up": {"uv": [3, 0, 4, 0.5], "texture": "#4_0"},
				"down": {"uv": [3, 0, 4, 0.5], "texture": "#4_0"}
			}
		},
		{
			"from": [11.4212, 22.02, 11.41],
			"to": [12.1204, 22.4, 12.17],
			"faces": {
				"north": {"uv": [3, 0, 4, 0.5], "texture": "#4_0"},
				"east": {"uv": [3, 0, 4, 0.5], "texture": "#4_0"},
				"south": {"uv": [3, 0, 4, 0.5], "texture": "#4_0"},
				"west": {"uv": [3, 0, 4, 0.5], "texture": "#4_0"},
				"up": {"uv": [3, 0, 4, 0.5], "texture": "#4_0"},
				"down": {"uv": [3, 0, 4, 0.5], "texture": "#4_0"}
			}
		},
		{
			"from": [4.71723, 19.74744, 11.51037],
			"to": [11.26003, 21.52744, 12.07037],
			"faces": {
				"north": {"uv": [1, 0, 4, 16], "rotation": 90, "texture": "#4_0"},
				"east": {"uv": [4, 2, 11, 3], "texture": "#4_0"},
				"south": {"uv": [1, 0, 4, 16], "rotation": 90, "texture": "#4_0"},
				"west": {"uv": [4, 2, 11, 3], "texture": "#4_0"},
				"up": {"uv": [9, 3, 12, 4], "texture": "#4_0"},
				"down": {"uv": [9, 3, 12, 4], "texture": "#4_0"}
			}
		},
		{
			"from": [4.71723, 16.95744, 11.51037],
			"to": [11.26003, 18.73744, 12.07037],
			"faces": {
				"north": {"uv": [1, 0, 4, 16], "rotation": 90, "texture": "#4_0"},
				"east": {"uv": [4, 2, 11, 3], "texture": "#4_0"},
				"south": {"uv": [1, 0, 4, 16], "rotation": 90, "texture": "#4_0"},
				"west": {"uv": [4, 2, 11, 3], "texture": "#4_0"},
				"up": {"uv": [9, 3, 12, 4], "texture": "#4_0"},
				"down": {"uv": [9, 3, 12, 4], "texture": "#4_0"}
			}
		}
	],
	"display": {
		"thirdperson_righthand": {
			"rotation": [75, 45, 0],
			"translation": [0, 2.5, 0],
			"scale": [0.375, 0.375, 0.375]
		},
		"thirdperson_lefthand": {
			"rotation": [75, 45, 0],
			"translation": [0, 2.5, 0],
			"scale": [0.375, 0.375, 0.375]
		},
		"firstperson_righthand": {
			"rotation": [0, 19, 0],
			"scale": [0.4, 0.4, 0.4]
		},
		"firstperson_lefthand": {
			"rotation": [0, 12, 0],
			"scale": [0.4, 0.4, 0.4]
		},
		"ground": {
			"translation": [0, 0.25, 0],
			"scale": [0.5, 0.5, 0.5]
		},
		"gui": {
			"rotation": [30, 225, 0],
			"scale": [0.45, 0.45, 0.45]
		},
		"head": {
			"translation": [0, 13.75, 0],
			"scale": [0.8, 0.8, 0.8]
		},
		"fixed": {
			"rotation": [-90, 0, 0],
			"translation": [0, 0, -15],
			"scale": [2, 2, 2]
		}
	},
	"groups": [
		{
			"name": "Barstool",
			"children": [
				{
					"name": "Cushion",
					"children": []
				},
				{
					"name": "Legs",
					"children": [0, 1, 2, 3, 4, 5, 6, 7, 8, 9, 10, 11,
						{
							"name": "support",
							"children": [12, 13, 14, 15]
						},
						{
							"name": "support2",
							"children": [16, 17, 18, 19]
						}, 20, 21, 22, 23]
				}
			]
		},
		{
			"name": "chair4oak",
			"children": [
				{
					"name": "chair1spruce",
					"children": [
						{
							"name": "chair",
							"children": [24, 25, 26, 27, 28, 29, 30, 31, 32]
						}
					]
				},
				{
					"name": "chair4white",
					"children": [
						{
							"name": "chair",
							"children": [
								{
									"name": "Legs",
									"children": [33, 34]
								},
								{
									"name": "Back",
									"children": [35, 36]
								}
							]
						}
					]
				}
			]
		}
	]
}