{
	"credit": "Made with Blockbench",
	"textures": {
		"0": "block/MizunoArchive/stripped_spruce_log"
	},
	"elements": [
		{
			"from": [11.25, 5.25, 11.35],
			"to": [12.25, 21.04, 12.25],
			"faces": {
				"north": {"uv": [8, 0, 9, 16], "texture": "#0"},
				"east": {"uv": [8, 0, 9, 16], "texture": "#0"},
				"south": {"uv": [8, 0, 9, 16], "texture": "#0"},
				"west": {"uv": [8, 0, 9, 16], "texture": "#0"},
				"up": {"uv": [8, 0, 9, 16], "texture": "#0"},
				"down": {"uv": [8, 0, 9, 16], "texture": "#0"}
			}
		},
		{
			"from": [11.25, 5.25, 3.85],
			"to": [12.25, 14.5, 4.75],
			"faces": {
				"north": {"uv": [8, 0, 9, 16], "texture": "#0"},
				"east": {"uv": [8, 0, 9, 16], "texture": "#0"},
				"south": {"uv": [8, 0, 9, 16], "texture": "#0"},
				"west": {"uv": [8, 0, 9, 16], "texture": "#0"},
				"up": {"uv": [8, 0, 9, 16], "texture": "#0"},
				"down": {"uv": [8, 0, 9, 16], "texture": "#0"}
			}
		},
		{
			"from": [3.75, 5.25, 11.35],
			"to": [4.75, 21.04, 12.25],
			"faces": {
				"north": {"uv": [8, 0, 9, 16], "texture": "#0"},
				"east": {"uv": [8, 0, 9, 16], "texture": "#0"},
				"south": {"uv": [8, 0, 9, 16], "texture": "#0"},
				"west": {"uv": [8, 0, 9, 16], "texture": "#0"},
				"up": {"uv": [8, 0, 9, 16], "texture": "#0"},
				"down": {"uv": [8, 0, 9, 16], "texture": "#0"}
			}
		},
		{
			"from": [3.75, 5.25, 3.85],
			"to": [4.75, 14.5, 4.75],
			"faces": {
				"north": {"uv": [8, 0, 9, 16], "texture": "#0"},
				"east": {"uv": [8, 0, 9, 16], "texture": "#0"},
				"south": {"uv": [8, 0, 9, 16], "texture": "#0"},
				"west": {"uv": [8, 0, 9, 16], "texture": "#0"},
				"up": {"uv": [8, 0, 9, 16], "texture": "#0"},
				"down": {"uv": [8, 0, 9, 16], "texture": "#0"}
			}
		},
		{
			"from": [11.05, 0.5, 11.15],
			"to": [12.45, 4.25, 12.45],
			"faces": {
				"north": {"uv": [5, 3, 6.399, 6.75], "texture": "#0"},
				"east": {"uv": [5, 3, 6.399, 6.75], "texture": "#0"},
				"south": {"uv": [5, 3, 6.399, 6.75], "texture": "#0"},
				"west": {"uv": [5, 3, 6.399, 6.75], "texture": "#0"},
				"up": {"uv": [5, 3, 6.399, 6.75], "texture": "#0"},
				"down": {"uv": [5, 3, 6.399, 6.75], "texture": "#0"}
			}
		},
		{
			"from": [3.55, 0.5, 11.15],
			"to": [4.95, 4.25, 12.45],
			"faces": {
				"north": {"uv": [5, 3, 6.399, 6.75], "texture": "#0"},
				"east": {"uv": [5, 3, 6.399, 6.75], "texture": "#0"},
				"south": {"uv": [5, 3, 6.399, 6.75], "texture": "#0"},
				"west": {"uv": [5, 3, 6.399, 6.75], "texture": "#0"},
				"up": {"uv": [5, 3, 6.399, 6.75], "texture": "#0"},
				"down": {"uv": [5, 3, 6.399, 6.75], "texture": "#0"}
			}
		},
		{
			"from": [3.55, 0.5, 3.65],
			"to": [4.95, 4.25, 4.95],
			"faces": {
				"north": {"uv": [5, 3, 6.399, 6.75], "texture": "#0"},
				"east": {"uv": [5, 3, 6.399, 6.75], "texture": "#0"},
				"south": {"uv": [5, 3, 6.399, 6.75], "texture": "#0"},
				"west": {"uv": [5, 3, 6.399, 6.75], "texture": "#0"},
				"up": {"uv": [5, 3, 6.399, 6.75], "texture": "#0"},
				"down": {"uv": [5, 3, 6.399, 6.75], "texture": "#0"}
			}
		},
		{
			"from": [11.05, 0.5, 3.65],
			"to": [12.45, 4.25, 4.95],
			"faces": {
				"north": {"uv": [5, 3, 6.399, 6.75], "texture": "#0"},
				"east": {"uv": [5, 3, 6.399, 6.75], "texture": "#0"},
				"south": {"uv": [5, 3, 6.399, 6.75], "texture": "#0"},
				"west": {"uv": [5, 3, 6.399, 6.75], "texture": "#0"},
				"up": {"uv": [5, 3, 6.399, 6.75], "texture": "#0"},
				"down": {"uv": [5, 3, 6.399, 6.75], "texture": "#0"}
			}
		},
		{
			"from": [3.65, 4.25, 3.75],
			"to": [4.85, 8, 4.85],
			"faces": {
				"north": {"uv": [4, 4, 5.2, 7.75], "texture": "#0"},
				"east": {"uv": [4, 4, 5.2, 7.75], "texture": "#0"},
				"south": {"uv": [4, 4, 5.2, 7.75], "texture": "#0"},
				"west": {"uv": [4, 4, 5.2, 7.75], "texture": "#0"},
				"up": {"uv": [4, 4, 5.2, 7.75], "texture": "#0"},
				"down": {"uv": [4, 4, 5.2, 7.75], "texture": "#0"}
			}
		},
		{
			"from": [3.65, 4.25, 11.25],
			"to": [4.85, 8, 12.35],
			"faces": {
				"north": {"uv": [4, 4, 5.2, 7.75], "texture": "#0"},
				"east": {"uv": [4, 4, 5.2, 7.75], "texture": "#0"},
				"south": {"uv": [4, 4, 5.2, 7.75], "texture": "#0"},
				"west": {"uv": [4, 4, 5.2, 7.75], "texture": "#0"},
				"up": {"uv": [4, 4, 5.2, 7.75], "texture": "#0"},
				"down": {"uv": [4, 4, 5.2, 7.75], "texture": "#0"}
			}
		},
		{
			"from": [11.15, 4.25, 11.25],
			"to": [12.35, 8, 12.35],
			"faces": {
				"north": {"uv": [4, 4, 5.2, 7.75], "texture": "#0"},
				"east": {"uv": [4, 4, 5.2, 7.75], "texture": "#0"},
				"south": {"uv": [4, 4, 5.2, 7.75], "texture": "#0"},
				"west": {"uv": [4, 4, 5.2, 7.75], "texture": "#0"},
				"up": {"uv": [4, 4, 5.2, 7.75], "texture": "#0"},
				"down": {"uv": [4, 4, 5.2, 7.75], "texture": "#0"}
			}
		},
		{
			"from": [11.15, 4.25, 3.75],
			"to": [12.35, 8, 4.85],
			"faces": {
				"north": {"uv": [4, 4, 5.2, 7.75], "texture": "#0"},
				"east": {"uv": [4, 4, 5.2, 7.75], "texture": "#0"},
				"south": {"uv": [4, 4, 5.2, 7.75], "texture": "#0"},
				"west": {"uv": [4, 4, 5.2, 7.75], "texture": "#0"},
				"up": {"uv": [4, 4, 5.2, 7.75], "texture": "#0"},
				"down": {"uv": [4, 4, 5.2, 7.75], "texture": "#0"}
			}
		},
		{
			"from": [4.75, 4.75, 11.25],
			"to": [11.25, 5.5, 12],
			"faces": {
				"north": {"uv": [4, 6, 10.5, 6.75], "texture": "#0"},
				"east": {"uv": [4, 6, 10.5, 6.75], "texture": "#0"},
				"south": {"uv": [4, 6, 10.5, 6.75], "texture": "#0"},
				"west": {"uv": [4, 6, 10.5, 6.75], "texture": "#0"},
				"up": {"uv": [4, 6, 10.5, 6.75], "texture": "#0"},
				"down": {"uv": [4, 6, 10.5, 6.75], "texture": "#0"}
			}
		},
		{
			"from": [4, 4.75, 4.75],
			"to": [4.75, 5.5, 11.25],
			"faces": {
				"north": {"uv": [4, 5, 10.5, 5.75], "texture": "#0"},
				"east": {"uv": [4, 5, 10.5, 5.75], "texture": "#0"},
				"south": {"uv": [4, 5, 10.5, 5.75], "texture": "#0"},
				"west": {"uv": [4, 5, 10.5, 5.75], "texture": "#0"},
				"up": {"uv": [4, 5, 10.5, 5.75], "texture": "#0"},
				"down": {"uv": [4, 5, 10.5, 5.75], "texture": "#0"}
			}
		},
		{
			"from": [4.75, 4.75, 4.1],
			"to": [11.25, 5.5, 4.75],
			"faces": {
				"north": {"uv": [4, 6, 10.5, 6.75], "texture": "#0"},
				"east": {"uv": [4, 6, 10.5, 6.75], "texture": "#0"},
				"south": {"uv": [4, 6, 10.5, 6.75], "texture": "#0"},
				"west": {"uv": [4, 6, 10.5, 6.75], "texture": "#0"},
				"up": {"uv": [4, 6, 10.5, 6.75], "texture": "#0"},
				"down": {"uv": [4, 6, 10.5, 6.75], "texture": "#0"}
			}
		},
		{
			"from": [11.25, 4.75, 4.85],
			"to": [12, 5.5, 11.25],
			"faces": {
				"north": {"uv": [4, 5, 10.5, 5.75], "texture": "#0"},
				"east": {"uv": [4, 5, 10.5, 5.75], "texture": "#0"},
				"south": {"uv": [4, 5, 10.5, 5.75], "texture": "#0"},
				"west": {"uv": [4, 5, 10.5, 5.75], "texture": "#0"},
				"up": {"uv": [4, 5, 10.5, 5.75], "texture": "#0"},
				"down": {"uv": [4, 5, 10.5, 5.75], "texture": "#0"}
			}
		},
		{
			"from": [4.65, 10.1, 11.35],
			"to": [11.25, 10.65, 11.9],
			"faces": {
				"north": {"uv": [4, 6, 10.5, 6.75], "texture": "#0"},
				"east": {"uv": [4, 6, 10.5, 6.75], "texture": "#0"},
				"south": {"uv": [4, 6, 10.5, 6.75], "texture": "#0"},
				"west": {"uv": [4, 6, 10.5, 6.75], "texture": "#0"},
				"up": {"uv": [4, 6, 10.5, 6.75], "texture": "#0"},
				"down": {"uv": [4, 6, 10.5, 6.75], "texture": "#0"}
			}
		},
		{
			"from": [4, 10.1, 4.75],
			"to": [4.55, 10.65, 11.25],
			"faces": {
				"north": {"uv": [4, 5, 10.5, 5.75], "texture": "#0"},
				"east": {"uv": [4, 5, 10.5, 5.75], "texture": "#0"},
				"south": {"uv": [4, 5, 10.5, 5.75], "texture": "#0"},
				"west": {"uv": [4, 5, 10.5, 5.75], "texture": "#0"},
				"up": {"uv": [4, 5, 10.5, 5.75], "texture": "#0"},
				"down": {"uv": [4, 5, 10.5, 5.75], "texture": "#0"}
			}
		},
		{
			"from": [4.65, 10.1, 4.2],
			"to": [11.25, 10.65, 4.65],
			"faces": {
				"north": {"uv": [4, 6, 10.5, 6.75], "texture": "#0"},
				"east": {"uv": [4, 6, 10.5, 6.75], "texture": "#0"},
				"south": {"uv": [4, 6, 10.5, 6.75], "texture": "#0"},
				"west": {"uv": [4, 6, 10.5, 6.75], "texture": "#0"},
				"up": {"uv": [4, 6, 10.5, 6.75], "texture": "#0"},
				"down": {"uv": [4, 6, 10.5, 6.75], "texture": "#0"}
			}
		},
		{
			"from": [11.25, 10.1, 4.85],
			"to": [11.8, 10.65, 11.25],
			"faces": {
				"north": {"uv": [4, 5, 10.5, 5.75], "texture": "#0"},
				"east": {"uv": [4, 5, 10.5, 5.75], "texture": "#0"},
				"south": {"uv": [4, 5, 10.5, 5.75], "texture": "#0"},
				"west": {"uv": [4, 5, 10.5, 5.75], "texture": "#0"},
				"up": {"uv": [4, 5, 10.5, 5.75], "texture": "#0"},
				"down": {"uv": [4, 5, 10.5, 5.75], "texture": "#0"}
			}
		},
		{
			"from": [11.15, 0, 11.25],
			"to": [12.35, 0.5, 12.35],
			"faces": {
				"north": {"uv": [4, 4, 5, 5], "texture": "#0"},
				"east": {"uv": [4, 4, 5, 5], "texture": "#0"},
				"south": {"uv": [4, 4, 5, 5], "texture": "#0"},
				"west": {"uv": [4, 4, 5, 5], "texture": "#0"},
				"up": {"uv": [4, 4, 5, 5], "texture": "#0"},
				"down": {"uv": [4, 4, 5, 5], "texture": "#0"}
			}
		},
		{
			"from": [3.65, 0, 11.25],
			"to": [4.85, 0.5, 12.35],
			"faces": {
				"north": {"uv": [4, 4, 5, 5], "texture": "#0"},
				"east": {"uv": [4, 4, 5, 5], "texture": "#0"},
				"south": {"uv": [4, 4, 5, 5], "texture": "#0"},
				"west": {"uv": [4, 4, 5, 5], "texture": "#0"},
				"up": {"uv": [4, 4, 5, 5], "texture": "#0"},
				"down": {"uv": [4, 4, 5, 5], "texture": "#0"}
			}
		},
		{
			"from": [3.65, 0, 3.75],
			"to": [4.85, 0.5, 4.85],
			"faces": {
				"north": {"uv": [4, 4, 5, 5], "texture": "#0"},
				"east": {"uv": [4, 4, 5, 5], "texture": "#0"},
				"south": {"uv": [4, 4, 5, 5], "texture": "#0"},
				"west": {"uv": [4, 4, 5, 5], "texture": "#0"},
				"up": {"uv": [4, 4, 5, 5], "texture": "#0"},
				"down": {"uv": [4, 4, 5, 5], "texture": "#0"}
			}
		},
		{
			"from": [11.15, 0, 3.75],
			"to": [12.35, 0.5, 4.85],
			"faces": {
				"north": {"uv": [4, 4, 5, 5], "texture": "#0"},
				"east": {"uv": [4, 4, 5, 5], "texture": "#0"},
				"south": {"uv": [4, 4, 5, 5], "texture": "#0"},
				"west": {"uv": [4, 4, 5, 5], "texture": "#0"},
				"up": {"uv": [4, 4, 5, 5], "texture": "#0"},
				"down": {"uv": [4, 4, 5, 5], "texture": "#0"}
			}
		},
		{
			"from": [5.5563, 21.65, 11.3398],
			"to": [10.47904, 22.7966, 12.2364],
			"faces": {
				"north": {"uv": [4, 4, 7.5, 5.5], "texture": "#0"},
				"east": {"uv": [0, 0, 1.5, 1.5], "texture": "#0"},
				"south": {"uv": [0, 0, 7, 1.5], "texture": "#0"},
				"west": {"uv": [0, 0, 1.5, 1.5], "texture": "#0"},
				"up": {"uv": [0, 0, 7, 1.5], "texture": "#0"},
				"down": {"uv": [0, 0, 7, 1.5], "texture": "#0"}
			}
		},
		{
			"from": [10.43056, 23.8, 11.34056],
			"to": [12.89193, 24.9466, 12.22188],
			"rotation": {"angle": 45, "axis": "z", "origin": [11.83706, 15.01128, 9.42873]},
			"faces": {
				"north": {"uv": [4, 3, 7.5, 4.5], "texture": "#0"},
				"east": {"uv": [0, 0, 1.48, 1.5], "texture": "#0"},
				"south": {"uv": [0, 0, 3.5, 1.5], "texture": "#0"},
				"west": {"uv": [0, 0, 1.48, 1.5], "texture": "#0"},
				"up": {"uv": [0, 0, 3.5, 1.48], "texture": "#0"},
				"down": {"uv": [0, 0, 3.5, 1.48], "texture": "#0"}
			}
		},
		{
			"from": [3.14342, 23.8, 11.34056],
			"to": [5.60478, 24.9466, 12.22188],
			"rotation": {"angle": -45, "axis": "z", "origin": [4.19829, 15.01128, 9.42873]},
			"faces": {
				"north": {"uv": [4, 3, 7.5, 4.5], "texture": "#0"},
				"east": {"uv": [1.48, 0, 0, 1.5], "texture": "#0"},
				"south": {"uv": [3.5, 0, 0, 1.5], "texture": "#0"},
				"west": {"uv": [1.48, 0, 0, 1.5], "texture": "#0"},
				"up": {"uv": [3.5, 0, 0, 1.48], "texture": "#0"},
				"down": {"uv": [3.5, 0, 0, 1.48], "texture": "#0"}
			}
		},
		{
			"from": [4.11807, 13.735, 3.78051],
			"to": [11.88193, 14.8816, 12.21949],
			"faces": {
				"north": {"uv": [0, 0, 12, 1.5], "texture": "#0"},
				"east": {"uv": [0, 0, 12, 1.5], "texture": "#0"},
				"south": {"uv": [0, 0, 12, 1.5], "texture": "#0"},
				"west": {"uv": [0, 0, 12, 1.5], "texture": "#0"},
				"up": {"uv": [2, 1, 14, 13], "texture": "#0"},
				"down": {"uv": [0, 0, 12, 12], "texture": "#0"}
			}
		},
		{
			"from": [4.11807, 13.735, 3.04669],
			"to": [11.88193, 14.8816, 3.78051],
			"faces": {
				"north": {"uv": [2, 7, 13.5, 8.5], "texture": "#0"},
				"east": {"uv": [2, 7, 13.5, 8.5], "texture": "#0"},
				"south": {"uv": [2, 7, 13.5, 8.5], "texture": "#0"},
				"west": {"uv": [2, 7, 13.5, 8.5], "texture": "#0"},
				"up": {"uv": [2, 7, 13.5, 8.5], "texture": "#0"},
				"down": {"uv": [2, 7, 13.5, 8.5], "texture": "#0"}
			}
		},
		{
			"from": [11.88193, 13.735, 3.78051],
			"to": [12.55705, 14.8816, 12.21949],
			"faces": {
				"north": {"uv": [2, 7, 13.5, 8.5], "texture": "#0"},
				"east": {"uv": [2, 7, 13.5, 8.5], "texture": "#0"},
				"south": {"uv": [2, 7, 13.5, 8.5], "texture": "#0"},
				"west": {"uv": [2, 7, 13.5, 8.5], "texture": "#0"},
				"up": {"uv": [2, 7, 13.5, 8.5], "rotation": 90, "texture": "#0"},
				"down": {"uv": [2, 7, 13.5, 8.5], "rotation": 90, "texture": "#0"}
			}
		},
		{
			"from": [4.11807, 13.735, 12.21949],
			"to": [11.88193, 14.8816, 12.95331],
			"faces": {
				"north": {"uv": [2, 5, 14, 6.5], "texture": "#0"},
				"east": {"uv": [2, 5, 14, 6.5], "texture": "#0"},
				"south": {"uv": [2, 5, 14, 6.5], "texture": "#0"},
				"west": {"uv": [2, 5, 14, 6.5], "texture": "#0"},
				"up": {"uv": [2, 5, 14, 6.5], "texture": "#0"},
				"down": {"uv": [2, 5, 14, 6.5], "texture": "#0"}
			}
		},
		{
			"from": [3.44295, 13.735, 3.78051],
			"to": [4.11807, 14.8816, 12.21949],
			"faces": {
				"north": {"uv": [2, 7, 13.5, 8.5], "texture": "#0"},
				"east": {"uv": [2, 7, 13.5, 8.5], "texture": "#0"},
				"south": {"uv": [2, 7, 13.5, 8.5], "texture": "#0"},
				"west": {"uv": [2, 7, 13.5, 8.5], "texture": "#0"},
				"up": {"uv": [2, 7, 13.5, 8.5], "rotation": 90, "texture": "#0"},
				"down": {"uv": [2, 7, 13.5, 8.5], "rotation": 90, "texture": "#0"}
			}
		},
		{
			"from": [7.73628, 14.7827, 11.5309],
			"to": [8.26372, 22, 11.8542],
			"faces": {
				"north": {"uv": [5, 1, 5.75, 11.5], "texture": "#0"},
				"east": {"uv": [5, 1, 5.75, 11.5], "texture": "#0"},
				"south": {"uv": [5, 1, 5.75, 11.5], "texture": "#0"},
				"west": {"uv": [5, 1, 5.75, 11.5], "texture": "#0"},
				"up": {"uv": [5, 1, 5.75, 11.5], "texture": "#0"},
				"down": {"uv": [5, 1, 5.75, 11.5], "texture": "#0"}
			}
		},
		{
			"from": [9.4944, 14.7827, 11.5309],
			"to": [10.02184, 22, 11.8542],
			"faces": {
				"north": {"uv": [5, 1, 5.75, 11.5], "texture": "#0"},
				"east": {"uv": [5, 1, 5.75, 11.5], "texture": "#0"},
				"south": {"uv": [5, 1, 5.75, 11.5], "texture": "#0"},
				"west": {"uv": [5, 1, 5.75, 11.5], "texture": "#0"},
				"up": {"uv": [5, 1, 5.75, 11.5], "texture": "#0"},
				"down": {"uv": [5, 1, 5.75, 11.5], "texture": "#0"}
			}
		},
		{
			"from": [5.97816, 14.7827, 11.5309],
			"to": [6.5056, 22, 11.8542],
			"faces": {
				"north": {"uv": [5, 1, 5.75, 11.5], "texture": "#0"},
				"east": {"uv": [5, 1, 5.75, 11.5], "texture": "#0"},
				"south": {"uv": [5, 1, 5.75, 11.5], "texture": "#0"},
				"west": {"uv": [5, 1, 5.75, 11.5], "texture": "#0"},
				"up": {"uv": [5, 1, 5.75, 11.5], "texture": "#0"},
				"down": {"uv": [5, 1, 5.75, 11.5], "texture": "#0"}
			}
		},
		{
			"from": [3.65269, 13.73424, 3.23014],
			"to": [4.59785, 14.88084, 3.96397],
			"rotation": {"angle": 45, "axis": "y", "origin": [4.15903, 14.4994, 3.78051]},
			"faces": {
				"north": {"uv": [4, 4, 5.399, 5], "texture": "#0"},
				"east": {"uv": [0, 0, 1.4, 1], "texture": "#0"},
				"south": {"uv": [0, 0, 1.4, 1], "texture": "#0"},
				"west": {"uv": [0, 0, 1.4, 1], "texture": "#0"},
				"up": {"uv": [0, 0, 1.4, 1], "texture": "#0"},
				"down": {"uv": [0, 0, 1.4, 1], "texture": "#0"}
			}
		},
		{
			"from": [11.71315, 13.73424, 3.27466],
			"to": [12.38827, 14.88084, 4.30201],
			"rotation": {"angle": 45, "axis": "y", "origin": [11.88193, 14.50016, 3.82502]},
			"faces": {
				"north": {"uv": [4, 4, 5.399, 5], "texture": "#0"},
				"east": {"uv": [4, 4, 5.399, 5], "texture": "#0"},
				"south": {"uv": [4, 4, 5.399, 5], "texture": "#0"},
				"west": {"uv": [4, 4, 5.399, 5], "texture": "#0"},
				"up": {"uv": [4, 4, 5.399, 5], "texture": "#0"},
				"down": {"uv": [4, 4, 5.399, 5], "texture": "#0"}
			}
		},
		{
			"from": [11.40215, 13.73424, 12.03603],
			"to": [12.34731, 14.88084, 12.76986],
			"rotation": {"angle": 45, "axis": "y", "origin": [11.84097, 14.50016, 12.21949]},
			"faces": {
				"north": {"uv": [4, 4, 5.399, 5], "texture": "#0"},
				"east": {"uv": [4, 4, 5.399, 5], "texture": "#0"},
				"south": {"uv": [4, 4, 5.399, 5], "texture": "#0"},
				"west": {"uv": [4, 4, 5.399, 5], "texture": "#0"},
				"up": {"uv": [4, 4, 5.399, 5], "texture": "#0"},
				"down": {"uv": [4, 4, 5.399, 5], "texture": "#0"}
			}
		},
		{
			"from": [3.61173, 13.73424, 11.69799],
			"to": [4.28685, 14.88084, 12.72534],
			"rotation": {"angle": 45, "axis": "y", "origin": [4.11807, 14.50016, 12.17498]},
			"faces": {
				"north": {"uv": [4, 4, 5.399, 5], "texture": "#0"},
				"east": {"uv": [4, 4, 5.399, 5], "texture": "#0"},
				"south": {"uv": [4, 4, 5.399, 5], "texture": "#0"},
				"west": {"uv": [4, 4, 5.399, 5], "texture": "#0"},
				"up": {"uv": [4, 4, 5.399, 5], "texture": "#0"},
				"down": {"uv": [4, 4, 5.399, 5], "texture": "#0"}
			}
		}
	],
	"display": {
		"thirdperson_righthand": {
			"rotation": [75, 45, 0],
			"translation": [0, 2.5, 0],
			"scale": [0.375, 0.375, 0.375]
		},
		"thirdperson_lefthand": {
			"rotation": [75, 45, 0],
			"translation": [0, 2.5, 0],
			"scale": [0.375, 0.375, 0.375]
		},
		"firstperson_righthand": {
			"rotation": [0, 19, 0],
			"scale": [0.4, 0.4, 0.4]
		},
		"firstperson_lefthand": {
			"rotation": [0, 12, 0],
			"scale": [0.4, 0.4, 0.4]
		},
		"ground": {
			"translation": [0, 0.25, 0],
			"scale": [0.5, 0.5, 0.5]
		},
		"gui": {
			"rotation": [30, 225, 0],
			"scale": [0.45, 0.45, 0.45]
		},
		"head": {
			"translation": [0, 13.75, 0],
			"scale": [0.8, 0.8, 0.8]
		},
		"fixed": {
			"rotation": [-90, 0, 0],
			"translation": [0, 0, -15],
			"scale": [2, 2, 2]
		}
	},
	"groups": [
		{
			"name": "Barstool",
			"children": [
				{
					"name": "Cushion",
					"children": []
				},
				{
					"name": "Legs",
					"children": [0, 1, 2, 3, 4, 5, 6, 7, 8, 9, 10, 11,
						{
							"name": "support",
							"children": [12, 13, 14, 15]
						},
						{
							"name": "support2",
							"children": [16, 17, 18, 19]
						}, 20, 21, 22, 23]
				}
			]
		},
		{
			"name": "chair2oak",
			"children": [
				{
					"name": "chair",
					"children": [24, 25, 26]
				},
				{
					"name": "chair1spruce",
					"children": [
						{
							"name": "chair",
							"children": [27, 28, 29, 30, 31, 32, 33, 34, 35, 36, 37, 38]
						}
					]
				}
			]
		}
	]
}