{
	"credit": "Made with Blockbench",
	"parent": "./cit_item",
	"textures": {
		"0": "block/picnicbasket",
		"1": "block/MizunoArchive/carrot_0",
		"particle": "block/picnicbasket"
	},
	"elements": [
		{
			"from": [2, 0, 2],
			"to": [14, 1, 14],
			"faces": {
				"north": {"uv": [0, 0, 12, 1], "texture": "#0"},
				"east": {"uv": [0, 0, 12, 1], "texture": "#0"},
				"south": {"uv": [0, 0, 12, 1], "texture": "#0"},
				"west": {"uv": [0, 0, 12, 1], "texture": "#0"},
				"up": {"uv": [0, 9, 16, 16], "texture": "#0"},
				"down": {"uv": [0, 9, 16, 16], "texture": "#0"}
			}
		},
		{
			"from": [1, 0, 3],
			"to": [2, 1, 13],
			"faces": {
				"north": {"uv": [0, 0, 1, 1], "texture": "#0"},
				"east": {"uv": [0, 0, 10, 1], "texture": "#0"},
				"south": {"uv": [0, 0, 1, 1], "texture": "#0"},
				"west": {"uv": [0, 0, 10, 1], "texture": "#0"},
				"up": {"uv": [0, 15, 16, 16], "rotation": 90, "texture": "#0"},
				"down": {"uv": [0, 9, 16, 10], "rotation": 90, "texture": "#0"}
			}
		},
		{
			"from": [14, 0, 3],
			"to": [15, 1, 13],
			"faces": {
				"north": {"uv": [0, 0, 1, 1], "texture": "#0"},
				"east": {"uv": [0, 0, 10, 1], "texture": "#0"},
				"south": {"uv": [0, 0, 1, 1], "texture": "#0"},
				"west": {"uv": [0, 0, 10, 1], "texture": "#0"},
				"up": {"uv": [0, 15, 16, 16], "rotation": 90, "texture": "#0"},
				"down": {"uv": [0, 9, 16, 10], "rotation": 90, "texture": "#0"}
			}
		},
		{
			"from": [1, 1, 2],
			"to": [2, 6, 3],
			"faces": {
				"north": {"uv": [0, 0, 1, 5], "texture": "#0"},
				"east": {"uv": [0, 0, 1, 5], "texture": "#0"},
				"south": {"uv": [0, 0, 1, 5], "texture": "#0"},
				"west": {"uv": [0, 0, 1, 5], "texture": "#0"},
				"up": {"uv": [0, 0, 1, 1], "texture": "#0"},
				"down": {"uv": [0, 0, 1, 1], "texture": "#0"}
			}
		},
		{
			"from": [0, 1, 3],
			"to": [1, 6, 13],
			"faces": {
				"north": {"uv": [0, 0, 1, 5], "texture": "#0"},
				"east": {"uv": [0, 0, 10, 5], "texture": "#0"},
				"south": {"uv": [0, 0, 1, 5], "texture": "#0"},
				"west": {"uv": [0, 0, 10, 5], "texture": "#0"},
				"up": {"uv": [0, 0, 10, 1], "rotation": 90, "texture": "#0"},
				"down": {"uv": [0, 0, 10, 1], "rotation": 270, "texture": "#0"}
			}
		},
		{
			"from": [15, 1, 3],
			"to": [16, 6, 13],
			"faces": {
				"north": {"uv": [0, 0, 1, 5], "texture": "#0"},
				"east": {"uv": [0, 0, 10, 5], "texture": "#0"},
				"south": {"uv": [0, 0, 1, 5], "texture": "#0"},
				"west": {"uv": [0, 0, 10, 5], "texture": "#0"},
				"up": {"uv": [0, 0, 10, 1], "rotation": 90, "texture": "#0"},
				"down": {"uv": [0, 0, 10, 1], "rotation": 90, "texture": "#0"}
			}
		},
		{
			"from": [14, 1, 2],
			"to": [15, 6, 3],
			"faces": {
				"north": {"uv": [0, 0, 1, 5], "texture": "#0"},
				"east": {"uv": [0, 0, 1, 5], "texture": "#0"},
				"south": {"uv": [0, 0, 1, 5], "texture": "#0"},
				"west": {"uv": [0, 0, 1, 5], "texture": "#0"},
				"up": {"uv": [0, 0, 1, 1], "texture": "#0"},
				"down": {"uv": [0, 0, 1, 1], "texture": "#0"}
			}
		},
		{
			"from": [14, 1, 13],
			"to": [15, 6, 14],
			"faces": {
				"north": {"uv": [0, 0, 1, 5], "texture": "#0"},
				"east": {"uv": [0, 0, 1, 5], "texture": "#0"},
				"south": {"uv": [0, 0, 1, 5], "texture": "#0"},
				"west": {"uv": [0, 0, 1, 5], "texture": "#0"},
				"up": {"uv": [0, 0, 1, 1], "texture": "#0"},
				"down": {"uv": [0, 0, 1, 1], "texture": "#0"}
			}
		},
		{
			"from": [1, 1, 13],
			"to": [2, 6, 14],
			"faces": {
				"north": {"uv": [0, 0, 1, 5], "texture": "#0"},
				"east": {"uv": [0, 0, 1, 5], "texture": "#0"},
				"south": {"uv": [0, 0, 1, 5], "texture": "#0"},
				"west": {"uv": [0, 0, 1, 5], "texture": "#0"},
				"up": {"uv": [0, 0, 1, 1], "texture": "#0"},
				"down": {"uv": [0, 0, 1, 1], "texture": "#0"}
			}
		},
		{
			"from": [2, 1, 14],
			"to": [14, 6, 15],
			"faces": {
				"north": {"uv": [0, 0, 12, 5], "texture": "#0"},
				"east": {"uv": [0, 0, 1, 5], "texture": "#0"},
				"south": {"uv": [0, 0, 12, 5], "texture": "#0"},
				"west": {"uv": [0, 0, 1, 5], "texture": "#0"},
				"up": {"uv": [0, 0, 12, 1], "texture": "#0"},
				"down": {"uv": [0, 0, 12, 1], "texture": "#0"}
			}
		},
		{
			"from": [2, 1, 1],
			"to": [14, 6, 2],
			"faces": {
				"north": {"uv": [0, 0, 12, 5], "texture": "#0"},
				"east": {"uv": [0, 0, 1, 5], "texture": "#0"},
				"south": {"uv": [0, 0, 12, 5], "texture": "#0"},
				"west": {"uv": [0, 0, 1, 5], "texture": "#0"},
				"up": {"uv": [0, 0, 12, 1], "texture": "#0"},
				"down": {"uv": [0, 0, 12, 1], "texture": "#0"}
			}
		},
		{
			"from": [-0.5, 8, 6],
			"to": [0, 9, 10],
			"faces": {
				"north": {"uv": [0, 9, 0.5, 11.5], "texture": "#0"},
				"east": {"uv": [0, 9, 1, 11.5], "rotation": 90, "texture": "#0"},
				"south": {"uv": [0, 9, 0.5, 11.5], "texture": "#0"},
				"west": {"uv": [0, 9.5, 1, 12], "rotation": 90, "texture": "#0"},
				"up": {"uv": [0.5, 10, 0, 9], "texture": "#0"},
				"down": {"uv": [0.5, 10, 0, 9], "texture": "#0"}
			}
		},
		{
			"from": [-0.5, 5.5, 10],
			"to": [0, 8, 11],
			"faces": {
				"north": {"uv": [0, 9, 0.5, 11.5], "texture": "#0"},
				"east": {"uv": [0, 9, 1, 11.5], "texture": "#0"},
				"south": {"uv": [0, 9, 0.5, 11.5], "texture": "#0"},
				"west": {"uv": [0, 9.5, 1, 12], "texture": "#0"},
				"up": {"uv": [0.5, 10, 0, 9], "texture": "#0"},
				"down": {"uv": [0.5, 10, 0, 9], "texture": "#0"}
			}
		},
		{
			"from": [-0.75, 4.5, 10],
			"to": [0, 5.5, 11],
			"faces": {
				"north": {"uv": [0, 8, 1, 9], "texture": "#0"},
				"east": {"uv": [0, 8, 1, 9], "texture": "#0"},
				"south": {"uv": [0, 8, 1, 9], "texture": "#0"},
				"west": {"uv": [0, 8, 1, 9], "texture": "#0"},
				"up": {"uv": [0, 8, 1, 9], "texture": "#0"},
				"down": {"uv": [0, 8, 1, 9], "texture": "#0"}
			}
		},
		{
			"from": [-0.75, 4.5, 5],
			"to": [0, 5.5, 6],
			"faces": {
				"north": {"uv": [0, 8, 1, 9], "texture": "#0"},
				"east": {"uv": [0, 8, 1, 9], "texture": "#0"},
				"south": {"uv": [0, 8, 1, 9], "texture": "#0"},
				"west": {"uv": [0, 8, 1, 9], "texture": "#0"},
				"up": {"uv": [0, 8, 1, 9], "texture": "#0"},
				"down": {"uv": [0, 8, 1, 9], "texture": "#0"}
			}
		},
		{
			"from": [-0.5, 5.5, 5],
			"to": [0, 8, 6],
			"faces": {
				"north": {"uv": [0, 9, 0.5, 11.5], "texture": "#0"},
				"east": {"uv": [0, 9, 1, 11.5], "texture": "#0"},
				"south": {"uv": [0, 9, 0.5, 11.5], "texture": "#0"},
				"west": {"uv": [0, 9.5, 1, 12], "texture": "#0"},
				"up": {"uv": [0.5, 10, 0, 9], "texture": "#0"},
				"down": {"uv": [0.5, 10, 0, 9], "texture": "#0"}
			}
		},
		{
			"from": [16, 8, 6],
			"to": [16.5, 9, 10],
			"faces": {
				"north": {"uv": [0, 9, 0.5, 11.5], "texture": "#0"},
				"east": {"uv": [0, 9, 1, 11.5], "rotation": 90, "texture": "#0"},
				"south": {"uv": [0, 9, 0.5, 11.5], "texture": "#0"},
				"west": {"uv": [0, 9.5, 1, 12], "rotation": 90, "texture": "#0"},
				"up": {"uv": [0.5, 10, 0, 9], "texture": "#0"},
				"down": {"uv": [0.5, 10, 0, 9], "texture": "#0"}
			}
		},
		{
			"from": [16, 5.5, 10],
			"to": [16.5, 8, 11],
			"faces": {
				"north": {"uv": [0, 9, 0.5, 11.5], "texture": "#0"},
				"east": {"uv": [0, 9, 1, 11.5], "texture": "#0"},
				"south": {"uv": [0, 9, 0.5, 11.5], "texture": "#0"},
				"west": {"uv": [0, 9.5, 1, 12], "texture": "#0"},
				"up": {"uv": [0.5, 10, 0, 9], "texture": "#0"},
				"down": {"uv": [0.5, 10, 0, 9], "texture": "#0"}
			}
		},
		{
			"from": [16, 4.5, 10],
			"to": [16.75, 5.5, 11],
			"faces": {
				"north": {"uv": [0, 8, 1, 9], "texture": "#0"},
				"east": {"uv": [0, 8, 1, 9], "texture": "#0"},
				"south": {"uv": [0, 8, 1, 9], "texture": "#0"},
				"west": {"uv": [0, 8, 1, 9], "texture": "#0"},
				"up": {"uv": [0, 8, 1, 9], "texture": "#0"},
				"down": {"uv": [0, 8, 1, 9], "texture": "#0"}
			}
		},
		{
			"from": [16, 4.5, 5],
			"to": [16.75, 5.5, 6],
			"faces": {
				"north": {"uv": [0, 8, 1, 9], "texture": "#0"},
				"east": {"uv": [0, 8, 1, 9], "texture": "#0"},
				"south": {"uv": [0, 8, 1, 9], "texture": "#0"},
				"west": {"uv": [0, 8, 1, 9], "texture": "#0"},
				"up": {"uv": [0, 8, 1, 9], "texture": "#0"},
				"down": {"uv": [0, 8, 1, 9], "texture": "#0"}
			}
		},
		{
			"from": [16, 5.5, 5],
			"to": [16.5, 8, 6],
			"faces": {
				"north": {"uv": [0, 9, 0.5, 11.5], "texture": "#0"},
				"east": {"uv": [0, 9, 1, 11.5], "texture": "#0"},
				"south": {"uv": [0, 9, 0.5, 11.5], "texture": "#0"},
				"west": {"uv": [0, 9.5, 1, 12], "texture": "#0"},
				"up": {"uv": [0.5, 10, 0, 9], "texture": "#0"},
				"down": {"uv": [0.5, 10, 0, 9], "texture": "#0"}
			}
		},
		{
			"from": [10.79, 0.98, 2.77],
			"to": [12.71, 2.9, 4.69],
			"rotation": {"angle": 45, "axis": "y", "origin": [12, 9.62, 3.66]},
			"faces": {
				"north": {"uv": [3, 3, 0, 6], "rotation": 270, "texture": "#1"},
				"east": {"uv": [0, 3, 3, 6], "rotation": 270, "texture": "#1"},
				"south": {"uv": [0, 3, 3, 6], "rotation": 90, "texture": "#1"},
				"west": {"uv": [0, 0, 3, 3], "rotation": 270, "texture": "#1"},
				"down": {"uv": [3, 0, 6, 3], "rotation": 90, "texture": "#1"}
			}
		},
		{
			"from": [10.47, 2.9, 2.45],
			"to": [13.03, 6.74, 5.01],
			"rotation": {"angle": 45, "axis": "y", "origin": [12, 9.62, 3.66]},
			"faces": {
				"north": {"uv": [6, 12, 0, 16], "rotation": 270, "texture": "#1"},
				"east": {"uv": [0, 12, 6, 16], "rotation": 270, "texture": "#1"},
				"south": {"uv": [0, 12, 6, 16], "rotation": 270, "texture": "#1"},
				"west": {"uv": [0, 8, 6, 12], "rotation": 270, "texture": "#1"},
				"up": {"uv": [6, 12, 10, 16], "rotation": 270, "texture": "#1"},
				"down": {"uv": [6, 12, 10, 16], "rotation": 270, "texture": "#1"}
			}
		},
		{
			"from": [11.7436, 6.74, 1.49],
			"to": [11.75, 12.5, 5.33],
			"rotation": {"angle": 45, "axis": "y", "origin": [12, 9.62, 3.66], "rescale": true},
			"faces": {
				"east": {"uv": [15, 1, 9, 10], "texture": "#1"},
				"west": {"uv": [9, 1, 15, 10], "texture": "#1"}
			}
		},
		{
			"from": [11.7436, 6.74, 1.49],
			"to": [11.75, 12.5, 5.33],
			"rotation": {"angle": 45, "axis": "y", "origin": [12, 9.62, 3.66], "rescale": true},
			"faces": {
				"east": {"uv": [15, 1, 9, 10], "texture": "#1"},
				"west": {"uv": [9, 1, 15, 10], "texture": "#1"}
			}
		},
		{
			"from": [12.6224, 1.1032, 5.458],
			"to": [14.2352, 2.716, 7.0708],
			"faces": {
				"north": {"uv": [0, 3, 3, 6], "rotation": 270, "texture": "#1"},
				"east": {"uv": [0, 3, 3, 6], "rotation": 90, "texture": "#1"},
				"south": {"uv": [0, 0, 3, 3], "rotation": 270, "texture": "#1"},
				"west": {"uv": [3, 3, 0, 6], "rotation": 270, "texture": "#1"},
				"down": {"uv": [3, 0, 6, 3], "rotation": 180, "texture": "#1"}
			}
		},
		{
			"from": [12.3536, 2.716, 5.1892],
			"to": [14.504, 5.9416, 7.3396],
			"faces": {
				"north": {"uv": [0, 12, 6, 16], "rotation": 270, "texture": "#1"},
				"east": {"uv": [0, 12, 6, 16], "rotation": 270, "texture": "#1"},
				"south": {"uv": [0, 8, 6, 12], "rotation": 270, "texture": "#1"},
				"west": {"uv": [6, 12, 0, 16], "rotation": 270, "texture": "#1"},
				"up": {"uv": [6, 12, 10, 16], "rotation": 180, "texture": "#1"},
				"down": {"uv": [6, 12, 10, 16], "texture": "#1"}
			}
		},
		{
			"from": [12.3872, 5.9416, 6.26978],
			"to": [13.9328, 9.94, 6.26978],
			"rotation": {"angle": 45, "axis": "y", "origin": [13.16, 8.3608, 6.2644], "rescale": true},
			"faces": {
				"north": {"uv": [15, 1, 9, 10], "texture": "#1"},
				"south": {"uv": [9, 1, 15, 10], "texture": "#1"}
			}
		},
		{
			"from": [12.3872, 5.9416, 6.26978],
			"to": [13.9328, 9.94, 6.26978],
			"rotation": {"angle": 0, "axis": "y", "origin": [13.16, 8.3608, 6.2644], "rescale": true},
			"faces": {
				"north": {"uv": [15, 1, 9, 10], "texture": "#1"},
				"south": {"uv": [9, 1, 15, 10], "texture": "#1"}
			}
		},
		{
			"from": [10.61, 0.98, 7.95],
			"to": [12.53, 2.9, 9.87],
			"faces": {
				"north": {"uv": [0, 3, 3, 6], "rotation": 270, "texture": "#1"},
				"east": {"uv": [0, 3, 3, 6], "rotation": 90, "texture": "#1"},
				"south": {"uv": [0, 0, 3, 3], "rotation": 270, "texture": "#1"},
				"west": {"uv": [3, 3, 0, 6], "rotation": 270, "texture": "#1"},
				"down": {"uv": [3, 0, 6, 3], "rotation": 180, "texture": "#1"}
			}
		},
		{
			"from": [10.29, 2.9, 7.63],
			"to": [12.85, 6.74, 10.19],
			"faces": {
				"north": {"uv": [0, 12, 6, 16], "rotation": 270, "texture": "#1"},
				"east": {"uv": [0, 12, 6, 16], "rotation": 270, "texture": "#1"},
				"south": {"uv": [0, 8, 6, 12], "rotation": 270, "texture": "#1"},
				"west": {"uv": [6, 12, 0, 16], "rotation": 270, "texture": "#1"},
				"up": {"uv": [6, 12, 10, 16], "rotation": 180, "texture": "#1"},
				"down": {"uv": [6, 12, 10, 16], "texture": "#1"}
			}
		},
		{
			"from": [9.33, 6.74, 8.91],
			"to": [13.17, 12.5, 8.9164],
			"rotation": {"angle": 22.5, "axis": "y", "origin": [11.25, 9.62, 8.91], "rescale": true},
			"faces": {
				"north": {"uv": [15, 1, 9, 10], "texture": "#1"},
				"south": {"uv": [9, 1, 15, 10], "texture": "#1"}
			}
		},
		{
			"from": [9.33, 6.74, 8.91],
			"to": [13.17, 12.5, 8.9164],
			"rotation": {"angle": -22.5, "axis": "y", "origin": [11.25, 9.62, 8.91], "rescale": true},
			"faces": {
				"north": {"uv": [15, 1, 9, 10], "texture": "#1"},
				"south": {"uv": [9, 1, 15, 10], "texture": "#1"}
			}
		},
		{
			"from": [11.9478, 1.2436, 10.5666],
			"to": [13.5222, 2.818, 12.141],
			"rotation": {"angle": -22.5, "axis": "y", "origin": [11.28, 9.3284, 11.4112]},
			"faces": {
				"north": {"uv": [0, 3, 3, 6], "rotation": 90, "texture": "#1"},
				"east": {"uv": [0, 0, 3, 3], "rotation": 270, "texture": "#1"},
				"south": {"uv": [3, 3, 0, 6], "rotation": 270, "texture": "#1"},
				"west": {"uv": [0, 3, 3, 6], "rotation": 270, "texture": "#1"},
				"down": {"uv": [3, 0, 6, 3], "rotation": 270, "texture": "#1"}
			}
		},
		{
			"from": [11.6854, 2.818, 10.3042],
			"to": [13.7846, 5.9668, 12.4034],
			"rotation": {"angle": -22.5, "axis": "y", "origin": [11.28, 9.3284, 11.4112]},
			"faces": {
				"north": {"uv": [0, 12, 6, 16], "rotation": 270, "texture": "#1"},
				"east": {"uv": [0, 8, 6, 12], "rotation": 270, "texture": "#1"},
				"south": {"uv": [6, 12, 0, 16], "rotation": 270, "texture": "#1"},
				"west": {"uv": [0, 12, 6, 16], "rotation": 270, "texture": "#1"},
				"up": {"uv": [6, 12, 10, 16], "rotation": 90, "texture": "#1"},
				"down": {"uv": [6, 12, 10, 16], "rotation": 90, "texture": "#1"}
			}
		},
		{
			"from": [11.1606, 5.9668, 11.61095],
			"to": [14.3094, 10.69, 11.6162],
			"rotation": {"angle": -22.5, "axis": "y", "origin": [11.28, 9.3284, 11.4112], "rescale": true},
			"faces": {
				"north": {"uv": [9, 1, 15, 10], "texture": "#1"},
				"south": {"uv": [15, 1, 9, 10], "texture": "#1"}
			}
		},
		{
			"from": [12.735, 5.9668, 10.0418],
			"to": [12.74025, 10.69, 13.1906],
			"rotation": {"angle": -22.5, "axis": "y", "origin": [11.28, 9.3284, 11.4112], "rescale": true},
			"faces": {
				"east": {"uv": [9, 1, 15, 10], "texture": "#1"},
				"west": {"uv": [15, 1, 9, 10], "texture": "#1"}
			}
		},
		{
			"from": [8.1188, 1.1684, 10.666],
			"to": [10.1924, 3.242, 12.7396],
			"rotation": {"angle": 22.5, "axis": "y", "origin": [8.81, 10.4996, 11.7028]},
			"faces": {
				"north": {"uv": [0, 3, 3, 6], "rotation": 270, "texture": "#1"},
				"east": {"uv": [0, 3, 3, 6], "rotation": 90, "texture": "#1"},
				"south": {"uv": [0, 0, 3, 3], "rotation": 270, "texture": "#1"},
				"west": {"uv": [3, 3, 0, 6], "rotation": 270, "texture": "#1"},
				"down": {"uv": [3, 0, 6, 3], "rotation": 180, "texture": "#1"}
			}
		},
		{
			"from": [7.7732, 3.242, 10.3204],
			"to": [10.538, 7.3892, 13.0852],
			"rotation": {"angle": 22.5, "axis": "y", "origin": [8.81, 10.4996, 11.7028]},
			"faces": {
				"north": {"uv": [0, 12, 6, 16], "rotation": 270, "texture": "#1"},
				"east": {"uv": [0, 12, 6, 16], "rotation": 270, "texture": "#1"},
				"south": {"uv": [0, 8, 6, 12], "rotation": 270, "texture": "#1"},
				"west": {"uv": [6, 12, 0, 16], "rotation": 270, "texture": "#1"},
				"up": {"uv": [6, 12, 10, 16], "rotation": 180, "texture": "#1"},
				"down": {"uv": [6, 12, 10, 16], "texture": "#1"}
			}
		},
		{
			"from": [7.8164, 7.3892, 11.69589],
			"to": [9.8036, 12.53, 11.7028],
			"rotation": {"angle": -22.5, "axis": "y", "origin": [8.81, 10.4996, 11.7028], "rescale": true},
			"faces": {
				"north": {"uv": [9, 1, 15, 10], "texture": "#1"},
				"south": {"uv": [15, 1, 9, 10], "texture": "#1"}
			}
		},
		{
			"from": [8.81, 7.3892, 10.7092],
			"to": [8.81691, 12.53, 12.6964],
			"rotation": {"angle": 22.5, "axis": "y", "origin": [8.81, 10.4996, 11.7028], "rescale": true},
			"faces": {
				"east": {"uv": [9, 1, 15, 10], "texture": "#1"},
				"west": {"uv": [15, 1, 9, 10], "texture": "#1"}
			}
		},
		{
			"from": [6.49054, 1.01879, 7.49378],
			"to": [8.25771, 2.78596, 9.26095],
			"faces": {
				"north": {"uv": [0, 3, 3, 6], "rotation": 270, "texture": "#1"},
				"east": {"uv": [0, 3, 3, 6], "rotation": 90, "texture": "#1"},
				"south": {"uv": [0, 0, 3, 3], "rotation": 270, "texture": "#1"},
				"west": {"uv": [3, 3, 0, 6], "rotation": 270, "texture": "#1"},
				"down": {"uv": [3, 0, 6, 3], "rotation": 180, "texture": "#1"}
			}
		},
		{
			"from": [6.19602, 2.78596, 7.19925],
			"to": [8.55224, 6.3203, 9.55548],
			"faces": {
				"north": {"uv": [0, 12, 6, 16], "rotation": 270, "texture": "#1"},
				"east": {"uv": [0, 12, 6, 16], "rotation": 270, "texture": "#1"},
				"south": {"uv": [0, 8, 6, 12], "rotation": 270, "texture": "#1"},
				"west": {"uv": [6, 12, 0, 16], "rotation": 270, "texture": "#1"},
				"up": {"uv": [6, 12, 10, 16], "rotation": 180, "texture": "#1"},
				"down": {"uv": [6, 12, 10, 16], "texture": "#1"}
			}
		},
		{
			"from": [7.0796, 6.3203, 6.6102],
			"to": [7.08549, 11.6218, 10.14453],
			"rotation": {"angle": -22.5, "axis": "y", "origin": [7.0796, 8.97105, 8.37736], "rescale": true},
			"faces": {
				"east": {"uv": [9, 1, 15, 10], "texture": "#1"},
				"west": {"uv": [15, 1, 9, 10], "texture": "#1"}
			}
		},
		{
			"from": [5.31243, 6.3203, 8.37736],
			"to": [8.84677, 11.6218, 8.38325],
			"rotation": {"angle": 22.5, "axis": "y", "origin": [7.0796, 8.97105, 8.37736], "rescale": true},
			"faces": {
				"north": {"uv": [15, 1, 9, 10], "texture": "#1"},
				"south": {"uv": [9, 1, 15, 10], "texture": "#1"}
			}
		},
		{
			"from": [8.11, 0.98, 4.7],
			"to": [10.03, 2.9, 6.62],
			"rotation": {"angle": -22.5, "axis": "y", "origin": [8.75, 9.62, 5.66]},
			"faces": {
				"north": {"uv": [0, 3, 3, 6], "rotation": 270, "texture": "#1"},
				"east": {"uv": [0, 3, 3, 6], "rotation": 90, "texture": "#1"},
				"south": {"uv": [0, 0, 3, 3], "rotation": 270, "texture": "#1"},
				"west": {"uv": [3, 3, 0, 6], "rotation": 270, "texture": "#1"},
				"down": {"uv": [3, 0, 6, 3], "rotation": 180, "texture": "#1"}
			}
		},
		{
			"from": [7.79, 2.9, 4.38],
			"to": [10.35, 6.74, 6.94],
			"rotation": {"angle": -22.5, "axis": "y", "origin": [8.75, 9.62, 5.66]},
			"faces": {
				"north": {"uv": [0, 12, 6, 16], "rotation": 270, "texture": "#1"},
				"east": {"uv": [0, 12, 6, 16], "rotation": 270, "texture": "#1"},
				"south": {"uv": [0, 8, 6, 12], "rotation": 270, "texture": "#1"},
				"west": {"uv": [6, 12, 0, 16], "rotation": 270, "texture": "#1"},
				"up": {"uv": [6, 12, 10, 16], "rotation": 180, "texture": "#1"},
				"down": {"uv": [6, 12, 10, 16], "texture": "#1"}
			}
		},
		{
			"from": [7.83, 6.74, 5.66],
			"to": [9.67, 11.5, 5.6664],
			"rotation": {"angle": 0, "axis": "y", "origin": [8.75, 9.62, 5.66], "rescale": true},
			"faces": {
				"north": {"uv": [15, 1, 9, 10], "texture": "#1"},
				"south": {"uv": [9, 1, 15, 10], "texture": "#1"}
			}
		},
		{
			"from": [8.7436, 6.74, 4.74],
			"to": [8.75, 11.5, 6.58],
			"rotation": {"angle": 45, "axis": "y", "origin": [8.75, 9.62, 5.66], "rescale": true},
			"faces": {
				"east": {"uv": [15, 1, 9, 10], "texture": "#1"},
				"west": {"uv": [9, 1, 15, 10], "texture": "#1"}
			}
		},
		{
			"from": [4.5232, 0.8876, 3.524],
			"to": [6.6736, 3.038, 5.6744],
			"rotation": {"angle": 22.5, "axis": "y", "origin": [5.24, 10.5644, 4.5992]},
			"faces": {
				"north": {"uv": [0, 3, 3, 6], "rotation": 270, "texture": "#1"},
				"east": {"uv": [0, 3, 3, 6], "rotation": 90, "texture": "#1"},
				"south": {"uv": [0, 0, 3, 3], "rotation": 270, "texture": "#1"},
				"west": {"uv": [3, 3, 0, 6], "rotation": 270, "texture": "#1"},
				"down": {"uv": [3, 0, 6, 3], "rotation": 180, "texture": "#1"}
			}
		},
		{
			"from": [4.1648, 3.038, 3.1656],
			"to": [7.032, 7.3388, 6.0328],
			"rotation": {"angle": 22.5, "axis": "y", "origin": [5.24, 10.5644, 4.5992]},
			"faces": {
				"north": {"uv": [0, 12, 6, 16], "rotation": 270, "texture": "#1"},
				"east": {"uv": [0, 12, 6, 16], "rotation": 270, "texture": "#1"},
				"south": {"uv": [0, 8, 6, 12], "rotation": 270, "texture": "#1"},
				"west": {"uv": [6, 12, 0, 16], "rotation": 270, "texture": "#1"},
				"up": {"uv": [6, 12, 10, 16], "rotation": 180, "texture": "#1"},
				"down": {"uv": [6, 12, 10, 16], "texture": "#1"}
			}
		},
		{
			"from": [3.0896, 7.3388, 4.5992],
			"to": [7.3904, 13.79, 4.60637],
			"rotation": {"angle": 45, "axis": "y", "origin": [5.24, 10.5644, 4.5992], "rescale": true},
			"faces": {
				"north": {"uv": [15, 1, 9, 10], "texture": "#1"},
				"south": {"uv": [9, 1, 15, 10], "texture": "#1"}
			}
		},
		{
			"from": [3.0896, 6.5888, 4.5992],
			"to": [7.3904, 13.04, 4.60637],
			"rotation": {"angle": 0, "axis": "y", "origin": [5.24, 9.8144, 4.5992], "rescale": true},
			"faces": {
				"north": {"uv": [15, 1, 9, 10], "texture": "#1"},
				"south": {"uv": [9, 1, 15, 10], "texture": "#1"}
			}
		},
		{
			"from": [2.5232, -1.1124, 13.774],
			"to": [4.6736, 1.038, 15.9244],
			"rotation": {"angle": 45, "axis": "x", "origin": [3.24, 8.5644, 14.8492]},
			"faces": {
				"north": {"uv": [0, 3, 3, 6], "rotation": 270, "texture": "#1"},
				"east": {"uv": [0, 3, 3, 6], "rotation": 90, "texture": "#1"},
				"south": {"uv": [0, 0, 3, 3], "rotation": 270, "texture": "#1"},
				"west": {"uv": [3, 3, 0, 6], "rotation": 270, "texture": "#1"},
				"down": {"uv": [3, 0, 6, 3], "rotation": 180, "texture": "#1"}
			}
		},
		{
			"from": [2.1648, 1.038, 13.4156],
			"to": [5.032, 5.3388, 16.2828],
			"rotation": {"angle": 45, "axis": "x", "origin": [3.24, 8.5644, 14.8492]},
			"faces": {
				"north": {"uv": [0, 12, 6, 16], "rotation": 270, "texture": "#1"},
				"east": {"uv": [0, 12, 6, 16], "rotation": 270, "texture": "#1"},
				"south": {"uv": [0, 8, 6, 12], "rotation": 270, "texture": "#1"},
				"west": {"uv": [6, 12, 0, 16], "rotation": 270, "texture": "#1"},
				"up": {"uv": [6, 12, 10, 16], "rotation": 180, "texture": "#1"},
				"down": {"uv": [6, 12, 10, 16], "texture": "#1"}
			}
		},
		{
			"from": [1.0896, 5.8388, 14.8492],
			"to": [5.3904, 9.29, 14.85637],
			"rotation": {"angle": 45, "axis": "x", "origin": [3.24, 8.5644, 14.8492], "rescale": true},
			"faces": {
				"north": {"uv": [15, 1, 9, 10], "texture": "#1"},
				"south": {"uv": [9, 1, 15, 10], "texture": "#1"}
			}
		},
		{
			"from": [3.3904, 5.8388, 13.5992],
			"to": [3.3904, 9.29, 16.35637],
			"rotation": {"angle": 45, "axis": "x", "origin": [3.24, 8.5644, 14.8492], "rescale": true},
			"faces": {
				"north": {"uv": [9, 1, 10, 2], "rotation": 270, "texture": "#1"},
				"east": {"uv": [9, 1, 15, 10], "rotation": 270, "texture": "#1"},
				"south": {"uv": [9, 1, 15, 10], "rotation": 270, "texture": "#1"},
				"west": {"uv": [9, 1, 15, 10], "rotation": 270, "texture": "#1"},
				"up": {"uv": [9, 1, 15, 10], "rotation": 270, "texture": "#1"},
				"down": {"uv": [9, 1, 15, 10], "rotation": 270, "texture": "#1"}
			}
		}
	],
	"display": {
		"thirdperson_righthand": {
			"rotation": [75, 45, 0],
			"translation": [0, 2.5, 0],
			"scale": [0.375, 0.375, 0.375]
		},
		"thirdperson_lefthand": {
			"rotation": [75, 45, 0],
			"translation": [0, 2.5, 0],
			"scale": [0.375, 0.375, 0.375]
		},
		"firstperson_righthand": {
			"rotation": [0, 45, 0],
			"translation": [0, 2.25, 0],
			"scale": [0.4, 0.4, 0.4]
		},
		"firstperson_lefthand": {
			"rotation": [0, 225, 0],
			"translation": [0, 3.25, 0],
			"scale": [0.4, 0.4, 0.4]
		},
		"ground": {
			"translation": [0, 0.25, 0],
			"scale": [0.5, 0.5, 0.5]
		},
		"gui": {
			"rotation": [30, 225, 0],
			"translation": [0, 2.5, 0],
			"scale": [0.625, 0.625, 0.625]
		},
		"head": {
			"translation": [0, 14.5, 0]
		},
		"fixed": {
			"rotation": [-90, 0, 0],
			"translation": [0, 0, -15.25],
			"scale": [2, 2, 2]
		}
	},
	"groups": [
		{
			"name": "Basket",
			"children": [0, 1, 2, 3, 4, 5, 6, 7, 8, 9, 10,
				{
					"name": "Handle",
					"children": [11, 12, 13, 14, 15, 16, 17, 18, 19, 20]
				}
			]
		},
		{
			"name": "carrot_0",
			"children": [21, 22, 23, 24]
		},
		{
			"name": "carrot_2",
			"children": [25, 26, 27, 28]
		},
		{
			"name": "carrot_3",
			"children": [29, 30, 31, 32]
		},
		{
			"name": "carrot_4",
			"children": [33, 34, 35, 36]
		},
		{
			"name": "carrot_5",
			"children": [37, 38, 39, 40]
		},
		{
			"name": "carrot_6",
			"children": [41, 42, 43, 44]
		},
		{
			"name": "carrot_7",
			"children": [45, 46, 47, 48]
		},
		{
			"name": "carrot_8",
			"children": [49, 50, 51, 52]
		},
		{
			"name": "carrot_9",
			"children": [53, 54, 55, 56]
		}
	]
}