{
	"credit": "Made with Blockbench",
	"parent": "./cit_item",
	"textures": {
		"0": "block/picnicbasket",
		"particle": "block/picnicbasket",
		"3_0": "block/MizunoArchive/beetroot_0"
	},
	"elements": [
		{
			"from": [2, 0, 2],
			"to": [14, 1, 14],
			"faces": {
				"north": {"uv": [0, 0, 12, 1], "texture": "#0"},
				"east": {"uv": [0, 0, 12, 1], "texture": "#0"},
				"south": {"uv": [0, 0, 12, 1], "texture": "#0"},
				"west": {"uv": [0, 0, 12, 1], "texture": "#0"},
				"up": {"uv": [0, 9, 16, 16], "texture": "#0"},
				"down": {"uv": [0, 9, 16, 16], "texture": "#0"}
			}
		},
		{
			"from": [1, 0, 3],
			"to": [2, 1, 13],
			"faces": {
				"north": {"uv": [0, 0, 1, 1], "texture": "#0"},
				"east": {"uv": [0, 0, 10, 1], "texture": "#0"},
				"south": {"uv": [0, 0, 1, 1], "texture": "#0"},
				"west": {"uv": [0, 0, 10, 1], "texture": "#0"},
				"up": {"uv": [0, 15, 16, 16], "rotation": 90, "texture": "#0"},
				"down": {"uv": [0, 9, 16, 10], "rotation": 90, "texture": "#0"}
			}
		},
		{
			"from": [14, 0, 3],
			"to": [15, 1, 13],
			"faces": {
				"north": {"uv": [0, 0, 1, 1], "texture": "#0"},
				"east": {"uv": [0, 0, 10, 1], "texture": "#0"},
				"south": {"uv": [0, 0, 1, 1], "texture": "#0"},
				"west": {"uv": [0, 0, 10, 1], "texture": "#0"},
				"up": {"uv": [0, 15, 16, 16], "rotation": 90, "texture": "#0"},
				"down": {"uv": [0, 9, 16, 10], "rotation": 90, "texture": "#0"}
			}
		},
		{
			"from": [1, 1, 2],
			"to": [2, 6, 3],
			"faces": {
				"north": {"uv": [0, 0, 1, 5], "texture": "#0"},
				"east": {"uv": [0, 0, 1, 5], "texture": "#0"},
				"south": {"uv": [0, 0, 1, 5], "texture": "#0"},
				"west": {"uv": [0, 0, 1, 5], "texture": "#0"},
				"up": {"uv": [0, 0, 1, 1], "texture": "#0"},
				"down": {"uv": [0, 0, 1, 1], "texture": "#0"}
			}
		},
		{
			"from": [0, 1, 3],
			"to": [1, 6, 13],
			"faces": {
				"north": {"uv": [0, 0, 1, 5], "texture": "#0"},
				"east": {"uv": [0, 0, 10, 5], "texture": "#0"},
				"south": {"uv": [0, 0, 1, 5], "texture": "#0"},
				"west": {"uv": [0, 0, 10, 5], "texture": "#0"},
				"up": {"uv": [0, 0, 10, 1], "rotation": 90, "texture": "#0"},
				"down": {"uv": [0, 0, 10, 1], "rotation": 270, "texture": "#0"}
			}
		},
		{
			"from": [15, 1, 3],
			"to": [16, 6, 13],
			"faces": {
				"north": {"uv": [0, 0, 1, 5], "texture": "#0"},
				"east": {"uv": [0, 0, 10, 5], "texture": "#0"},
				"south": {"uv": [0, 0, 1, 5], "texture": "#0"},
				"west": {"uv": [0, 0, 10, 5], "texture": "#0"},
				"up": {"uv": [0, 0, 10, 1], "rotation": 90, "texture": "#0"},
				"down": {"uv": [0, 0, 10, 1], "rotation": 90, "texture": "#0"}
			}
		},
		{
			"from": [14, 1, 2],
			"to": [15, 6, 3],
			"faces": {
				"north": {"uv": [0, 0, 1, 5], "texture": "#0"},
				"east": {"uv": [0, 0, 1, 5], "texture": "#0"},
				"south": {"uv": [0, 0, 1, 5], "texture": "#0"},
				"west": {"uv": [0, 0, 1, 5], "texture": "#0"},
				"up": {"uv": [0, 0, 1, 1], "texture": "#0"},
				"down": {"uv": [0, 0, 1, 1], "texture": "#0"}
			}
		},
		{
			"from": [14, 1, 13],
			"to": [15, 6, 14],
			"faces": {
				"north": {"uv": [0, 0, 1, 5], "texture": "#0"},
				"east": {"uv": [0, 0, 1, 5], "texture": "#0"},
				"south": {"uv": [0, 0, 1, 5], "texture": "#0"},
				"west": {"uv": [0, 0, 1, 5], "texture": "#0"},
				"up": {"uv": [0, 0, 1, 1], "texture": "#0"},
				"down": {"uv": [0, 0, 1, 1], "texture": "#0"}
			}
		},
		{
			"from": [1, 1, 13],
			"to": [2, 6, 14],
			"faces": {
				"north": {"uv": [0, 0, 1, 5], "texture": "#0"},
				"east": {"uv": [0, 0, 1, 5], "texture": "#0"},
				"south": {"uv": [0, 0, 1, 5], "texture": "#0"},
				"west": {"uv": [0, 0, 1, 5], "texture": "#0"},
				"up": {"uv": [0, 0, 1, 1], "texture": "#0"},
				"down": {"uv": [0, 0, 1, 1], "texture": "#0"}
			}
		},
		{
			"from": [2, 1, 14],
			"to": [14, 6, 15],
			"faces": {
				"north": {"uv": [0, 0, 12, 5], "texture": "#0"},
				"east": {"uv": [0, 0, 1, 5], "texture": "#0"},
				"south": {"uv": [0, 0, 12, 5], "texture": "#0"},
				"west": {"uv": [0, 0, 1, 5], "texture": "#0"},
				"up": {"uv": [0, 0, 12, 1], "texture": "#0"},
				"down": {"uv": [0, 0, 12, 1], "texture": "#0"}
			}
		},
		{
			"from": [2, 1, 1],
			"to": [14, 6, 2],
			"faces": {
				"north": {"uv": [0, 0, 12, 5], "texture": "#0"},
				"east": {"uv": [0, 0, 1, 5], "texture": "#0"},
				"south": {"uv": [0, 0, 12, 5], "texture": "#0"},
				"west": {"uv": [0, 0, 1, 5], "texture": "#0"},
				"up": {"uv": [0, 0, 12, 1], "texture": "#0"},
				"down": {"uv": [0, 0, 12, 1], "texture": "#0"}
			}
		},
		{
			"from": [-0.5, 8, 6],
			"to": [0, 9, 10],
			"faces": {
				"north": {"uv": [0, 9, 0.5, 11.5], "texture": "#0"},
				"east": {"uv": [0, 9, 1, 11.5], "rotation": 90, "texture": "#0"},
				"south": {"uv": [0, 9, 0.5, 11.5], "texture": "#0"},
				"west": {"uv": [0, 9.5, 1, 12], "rotation": 90, "texture": "#0"},
				"up": {"uv": [0.5, 10, 0, 9], "texture": "#0"},
				"down": {"uv": [0.5, 10, 0, 9], "texture": "#0"}
			}
		},
		{
			"from": [-0.5, 5.5, 10],
			"to": [0, 8, 11],
			"faces": {
				"north": {"uv": [0, 9, 0.5, 11.5], "texture": "#0"},
				"east": {"uv": [0, 9, 1, 11.5], "texture": "#0"},
				"south": {"uv": [0, 9, 0.5, 11.5], "texture": "#0"},
				"west": {"uv": [0, 9.5, 1, 12], "texture": "#0"},
				"up": {"uv": [0.5, 10, 0, 9], "texture": "#0"},
				"down": {"uv": [0.5, 10, 0, 9], "texture": "#0"}
			}
		},
		{
			"from": [-0.75, 4.5, 10],
			"to": [0, 5.5, 11],
			"faces": {
				"north": {"uv": [0, 8, 1, 9], "texture": "#0"},
				"east": {"uv": [0, 8, 1, 9], "texture": "#0"},
				"south": {"uv": [0, 8, 1, 9], "texture": "#0"},
				"west": {"uv": [0, 8, 1, 9], "texture": "#0"},
				"up": {"uv": [0, 8, 1, 9], "texture": "#0"},
				"down": {"uv": [0, 8, 1, 9], "texture": "#0"}
			}
		},
		{
			"from": [-0.75, 4.5, 5],
			"to": [0, 5.5, 6],
			"faces": {
				"north": {"uv": [0, 8, 1, 9], "texture": "#0"},
				"east": {"uv": [0, 8, 1, 9], "texture": "#0"},
				"south": {"uv": [0, 8, 1, 9], "texture": "#0"},
				"west": {"uv": [0, 8, 1, 9], "texture": "#0"},
				"up": {"uv": [0, 8, 1, 9], "texture": "#0"},
				"down": {"uv": [0, 8, 1, 9], "texture": "#0"}
			}
		},
		{
			"from": [-0.5, 5.5, 5],
			"to": [0, 8, 6],
			"faces": {
				"north": {"uv": [0, 9, 0.5, 11.5], "texture": "#0"},
				"east": {"uv": [0, 9, 1, 11.5], "texture": "#0"},
				"south": {"uv": [0, 9, 0.5, 11.5], "texture": "#0"},
				"west": {"uv": [0, 9.5, 1, 12], "texture": "#0"},
				"up": {"uv": [0.5, 10, 0, 9], "texture": "#0"},
				"down": {"uv": [0.5, 10, 0, 9], "texture": "#0"}
			}
		},
		{
			"from": [16, 8, 6],
			"to": [16.5, 9, 10],
			"faces": {
				"north": {"uv": [0, 9, 0.5, 11.5], "texture": "#0"},
				"east": {"uv": [0, 9, 1, 11.5], "rotation": 90, "texture": "#0"},
				"south": {"uv": [0, 9, 0.5, 11.5], "texture": "#0"},
				"west": {"uv": [0, 9.5, 1, 12], "rotation": 90, "texture": "#0"},
				"up": {"uv": [0.5, 10, 0, 9], "texture": "#0"},
				"down": {"uv": [0.5, 10, 0, 9], "texture": "#0"}
			}
		},
		{
			"from": [16, 5.5, 10],
			"to": [16.5, 8, 11],
			"faces": {
				"north": {"uv": [0, 9, 0.5, 11.5], "texture": "#0"},
				"east": {"uv": [0, 9, 1, 11.5], "texture": "#0"},
				"south": {"uv": [0, 9, 0.5, 11.5], "texture": "#0"},
				"west": {"uv": [0, 9.5, 1, 12], "texture": "#0"},
				"up": {"uv": [0.5, 10, 0, 9], "texture": "#0"},
				"down": {"uv": [0.5, 10, 0, 9], "texture": "#0"}
			}
		},
		{
			"from": [16, 4.5, 10],
			"to": [16.75, 5.5, 11],
			"faces": {
				"north": {"uv": [0, 8, 1, 9], "texture": "#0"},
				"east": {"uv": [0, 8, 1, 9], "texture": "#0"},
				"south": {"uv": [0, 8, 1, 9], "texture": "#0"},
				"west": {"uv": [0, 8, 1, 9], "texture": "#0"},
				"up": {"uv": [0, 8, 1, 9], "texture": "#0"},
				"down": {"uv": [0, 8, 1, 9], "texture": "#0"}
			}
		},
		{
			"from": [16, 4.5, 5],
			"to": [16.75, 5.5, 6],
			"faces": {
				"north": {"uv": [0, 8, 1, 9], "texture": "#0"},
				"east": {"uv": [0, 8, 1, 9], "texture": "#0"},
				"south": {"uv": [0, 8, 1, 9], "texture": "#0"},
				"west": {"uv": [0, 8, 1, 9], "texture": "#0"},
				"up": {"uv": [0, 8, 1, 9], "texture": "#0"},
				"down": {"uv": [0, 8, 1, 9], "texture": "#0"}
			}
		},
		{
			"from": [16, 5.5, 5],
			"to": [16.5, 8, 6],
			"faces": {
				"north": {"uv": [0, 9, 0.5, 11.5], "texture": "#0"},
				"east": {"uv": [0, 9, 1, 11.5], "texture": "#0"},
				"south": {"uv": [0, 9, 0.5, 11.5], "texture": "#0"},
				"west": {"uv": [0, 9.5, 1, 12], "texture": "#0"},
				"up": {"uv": [0.5, 10, 0, 9], "texture": "#0"},
				"down": {"uv": [0.5, 10, 0, 9], "texture": "#0"}
			}
		},
		{
			"from": [1.55, 2.15, 8.95],
			"to": [2.15, 2.75, 9.55],
			"faces": {
				"north": {"uv": [0, 0, 1, 1], "texture": "#3_0"},
				"south": {"uv": [0, 0, 1, 1], "texture": "#3_0"},
				"west": {"uv": [0, 0, 1, 1], "texture": "#3_0"},
				"up": {"uv": [0, 0, 1, 1], "texture": "#3_0"},
				"down": {"uv": [0, 0, 1, 1], "texture": "#3_0"}
			}
		},
		{
			"from": [2.15, 0.95, 7.75],
			"to": [5.15, 3.95, 10.75],
			"faces": {
				"north": {"uv": [0, 5, 5, 10], "texture": "#3_0"},
				"east": {"uv": [0, 10, 5, 15], "texture": "#3_0"},
				"south": {"uv": [0, 5, 5, 10], "texture": "#3_0"},
				"west": {"uv": [0, 10, 5, 15], "texture": "#3_0"},
				"up": {"uv": [0, 0, 5, 5], "texture": "#3_0"},
				"down": {"uv": [0, 5, 5, 10], "texture": "#3_0"}
			}
		},
		{
			"from": [5.15, 2.45, 6.65],
			"to": [9.95, 2.456, 11.85],
			"rotation": {"angle": 22.5, "axis": "x", "origin": [7.55, 2.45, 9.25]},
			"faces": {
				"up": {"uv": [7, 0, 15, 12], "texture": "#3_0"},
				"down": {"uv": [7, 12, 15, 0], "texture": "#3_0"}
			}
		},
		{
			"from": [5.15, 2.45, 6.65],
			"to": [9.95, 2.456, 11.85],
			"rotation": {"angle": -22.5, "axis": "x", "origin": [7.55, 2.45, 9.25]},
			"faces": {
				"up": {"uv": [7, 0, 15, 12], "texture": "#3_0"},
				"down": {"uv": [7, 12, 15, 0], "texture": "#3_0"}
			}
		},
		{
			"from": [8.37376, 2.03072, 9.42336],
			"to": [9.13984, 3.7968, 11.18944],
			"rotation": {"angle": 22.5, "axis": "y", "origin": [9.97904, 8.91376, 4.3064]},
			"faces": {
				"north": {"uv": [0, 0, 1, 1], "texture": "#3_0"},
				"east": {"uv": [0, 0, 1, 1], "texture": "#3_0"},
				"south": {"uv": [0, 0, 1, 1], "texture": "#3_0"},
				"up": {"uv": [0, 0, 1, 1], "rotation": 180, "texture": "#3_0"},
				"down": {"uv": [0, 0, 1, 1], "rotation": 180, "texture": "#3_0"}
			}
		},
		{
			"from": [4.54336, 0.99856, 8.3912],
			"to": [8.37376, 4.82896, 12.2216],
			"rotation": {"angle": 22.5, "axis": "y", "origin": [9.97904, 8.91376, 4.3064]},
			"faces": {
				"north": {"uv": [0, 5, 5, 10], "texture": "#3_0"},
				"east": {"uv": [0, 10, 5, 15], "texture": "#3_0"},
				"south": {"uv": [0, 5, 5, 10], "texture": "#3_0"},
				"west": {"uv": [0, 10, 5, 15], "texture": "#3_0"},
				"up": {"uv": [0, 0, 5, 5], "rotation": 180, "texture": "#3_0"},
				"down": {"uv": [0, 5, 5, 10], "rotation": 180, "texture": "#3_0"}
			}
		},
		{
			"from": [-0.58528, 0.59408, 10.29874],
			"to": [4.54336, 5.23344, 10.3064],
			"rotation": {"angle": 22.5, "axis": "y", "origin": [9.97904, 8.91376, 4.3064]},
			"faces": {
				"north": {"uv": [7, 0, 15, 12], "texture": "#3_0"},
				"south": {"uv": [7, 12, 15, 0], "rotation": 180, "texture": "#3_0"}
			}
		},
		{
			"from": [-0.58528, 2.91376, 7.98672],
			"to": [4.54336, 2.92142, 12.62608],
			"rotation": {"angle": 22.5, "axis": "y", "origin": [9.97904, 8.91376, 4.3064]},
			"faces": {
				"up": {"uv": [7, 0, 15, 12], "rotation": 180, "texture": "#3_0"},
				"down": {"uv": [7, 12, 15, 0], "rotation": 180, "texture": "#3_0"}
			}
		},
		{
			"from": [12.10872, 1.85519, 9.46492],
			"to": [13.55691, 3.30338, 10.0931],
			"faces": {
				"east": {"uv": [0, 0, 1, 1], "texture": "#3_0"},
				"south": {"uv": [0, 0, 1, 1], "texture": "#3_0"},
				"west": {"uv": [0, 0, 1, 1], "texture": "#3_0"},
				"up": {"uv": [0, 0, 1, 1], "rotation": 270, "texture": "#3_0"},
				"down": {"uv": [0, 0, 1, 1], "rotation": 90, "texture": "#3_0"}
			}
		},
		{
			"from": [11.26235, 1.00882, 6.32399],
			"to": [14.40328, 4.14975, 9.46492],
			"faces": {
				"north": {"uv": [0, 10, 5, 15], "texture": "#3_0"},
				"east": {"uv": [0, 5, 5, 10], "texture": "#3_0"},
				"south": {"uv": [0, 10, 5, 15], "texture": "#3_0"},
				"west": {"uv": [0, 5, 5, 10], "texture": "#3_0"},
				"up": {"uv": [0, 0, 5, 5], "rotation": 270, "texture": "#3_0"},
				"down": {"uv": [0, 5, 5, 10], "rotation": 90, "texture": "#3_0"}
			}
		},
		{
			"from": [12.83281, 0.67715, 2.11851],
			"to": [12.83909, 4.48142, 6.32399],
			"faces": {
				"east": {"uv": [7, 0, 15, 12], "texture": "#3_0"},
				"west": {"uv": [7, 12, 15, 0], "rotation": 180, "texture": "#3_0"}
			}
		},
		{
			"from": [10.93068, 2.57928, 2.11851],
			"to": [14.73495, 2.58557, 6.32399],
			"faces": {
				"up": {"uv": [7, 0, 15, 12], "rotation": 270, "texture": "#3_0"},
				"down": {"uv": [7, 12, 15, 0], "rotation": 90, "texture": "#3_0"}
			}
		},
		{
			"from": [3.096, -2.74704, 6.42336],
			"to": [4.86208, -1.98096, 8.18944],
			"rotation": {"angle": -45, "axis": "x", "origin": [3.97904, -1.08624, 1.3064]},
			"faces": {
				"north": {"uv": [0, 0, 1, 1], "rotation": 270, "texture": "#3_0"},
				"east": {"uv": [0, 0, 1, 1], "rotation": 90, "texture": "#3_0"},
				"south": {"uv": [0, 0, 1, 1], "rotation": 270, "texture": "#3_0"},
				"west": {"uv": [0, 0, 1, 1], "rotation": 270, "texture": "#3_0"},
				"down": {"uv": [0, 0, 1, 1], "rotation": 180, "texture": "#3_0"}
			}
		},
		{
			"from": [2.06384, -1.98096, 5.3912],
			"to": [5.89424, 1.84944, 9.2216],
			"rotation": {"angle": -45, "axis": "x", "origin": [3.97904, -1.08624, 1.3064]},
			"faces": {
				"north": {"uv": [0, 0, 5, 5], "rotation": 270, "texture": "#3_0"},
				"east": {"uv": [0, 5, 5, 10], "rotation": 90, "texture": "#3_0"},
				"south": {"uv": [0, 5, 5, 10], "rotation": 270, "texture": "#3_0"},
				"west": {"uv": [0, 5, 5, 10], "rotation": 270, "texture": "#3_0"},
				"up": {"uv": [0, 10, 5, 15], "texture": "#3_0"},
				"down": {"uv": [0, 10, 5, 15], "rotation": 180, "texture": "#3_0"}
			}
		},
		{
			"from": [3.97138, 1.84944, 4.98672],
			"to": [3.97904, 6.97808, 9.62608],
			"rotation": {"angle": -45, "axis": "x", "origin": [3.97904, -1.08624, 1.3064]},
			"faces": {
				"east": {"uv": [7, 12, 15, 0], "rotation": 270, "texture": "#3_0"},
				"west": {"uv": [7, 0, 15, 12], "rotation": 270, "texture": "#3_0"}
			}
		},
		{
			"from": [1.65936, 1.84944, 7.29874],
			"to": [6.29872, 6.97808, 7.3064],
			"rotation": {"angle": -45, "axis": "x", "origin": [3.97904, -1.08624, 1.3064]},
			"faces": {
				"north": {"uv": [7, 0, 15, 12], "rotation": 270, "texture": "#3_0"},
				"south": {"uv": [7, 12, 15, 0], "rotation": 270, "texture": "#3_0"}
			}
		},
		{
			"from": [6.55, 2.4, 6.7],
			"to": [7.15, 3, 7.3],
			"rotation": {"angle": 22.5, "axis": "y", "origin": [4.75, 8, 7]},
			"faces": {
				"north": {"uv": [0, 0, 1, 1], "texture": "#3_0"},
				"south": {"uv": [0, 0, 1, 1], "texture": "#3_0"},
				"west": {"uv": [0, 0, 1, 1], "texture": "#3_0"},
				"up": {"uv": [0, 0, 1, 1], "texture": "#3_0"},
				"down": {"uv": [0, 0, 1, 1], "texture": "#3_0"}
			}
		},
		{
			"from": [7.15, 1.2, 5.5],
			"to": [10.15, 4.2, 8.5],
			"rotation": {"angle": 22.5, "axis": "y", "origin": [4.75, 8, 7]},
			"faces": {
				"north": {"uv": [0, 5, 5, 10], "texture": "#3_0"},
				"east": {"uv": [0, 10, 5, 15], "texture": "#3_0"},
				"south": {"uv": [0, 5, 5, 10], "texture": "#3_0"},
				"west": {"uv": [0, 10, 5, 15], "texture": "#3_0"},
				"up": {"uv": [0, 0, 5, 5], "texture": "#3_0"},
				"down": {"uv": [0, 5, 5, 10], "texture": "#3_0"}
			}
		},
		{
			"from": [9.65, 2.7, 4.15],
			"to": [13.45, 2.706, 8.35],
			"rotation": {"angle": 22.5, "axis": "y", "origin": [6.55, 4.7, 7]},
			"faces": {
				"up": {"uv": [7, 0, 15, 12], "texture": "#3_0"},
				"down": {"uv": [7, 12, 15, 0], "texture": "#3_0"}
			}
		},
		{
			"from": [9.65, 1.7, 6.35],
			"to": [13.45, 4.706, 6.35],
			"rotation": {"angle": 22.5, "axis": "y", "origin": [6.55, 4.7, 7]},
			"faces": {
				"north": {"uv": [7, 0, 15, 12], "texture": "#3_0"},
				"east": {"uv": [7, 0, 15, 12], "texture": "#3_0"},
				"south": {"uv": [7, 0, 15, 12], "texture": "#3_0"},
				"west": {"uv": [7, 0, 15, 12], "texture": "#3_0"},
				"up": {"uv": [7, 0, 15, 12], "texture": "#3_0"},
				"down": {"uv": [7, 0, 15, 12], "texture": "#3_0"}
			}
		}
	],
	"display": {
		"thirdperson_righthand": {
			"rotation": [75, 45, 0],
			"translation": [0, 2.5, 0],
			"scale": [0.375, 0.375, 0.375]
		},
		"thirdperson_lefthand": {
			"rotation": [75, 45, 0],
			"translation": [0, 2.5, 0],
			"scale": [0.375, 0.375, 0.375]
		},
		"firstperson_righthand": {
			"rotation": [0, 45, 0],
			"translation": [0, 2.25, 0],
			"scale": [0.4, 0.4, 0.4]
		},
		"firstperson_lefthand": {
			"rotation": [0, 225, 0],
			"translation": [0, 3.25, 0],
			"scale": [0.4, 0.4, 0.4]
		},
		"ground": {
			"translation": [0, 0.25, 0],
			"scale": [0.5, 0.5, 0.5]
		},
		"gui": {
			"rotation": [30, 225, 0],
			"translation": [0, 2.5, 0],
			"scale": [0.625, 0.625, 0.625]
		},
		"head": {
			"translation": [0, 14.5, 0]
		},
		"fixed": {
			"rotation": [-90, 0, 0],
			"translation": [0, 0, -15.25],
			"scale": [2, 2, 2]
		}
	},
	"groups": [
		{
			"name": "Basket",
			"children": [0, 1, 2, 3, 4, 5, 6, 7, 8, 9, 10,
				{
					"name": "Handle",
					"children": [11, 12, 13, 14, 15, 16, 17, 18, 19, 20]
				}
			]
		},
		{
			"name": "beetroot_0",
			"children": [21, 22, 23, 24]
		},
		{
			"name": "beetroot_3",
			"children": [25, 26, 27, 28]
		},
		{
			"name": "beetroot_5",
			"children": [29, 30, 31, 32]
		},
		{
			"name": "beetroot_4",
			"children": [33, 34, 35, 36]
		},
		{
			"name": "beetroot_2",
			"children": [37, 38, 39, 40]
		}
	]
}