{
	"credit": "Made with Blockbench",
	"textures": {
		"1": "block/Halloween_Boppers"
	},
	"elements": [
		{
			"from": [3, 3.25, 8.25],
			"to": [4, 8.25, 9.25],
			"rotation": {"angle": 0, "axis": "y", "origin": [11, 11.25, 16.25]},
			"faces": {
				"north": {"uv": [0, 0, 1, 5], "texture": "#1"},
				"east": {"uv": [0, 0, 1, 5], "texture": "#1"},
				"south": {"uv": [0, 0, 1, 5], "texture": "#1"},
				"west": {"uv": [0, 0, 1, 5], "texture": "#1"},
				"up": {"uv": [0, 0, 1, 1], "texture": "#1"},
				"down": {"uv": [0, 0, 1, 1], "texture": "#1"}
			}
		},
		{
			"from": [12, 3.25, 8.25],
			"to": [13, 8.25, 9.25],
			"rotation": {"angle": 0, "axis": "y", "origin": [5, 11.25, 16.25]},
			"faces": {
				"north": {"uv": [0, 0, 1, 5], "texture": "#1"},
				"east": {"uv": [0, 0, 1, 5], "texture": "#1"},
				"south": {"uv": [0, 0, 1, 5], "texture": "#1"},
				"west": {"uv": [0, 0, 1, 5], "texture": "#1"},
				"up": {"uv": [0, 0, 1, 5], "texture": "#1"},
				"down": {"uv": [0, 0, 1, 5], "texture": "#1"}
			}
		},
		{
			"from": [4.62132, 7.16421, 8.23438],
			"to": [5.62132, 8.57843, 9.27344],
			"rotation": {"angle": -45, "axis": "z", "origin": [5.12132, 9.66421, 8.75]},
			"faces": {
				"north": {"uv": [0, 0, 1, 1.41421], "texture": "#1"},
				"east": {"uv": [0, 0, 1.03906, 1.41421], "texture": "#1"},
				"south": {"uv": [0, 0, 1, 1.41421], "texture": "#1"},
				"west": {"uv": [0, 0, 1.03906, 1.41421], "texture": "#1"},
				"up": {"uv": [0, 0, 1, 1.03906], "texture": "#1"},
				"down": {"uv": [0, 0, 1, 1.03906], "texture": "#1"}
			}
		},
		{
			"from": [10.37868, 7.16421, 8.23438],
			"to": [11.37868, 8.57843, 9.27344],
			"rotation": {"angle": 45, "axis": "z", "origin": [10.87868, 9.66421, 8.75]},
			"faces": {
				"north": {"uv": [0, 0, 1, 1.41421], "texture": "#1"},
				"east": {"uv": [0, 0, 1, 1.41421], "texture": "#1"},
				"south": {"uv": [0, 0, 1, 1.41421], "texture": "#1"},
				"west": {"uv": [0, 0, 1, 1.41421], "texture": "#1"},
				"up": {"uv": [0, 0, 1, 1.41421], "texture": "#1"},
				"down": {"uv": [0, 0, 1, 1.41421], "texture": "#1"}
			}
		},
		{
			"from": [4, 8.25, 8.25],
			"to": [12, 9.25, 9.25],
			"rotation": {"angle": 0, "axis": "z", "origin": [12, 1.25, 16.25]},
			"faces": {
				"north": {"uv": [1, 0, 2, 8], "rotation": 270, "texture": "#1"},
				"east": {"uv": [0, 0, 1, 1], "rotation": 90, "texture": "#1"},
				"south": {"uv": [1, 0, 2, 8], "rotation": 270, "texture": "#1"},
				"west": {"uv": [0, 0, 1, 1], "rotation": 90, "texture": "#1"},
				"up": {"uv": [1, 0, 2, 8], "rotation": 90, "texture": "#1"},
				"down": {"uv": [1, 0, 2, 8], "rotation": 90, "texture": "#1"}
			}
		},
		{
			"from": [5.59375, 9, 8.75],
			"to": [5.90625, 11, 9],
			"rotation": {"angle": 0, "axis": "y", "origin": [13.5, 17, 16.5]},
			"faces": {
				"north": {"uv": [2, 0, 2.5, 2], "texture": "#1"},
				"east": {"uv": [2, 0, 2.5, 2], "texture": "#1"},
				"south": {"uv": [2, 0, 2.5, 2], "texture": "#1"},
				"west": {"uv": [2, 0, 2.5, 2], "texture": "#1"},
				"up": {"uv": [2, 0, 2.5, 2], "texture": "#1"},
				"down": {"uv": [2, 0, 2.5, 2], "texture": "#1"}
			}
		},
		{
			"from": [10.09375, 9, 8.75],
			"to": [10.40625, 11.25, 9],
			"rotation": {"angle": 0, "axis": "y", "origin": [18, 17.25, 16.5]},
			"faces": {
				"north": {"uv": [2, 0, 2.5, 2], "texture": "#1"},
				"east": {"uv": [2, 0, 2.5, 2], "texture": "#1"},
				"south": {"uv": [2, 0, 2.5, 2], "texture": "#1"},
				"west": {"uv": [2, 0, 2.5, 2], "texture": "#1"},
				"up": {"uv": [2, 0, 2.5, 2], "texture": "#1"},
				"down": {"uv": [2, 0, 2.5, 2], "texture": "#1"}
			}
		},
		{
			"from": [5.59375, 10.53033, 8.11612],
			"to": [5.90625, 12.03033, 8.36612],
			"rotation": {"angle": -45, "axis": "x", "origin": [5.75, 11.53033, 8.11612]},
			"faces": {
				"north": {"uv": [2, 0, 2.5, 2], "rotation": 180, "texture": "#1"},
				"east": {"uv": [2, 0, 2.5, 2], "rotation": 180, "texture": "#1"},
				"south": {"uv": [2, 0, 2.5, 2], "rotation": 180, "texture": "#1"},
				"west": {"uv": [2, 0, 2.5, 2], "rotation": 180, "texture": "#1"},
				"up": {"uv": [2, 0, 2.5, 2], "texture": "#1"},
				"down": {"uv": [2, 0, 2.5, 2], "texture": "#1"}
			}
		},
		{
			"from": [5.59375, 11.81066, 6.34559],
			"to": [5.90625, 12.06066, 7.93934],
			"rotation": {"angle": 0, "axis": "x", "origin": [8, 12.06066, 6.93934]},
			"faces": {
				"north": {"uv": [2, 0, 2.5, 2], "texture": "#1"},
				"east": {"uv": [2, 0, 2.5, 2], "rotation": 90, "texture": "#1"},
				"south": {"uv": [2, 0, 2.5, 2], "texture": "#1"},
				"west": {"uv": [2, 0, 2.5, 2], "rotation": 270, "texture": "#1"},
				"up": {"uv": [2, 0, 2.5, 2], "texture": "#1"},
				"down": {"uv": [2, 0, 2.5, 2], "rotation": 180, "texture": "#1"}
			}
		},
		{
			"from": [10.09375, 10.78033, 8.11612],
			"to": [10.40625, 12.78033, 8.36612],
			"rotation": {"angle": -45, "axis": "x", "origin": [10.25, 11.78033, 8.11612]},
			"faces": {
				"north": {"uv": [2, 0, 2.5, 2], "rotation": 180, "texture": "#1"},
				"east": {"uv": [2, 0, 2.5, 2], "rotation": 180, "texture": "#1"},
				"south": {"uv": [2, 0, 2.5, 2], "rotation": 180, "texture": "#1"},
				"west": {"uv": [2, 0, 2.5, 2], "rotation": 180, "texture": "#1"},
				"up": {"uv": [2, 0, 2.5, 2], "texture": "#1"},
				"down": {"uv": [2, 0, 2.5, 2], "texture": "#1"}
			}
		},
		{
			"from": [10.09375, 12.41421, 6.33579],
			"to": [10.40625, 12.66421, 7.58579],
			"rotation": {"angle": 0, "axis": "x", "origin": [10.25, 12.66421, 7.08579]},
			"faces": {
				"north": {"uv": [2, 0, 2.5, 2], "texture": "#1"},
				"east": {"uv": [2, 0, 2.5, 2], "rotation": 90, "texture": "#1"},
				"south": {"uv": [2, 0, 2.5, 2], "texture": "#1"},
				"west": {"uv": [2, 0, 2.5, 2], "rotation": 270, "texture": "#1"},
				"up": {"uv": [2, 0, 2.5, 2], "texture": "#1"},
				"down": {"uv": [2, 0, 2.5, 2], "rotation": 180, "texture": "#1"}
			}
		},
		{
			"from": [8.15625, 11.06593, 5.37874],
			"to": [10.3125, 14.06593, 5.37874],
			"rotation": {"angle": -22.5, "axis": "y", "origin": [7.90625, 12.56593, 5.40999]},
			"faces": {
				"north": {"uv": [3, 0, 6.5, 5], "rotation": 180, "texture": "#1"},
				"east": {"uv": [0, 0, 2.5, 0], "rotation": 90, "texture": "#1"},
				"south": {"uv": [6.5, 0, 3, 5], "rotation": 180, "texture": "#1"},
				"west": {"uv": [0, 0, 2.5, 0], "rotation": 270, "texture": "#1"},
				"up": {"uv": [0, 0, 3.5, 0], "texture": "#1"},
				"down": {"uv": [0, 0, 3.5, 0], "rotation": 180, "texture": "#1"}
			}
		},
		{
			"from": [9.84479, 13.06593, 6.0948],
			"to": [10.40729, 13.22218, 6.0948],
			"rotation": {"angle": 0, "axis": "y", "origin": [9.18854, 12.56593, 5.9073]},
			"faces": {
				"north": {"uv": [2, 2, 2.5, 3.5], "rotation": 90, "texture": "#1"},
				"east": {"uv": [0, 0, 2.5, 0], "rotation": 90, "texture": "#1"},
				"south": {"uv": [6.5, 0, 3, 5], "rotation": 180, "texture": "#1"},
				"west": {"uv": [0, 0, 2.5, 0], "rotation": 270, "texture": "#1"},
				"up": {"uv": [0, 0, 3.5, 0], "texture": "#1"},
				"down": {"uv": [0, 0, 3.5, 0], "rotation": 180, "texture": "#1"}
			}
		},
		{
			"from": [5.59271, 12.31593, 6.0948],
			"to": [6.15521, 12.47218, 6.0948],
			"rotation": {"angle": 0, "axis": "y", "origin": [6.81146, 12.56593, 5.9073]},
			"faces": {
				"north": {"uv": [2, 3.5, 2.5, 2], "rotation": 90, "texture": "#1"},
				"east": {"uv": [0, 0, 2.5, 0], "rotation": 270, "texture": "#1"},
				"south": {"uv": [3, 0, 6.5, 5], "rotation": 180, "texture": "#1"},
				"west": {"uv": [0, 0, 2.5, 0], "rotation": 90, "texture": "#1"},
				"up": {"uv": [3.5, 0, 0, 0], "texture": "#1"},
				"down": {"uv": [3.5, 0, 0, 0], "rotation": 180, "texture": "#1"}
			}
		},
		{
			"from": [5.6875, 10.31593, 5.37874],
			"to": [7.84375, 13.31593, 5.37874],
			"rotation": {"angle": 22.5, "axis": "y", "origin": [8.09375, 11.81593, 5.40999]},
			"faces": {
				"north": {"uv": [6.5, 0, 3, 5], "rotation": 180, "texture": "#1"},
				"east": {"uv": [0, 0, 2.5, 0], "rotation": 270, "texture": "#1"},
				"south": {"uv": [3, 0, 6.5, 5], "rotation": 180, "texture": "#1"},
				"west": {"uv": [0, 0, 2.5, 0], "rotation": 90, "texture": "#1"},
				"up": {"uv": [3.5, 0, 0, 0], "texture": "#1"},
				"down": {"uv": [3.5, 0, 0, 0], "rotation": 180, "texture": "#1"}
			}
		},
		{
			"from": [9.9375, 11.06593, 5.37874],
			"to": [12.09375, 14.06593, 5.37874],
			"rotation": {"angle": 22.5, "axis": "y", "origin": [12.34375, 12.56593, 5.40999]},
			"faces": {
				"north": {"uv": [6.5, 0, 3, 5], "rotation": 180, "texture": "#1"},
				"east": {"uv": [0, 0, 2.5, 0], "rotation": 270, "texture": "#1"},
				"south": {"uv": [3, 0, 6.5, 5], "rotation": 180, "texture": "#1"},
				"west": {"uv": [0, 0, 2.5, 0], "rotation": 90, "texture": "#1"},
				"up": {"uv": [3.5, 0, 0, 0], "texture": "#1"},
				"down": {"uv": [3.5, 0, 0, 0], "rotation": 180, "texture": "#1"}
			}
		},
		{
			"from": [3.90625, 10.31593, 5.37874],
			"to": [6.0625, 13.31593, 5.37874],
			"rotation": {"angle": -22.5, "axis": "y", "origin": [3.65625, 11.81593, 5.40999]},
			"faces": {
				"north": {"uv": [3, 0, 6.5, 5], "rotation": 180, "texture": "#1"},
				"east": {"uv": [0, 0, 2.5, 0], "rotation": 90, "texture": "#1"},
				"south": {"uv": [6.5, 0, 3, 5], "rotation": 180, "texture": "#1"},
				"west": {"uv": [0, 0, 2.5, 0], "rotation": 270, "texture": "#1"},
				"up": {"uv": [0, 0, 3.5, 0], "texture": "#1"},
				"down": {"uv": [0, 0, 3.5, 0], "rotation": 180, "texture": "#1"}
			}
		}
	],
	"display": {
		"thirdperson_righthand": {
			"rotation": [73, 31.75, 0],
			"translation": [-2.25, 0.5, 0],
			"scale": [0.82031, 0.82031, 0.82031]
		},
		"thirdperson_lefthand": {
			"rotation": [73, 31.75, 0],
			"translation": [-2.25, 0.5, 0],
			"scale": [0.82031, 0.82031, 0.82031]
		},
		"firstperson_righthand": {
			"rotation": [0, 17.5, 0],
			"translation": [0.5, 1.5, 0],
			"scale": [0.76953, 0.76953, 0.76953]
		},
		"firstperson_lefthand": {
			"rotation": [0, 17.5, 0],
			"translation": [0.5, 1.5, 0],
			"scale": [0.76953, 0.76953, 0.76953]
		},
		"ground": {
			"translation": [0, 1.75, 0]
		},
		"gui": {
			"rotation": [16.75, -156, 0],
			"translation": [-0.25, 0, 0]
		},
		"head": {
			"translation": [0, 6.5, 0],
			"scale": [1.6, 1.6, 1.6]
		},
		"fixed": {
			"translation": [0, 0, -1.5],
			"scale": [2, 2, 2]
		}
	}
}