{
	"credit": "Made with Blockbench",
	"textures": {
		"1": "block/MizunoArchive/sand",
		"2": "block/MizunoArchive/purple_concrete_powder",
		"3": "block/MizunoArchive/yellow_concrete_powder",
		"4": "block/candle",
		"5": "block/MizunoArchive/bone_block_side",
		"particle": "block/MizunoArchive/yellow_concrete_powder"
	},
	"elements": [
		{
			"name": "Flame",
			"from": [4.6, 12.2, 4],
			"to": [4.6, 13.6, 5],
			"faces": {
				"north": {"uv": [6, 2, 9, 6], "texture": "#4"},
				"east": {"uv": [6, 2, 9, 6], "texture": "#4"},
				"south": {"uv": [6, 2, 9, 6], "texture": "#4"},
				"west": {"uv": [6, 2, 9, 6], "texture": "#4"},
				"up": {"uv": [6, 2, 9, 6], "texture": "#4"},
				"down": {"uv": [6, 2, 9, 6], "texture": "#4"}
			}
		},
		{
			"name": "Flame",
			"from": [4.1, 12.2, 4.5],
			"to": [5.1, 13.6, 4.5],
			"faces": {
				"north": {"uv": [6, 2, 9, 6], "texture": "#4"},
				"east": {"uv": [6, 2, 9, 6], "texture": "#4"},
				"south": {"uv": [6, 2, 9, 6], "texture": "#4"},
				"west": {"uv": [6, 2, 9, 6], "texture": "#4"},
				"up": {"uv": [6, 2, 9, 6], "rotation": 270, "texture": "#4"},
				"down": {"uv": [6, 2, 9, 6], "rotation": 90, "texture": "#4"}
			}
		},
		{
			"name": "Flame",
			"from": [4.1, 12.2, 11.5],
			"to": [5.1, 13.6, 11.5],
			"faces": {
				"north": {"uv": [6, 2, 9, 6], "texture": "#4"},
				"east": {"uv": [6, 2, 9, 6], "texture": "#4"},
				"south": {"uv": [6, 2, 9, 6], "texture": "#4"},
				"west": {"uv": [6, 2, 9, 6], "texture": "#4"},
				"up": {"uv": [6, 2, 9, 6], "rotation": 270, "texture": "#4"},
				"down": {"uv": [6, 2, 9, 6], "rotation": 90, "texture": "#4"}
			}
		},
		{
			"name": "Flame",
			"from": [4.6, 12.2, 11],
			"to": [4.6, 13.6, 12],
			"faces": {
				"north": {"uv": [6, 2, 9, 6], "texture": "#4"},
				"east": {"uv": [6, 2, 9, 6], "texture": "#4"},
				"south": {"uv": [6, 2, 9, 6], "texture": "#4"},
				"west": {"uv": [6, 2, 9, 6], "texture": "#4"},
				"up": {"uv": [6, 2, 9, 6], "rotation": 180, "texture": "#4"},
				"down": {"uv": [6, 2, 9, 6], "rotation": 180, "texture": "#4"}
			}
		},
		{
			"name": "Flame",
			"from": [11.6, 12.2, 11],
			"to": [11.6, 13.6, 12],
			"faces": {
				"north": {"uv": [6, 2, 9, 6], "texture": "#4"},
				"east": {"uv": [6, 2, 9, 6], "texture": "#4"},
				"south": {"uv": [6, 2, 9, 6], "texture": "#4"},
				"west": {"uv": [6, 2, 9, 6], "texture": "#4"},
				"up": {"uv": [6, 2, 9, 6], "rotation": 180, "texture": "#4"},
				"down": {"uv": [6, 2, 9, 6], "rotation": 180, "texture": "#4"}
			}
		},
		{
			"name": "Flame",
			"from": [11.1, 12.2, 11.5],
			"to": [12.1, 13.6, 11.5],
			"faces": {
				"north": {"uv": [6, 2, 9, 6], "texture": "#4"},
				"east": {"uv": [6, 2, 9, 6], "texture": "#4"},
				"south": {"uv": [6, 2, 9, 6], "texture": "#4"},
				"west": {"uv": [6, 2, 9, 6], "texture": "#4"},
				"up": {"uv": [6, 2, 9, 6], "rotation": 90, "texture": "#4"},
				"down": {"uv": [6, 2, 9, 6], "rotation": 270, "texture": "#4"}
			}
		},
		{
			"name": "Flame",
			"from": [11.1, 12.2, 4.5],
			"to": [12.1, 13.6, 4.5],
			"faces": {
				"north": {"uv": [6, 2, 9, 6], "texture": "#4"},
				"east": {"uv": [6, 2, 9, 6], "texture": "#4"},
				"south": {"uv": [6, 2, 9, 6], "texture": "#4"},
				"west": {"uv": [6, 2, 9, 6], "texture": "#4"},
				"up": {"uv": [6, 2, 9, 6], "rotation": 90, "texture": "#4"},
				"down": {"uv": [6, 2, 9, 6], "rotation": 270, "texture": "#4"}
			}
		},
		{
			"name": "Flame",
			"from": [11.6, 12.2, 4],
			"to": [11.6, 13.6, 5],
			"faces": {
				"north": {"uv": [6, 2, 9, 6], "texture": "#4"},
				"east": {"uv": [6, 2, 9, 6], "texture": "#4"},
				"south": {"uv": [6, 2, 9, 6], "texture": "#4"},
				"west": {"uv": [6, 2, 9, 6], "texture": "#4"},
				"up": {"uv": [6, 2, 9, 6], "texture": "#4"},
				"down": {"uv": [6, 2, 9, 6], "texture": "#4"}
			}
		},
		{
			"name": "Candle Base",
			"from": [3.6, 7.5, 3.5],
			"to": [5.6, 8.5, 5.5],
			"faces": {
				"north": {"uv": [0, 2, 2, 4], "texture": "#2"},
				"east": {"uv": [0, 2, 2, 4], "texture": "#2"},
				"south": {"uv": [0, 2, 2, 4], "texture": "#2"},
				"west": {"uv": [0, 2, 2, 4], "texture": "#2"},
				"up": {"uv": [0, 2, 2, 4], "texture": "#2"},
				"down": {"uv": [0, 2, 2, 4], "texture": "#2"}
			}
		},
		{
			"name": "Candle Base",
			"from": [10.6, 7.5, 3.5],
			"to": [12.6, 8.5, 5.5],
			"faces": {
				"north": {"uv": [0, 2, 2, 4], "texture": "#2"},
				"east": {"uv": [0, 2, 2, 4], "texture": "#2"},
				"south": {"uv": [0, 2, 2, 4], "texture": "#2"},
				"west": {"uv": [0, 2, 2, 4], "texture": "#2"},
				"up": {"uv": [0, 2, 2, 4], "texture": "#2"},
				"down": {"uv": [0, 2, 2, 4], "texture": "#2"}
			}
		},
		{
			"name": "Candle Base",
			"from": [10.6, 7.5, 10.5],
			"to": [12.6, 8.5, 12.5],
			"faces": {
				"north": {"uv": [0, 2, 2, 4], "texture": "#2"},
				"east": {"uv": [0, 2, 2, 4], "texture": "#2"},
				"south": {"uv": [0, 2, 2, 4], "texture": "#2"},
				"west": {"uv": [0, 2, 2, 4], "texture": "#2"},
				"up": {"uv": [0, 2, 2, 4], "texture": "#2"},
				"down": {"uv": [0, 2, 2, 4], "texture": "#2"}
			}
		},
		{
			"name": "Candle Base",
			"from": [3.6, 7.5, 10.5],
			"to": [5.6, 8.5, 12.5],
			"faces": {
				"north": {"uv": [0, 2, 2, 4], "texture": "#2"},
				"east": {"uv": [0, 2, 2, 4], "texture": "#2"},
				"south": {"uv": [0, 2, 2, 4], "texture": "#2"},
				"west": {"uv": [0, 2, 2, 4], "texture": "#2"},
				"up": {"uv": [0, 2, 2, 4], "texture": "#2"},
				"down": {"uv": [0, 2, 2, 4], "texture": "#2"}
			}
		},
		{
			"name": "Candle",
			"from": [4.1, 8.5, 4],
			"to": [5.1, 11.5, 5],
			"faces": {
				"north": {"uv": [7, 7, 9, 13], "texture": "#4"},
				"east": {"uv": [7, 7, 9, 13], "texture": "#4"},
				"south": {"uv": [7, 7, 9, 13], "texture": "#4"},
				"west": {"uv": [7, 7, 9, 13], "texture": "#4"},
				"up": {"uv": [7, 7, 9, 9], "texture": "#4"},
				"down": {"uv": [7, 7, 9, 9], "texture": "#4"}
			}
		},
		{
			"name": "Candle",
			"from": [11.1, 8.5, 4],
			"to": [12.1, 11.5, 5],
			"faces": {
				"north": {"uv": [7, 7, 9, 13], "texture": "#4"},
				"east": {"uv": [7, 7, 9, 13], "texture": "#4"},
				"south": {"uv": [7, 7, 9, 13], "texture": "#4"},
				"west": {"uv": [7, 7, 9, 13], "texture": "#4"},
				"up": {"uv": [7, 7, 9, 9], "texture": "#4"},
				"down": {"uv": [7, 7, 9, 9], "texture": "#4"}
			}
		},
		{
			"name": "Candle",
			"from": [11.1, 8.5, 11],
			"to": [12.1, 11.5, 12],
			"faces": {
				"north": {"uv": [7, 7, 9, 13], "texture": "#4"},
				"east": {"uv": [7, 7, 9, 13], "texture": "#4"},
				"south": {"uv": [7, 7, 9, 13], "texture": "#4"},
				"west": {"uv": [7, 7, 9, 13], "texture": "#4"},
				"up": {"uv": [7, 7, 9, 9], "texture": "#4"},
				"down": {"uv": [7, 7, 9, 9], "texture": "#4"}
			}
		},
		{
			"name": "Candle",
			"from": [4.1, 8.5, 11],
			"to": [5.1, 11.5, 12],
			"faces": {
				"north": {"uv": [7, 7, 9, 13], "texture": "#4"},
				"east": {"uv": [7, 7, 9, 13], "texture": "#4"},
				"south": {"uv": [7, 7, 9, 13], "texture": "#4"},
				"west": {"uv": [7, 7, 9, 13], "texture": "#4"},
				"up": {"uv": [7, 7, 9, 9], "texture": "#4"},
				"down": {"uv": [7, 7, 9, 9], "texture": "#4"}
			}
		},
		{
			"name": "Wick",
			"from": [4.4, 11.5, 11.3],
			"to": [4.8, 12.2, 11.7],
			"faces": {
				"north": {"uv": [3, 15, 4, 16], "texture": "#3"},
				"east": {"uv": [3, 15, 4, 16], "texture": "#3"},
				"south": {"uv": [3, 15, 4, 16], "texture": "#3"},
				"west": {"uv": [3, 15, 4, 16], "texture": "#3"},
				"up": {"uv": [3, 15, 4, 16], "texture": "#3"},
				"down": {"uv": [3, 15, 4, 16], "texture": "#3"}
			}
		},
		{
			"name": "Wick",
			"from": [11.4, 11.5, 11.3],
			"to": [11.8, 12.2, 11.7],
			"faces": {
				"north": {"uv": [3, 15, 4, 16], "texture": "#3"},
				"east": {"uv": [3, 15, 4, 16], "texture": "#3"},
				"south": {"uv": [3, 15, 4, 16], "texture": "#3"},
				"west": {"uv": [3, 15, 4, 16], "texture": "#3"},
				"up": {"uv": [3, 15, 4, 16], "texture": "#3"},
				"down": {"uv": [3, 15, 4, 16], "texture": "#3"}
			}
		},
		{
			"name": "Wick",
			"from": [11.4, 11.5, 4.3],
			"to": [11.8, 12.2, 4.7],
			"faces": {
				"north": {"uv": [3, 15, 4, 16], "texture": "#3"},
				"east": {"uv": [3, 15, 4, 16], "texture": "#3"},
				"south": {"uv": [3, 15, 4, 16], "texture": "#3"},
				"west": {"uv": [3, 15, 4, 16], "texture": "#3"},
				"up": {"uv": [3, 15, 4, 16], "texture": "#3"},
				"down": {"uv": [3, 15, 4, 16], "texture": "#3"}
			}
		},
		{
			"name": "Wick",
			"from": [4.4, 11.5, 4.3],
			"to": [4.8, 12.2, 4.7],
			"faces": {
				"north": {"uv": [3, 15, 4, 16], "texture": "#3"},
				"east": {"uv": [3, 15, 4, 16], "texture": "#3"},
				"south": {"uv": [3, 15, 4, 16], "texture": "#3"},
				"west": {"uv": [3, 15, 4, 16], "texture": "#3"},
				"up": {"uv": [3, 15, 4, 16], "texture": "#3"},
				"down": {"uv": [3, 15, 4, 16], "texture": "#3"}
			}
		},
		{
			"from": [13.6, 7.5, 7.5],
			"to": [14.6, 8.5, 8.5],
			"faces": {
				"north": {"uv": [2, 0, 4, 2], "texture": "#1"},
				"east": {"uv": [2, 0, 4, 2], "texture": "#1"},
				"south": {"uv": [2, 0, 4, 2], "texture": "#1"},
				"west": {"uv": [2, 0, 4, 2], "texture": "#1"},
				"up": {"uv": [2, 0, 4, 2], "texture": "#1"},
				"down": {"uv": [2, 0, 4, 2], "texture": "#1"}
			}
		},
		{
			"from": [12.6, 7.5, 8.5],
			"to": [13.6, 8.5, 9.5],
			"faces": {
				"north": {"uv": [2, 0, 4, 2], "texture": "#1"},
				"east": {"uv": [2, 0, 4, 2], "texture": "#1"},
				"south": {"uv": [2, 0, 4, 2], "texture": "#1"},
				"west": {"uv": [2, 0, 4, 2], "texture": "#1"},
				"up": {"uv": [2, 0, 4, 2], "texture": "#1"},
				"down": {"uv": [2, 0, 4, 2], "texture": "#1"}
			}
		},
		{
			"from": [11.6, 7.5, 7.5],
			"to": [12.6, 8.5, 8.5],
			"faces": {
				"north": {"uv": [2, 0, 4, 2], "texture": "#1"},
				"east": {"uv": [2, 0, 4, 2], "texture": "#1"},
				"south": {"uv": [2, 0, 4, 2], "texture": "#1"},
				"west": {"uv": [2, 0, 4, 2], "texture": "#1"},
				"up": {"uv": [2, 0, 4, 2], "texture": "#1"},
				"down": {"uv": [2, 0, 4, 2], "texture": "#1"}
			}
		},
		{
			"from": [12.6, 7.5, 6.5],
			"to": [13.6, 8.5, 7.5],
			"faces": {
				"north": {"uv": [2, 0, 4, 2], "texture": "#1"},
				"east": {"uv": [2, 0, 4, 2], "texture": "#1"},
				"south": {"uv": [2, 0, 4, 2], "texture": "#1"},
				"west": {"uv": [2, 0, 4, 2], "texture": "#1"},
				"up": {"uv": [2, 0, 4, 2], "texture": "#1"},
				"down": {"uv": [2, 0, 4, 2], "texture": "#1"}
			}
		},
		{
			"from": [12.6, 8.5, 7.5],
			"to": [13.6, 9.5, 8.5],
			"faces": {
				"north": {"uv": [0, 2, 2, 4], "texture": "#2"},
				"east": {"uv": [0, 2, 2, 4], "texture": "#2"},
				"south": {"uv": [0, 2, 2, 4], "texture": "#2"},
				"west": {"uv": [0, 2, 2, 4], "texture": "#2"},
				"up": {"uv": [0, 2, 2, 4], "texture": "#2"},
				"down": {"uv": [0, 2, 2, 4], "texture": "#2"}
			}
		},
		{
			"from": [8.6, 7.5, 12.5],
			"to": [9.6, 8.5, 13.5],
			"faces": {
				"north": {"uv": [2, 0, 4, 2], "texture": "#1"},
				"east": {"uv": [2, 0, 4, 2], "texture": "#1"},
				"south": {"uv": [2, 0, 4, 2], "texture": "#1"},
				"west": {"uv": [2, 0, 4, 2], "texture": "#1"},
				"up": {"uv": [2, 0, 4, 2], "texture": "#1"},
				"down": {"uv": [2, 0, 4, 2], "texture": "#1"}
			}
		},
		{
			"from": [7.6, 7.5, 13.5],
			"to": [8.6, 8.5, 14.5],
			"faces": {
				"north": {"uv": [2, 0, 4, 2], "texture": "#1"},
				"east": {"uv": [2, 0, 4, 2], "texture": "#1"},
				"south": {"uv": [2, 0, 4, 2], "texture": "#1"},
				"west": {"uv": [2, 0, 4, 2], "texture": "#1"},
				"up": {"uv": [2, 0, 4, 2], "texture": "#1"},
				"down": {"uv": [2, 0, 4, 2], "texture": "#1"}
			}
		},
		{
			"from": [6.6, 7.5, 12.5],
			"to": [7.6, 8.5, 13.5],
			"faces": {
				"north": {"uv": [2, 0, 4, 2], "texture": "#1"},
				"east": {"uv": [2, 0, 4, 2], "texture": "#1"},
				"south": {"uv": [2, 0, 4, 2], "texture": "#1"},
				"west": {"uv": [2, 0, 4, 2], "texture": "#1"},
				"up": {"uv": [2, 0, 4, 2], "texture": "#1"},
				"down": {"uv": [2, 0, 4, 2], "texture": "#1"}
			}
		},
		{
			"from": [7.6, 7.5, 11.5],
			"to": [8.6, 8.5, 12.5],
			"faces": {
				"north": {"uv": [2, 0, 4, 2], "texture": "#1"},
				"east": {"uv": [2, 0, 4, 2], "texture": "#1"},
				"south": {"uv": [2, 0, 4, 2], "texture": "#1"},
				"west": {"uv": [2, 0, 4, 2], "texture": "#1"},
				"up": {"uv": [2, 0, 4, 2], "texture": "#1"},
				"down": {"uv": [2, 0, 4, 2], "texture": "#1"}
			}
		},
		{
			"from": [7.6, 8.5, 12.5],
			"to": [8.6, 9.5, 13.5],
			"faces": {
				"north": {"uv": [0, 2, 2, 4], "texture": "#2"},
				"east": {"uv": [0, 2, 2, 4], "texture": "#2"},
				"south": {"uv": [0, 2, 2, 4], "texture": "#2"},
				"west": {"uv": [0, 2, 2, 4], "texture": "#2"},
				"up": {"uv": [0, 2, 2, 4], "texture": "#2"},
				"down": {"uv": [0, 2, 2, 4], "texture": "#2"}
			}
		},
		{
			"from": [3.6, 7.5, 7.5],
			"to": [4.6, 8.5, 8.5],
			"faces": {
				"north": {"uv": [2, 0, 4, 2], "texture": "#1"},
				"east": {"uv": [2, 0, 4, 2], "texture": "#1"},
				"south": {"uv": [2, 0, 4, 2], "texture": "#1"},
				"west": {"uv": [2, 0, 4, 2], "texture": "#1"},
				"up": {"uv": [2, 0, 4, 2], "texture": "#1"},
				"down": {"uv": [2, 0, 4, 2], "texture": "#1"}
			}
		},
		{
			"from": [2.6, 7.5, 8.5],
			"to": [3.6, 8.5, 9.5],
			"faces": {
				"north": {"uv": [2, 0, 4, 2], "texture": "#1"},
				"east": {"uv": [2, 0, 4, 2], "texture": "#1"},
				"south": {"uv": [2, 0, 4, 2], "texture": "#1"},
				"west": {"uv": [2, 0, 4, 2], "texture": "#1"},
				"up": {"uv": [2, 0, 4, 2], "texture": "#1"},
				"down": {"uv": [2, 0, 4, 2], "texture": "#1"}
			}
		},
		{
			"from": [1.6, 7.5, 7.5],
			"to": [2.6, 8.5, 8.5],
			"faces": {
				"north": {"uv": [2, 0, 4, 2], "texture": "#1"},
				"east": {"uv": [2, 0, 4, 2], "texture": "#1"},
				"south": {"uv": [2, 0, 4, 2], "texture": "#1"},
				"west": {"uv": [2, 0, 4, 2], "texture": "#1"},
				"up": {"uv": [2, 0, 4, 2], "texture": "#1"},
				"down": {"uv": [2, 0, 4, 2], "texture": "#1"}
			}
		},
		{
			"from": [2.6, 7.5, 6.5],
			"to": [3.6, 8.5, 7.5],
			"faces": {
				"north": {"uv": [2, 0, 4, 2], "texture": "#1"},
				"east": {"uv": [2, 0, 4, 2], "texture": "#1"},
				"south": {"uv": [2, 0, 4, 2], "texture": "#1"},
				"west": {"uv": [2, 0, 4, 2], "texture": "#1"},
				"up": {"uv": [2, 0, 4, 2], "texture": "#1"},
				"down": {"uv": [2, 0, 4, 2], "texture": "#1"}
			}
		},
		{
			"from": [2.6, 8.5, 7.5],
			"to": [3.6, 9.5, 8.5],
			"faces": {
				"north": {"uv": [0, 2, 2, 4], "texture": "#2"},
				"east": {"uv": [0, 2, 2, 4], "texture": "#2"},
				"south": {"uv": [0, 2, 2, 4], "texture": "#2"},
				"west": {"uv": [0, 2, 2, 4], "texture": "#2"},
				"up": {"uv": [0, 2, 2, 4], "texture": "#2"},
				"down": {"uv": [0, 2, 2, 4], "texture": "#2"}
			}
		},
		{
			"from": [8.6, 7.5, 2.5],
			"to": [9.6, 8.5, 3.5],
			"faces": {
				"north": {"uv": [2, 0, 4, 2], "texture": "#1"},
				"east": {"uv": [2, 0, 4, 2], "texture": "#1"},
				"south": {"uv": [2, 0, 4, 2], "texture": "#1"},
				"west": {"uv": [2, 0, 4, 2], "texture": "#1"},
				"up": {"uv": [2, 0, 4, 2], "texture": "#1"},
				"down": {"uv": [2, 0, 4, 2], "texture": "#1"}
			}
		},
		{
			"from": [7.6, 7.5, 3.5],
			"to": [8.6, 8.5, 4.5],
			"faces": {
				"north": {"uv": [2, 0, 4, 2], "texture": "#1"},
				"east": {"uv": [2, 0, 4, 2], "texture": "#1"},
				"south": {"uv": [2, 0, 4, 2], "texture": "#1"},
				"west": {"uv": [2, 0, 4, 2], "texture": "#1"},
				"up": {"uv": [2, 0, 4, 2], "texture": "#1"},
				"down": {"uv": [2, 0, 4, 2], "texture": "#1"}
			}
		},
		{
			"from": [6.6, 7.5, 2.5],
			"to": [7.6, 8.5, 3.5],
			"faces": {
				"north": {"uv": [2, 0, 4, 2], "texture": "#1"},
				"east": {"uv": [2, 0, 4, 2], "texture": "#1"},
				"south": {"uv": [2, 0, 4, 2], "texture": "#1"},
				"west": {"uv": [2, 0, 4, 2], "texture": "#1"},
				"up": {"uv": [2, 0, 4, 2], "texture": "#1"},
				"down": {"uv": [2, 0, 4, 2], "texture": "#1"}
			}
		},
		{
			"from": [7.6, 7.5, 1.5],
			"to": [8.6, 8.5, 2.5],
			"faces": {
				"north": {"uv": [2, 0, 4, 2], "texture": "#1"},
				"east": {"uv": [2, 0, 4, 2], "texture": "#1"},
				"south": {"uv": [2, 0, 4, 2], "texture": "#1"},
				"west": {"uv": [2, 0, 4, 2], "texture": "#1"},
				"up": {"uv": [2, 0, 4, 2], "texture": "#1"},
				"down": {"uv": [2, 0, 4, 2], "texture": "#1"}
			}
		},
		{
			"from": [7.6, 8.5, 2.5],
			"to": [8.6, 9.5, 3.5],
			"faces": {
				"north": {"uv": [0, 2, 2, 4], "texture": "#2"},
				"east": {"uv": [0, 2, 2, 4], "texture": "#2"},
				"south": {"uv": [0, 2, 2, 4], "texture": "#2"},
				"west": {"uv": [0, 2, 2, 4], "texture": "#2"},
				"up": {"uv": [0, 2, 2, 4], "texture": "#2"},
				"down": {"uv": [0, 2, 2, 4], "texture": "#2"}
			}
		},
		{
			"from": [2.6, 4.5, 12.5],
			"to": [3.6, 7.5, 13.5],
			"faces": {
				"north": {"uv": [1, 0, 2, 3], "texture": "#1"},
				"east": {"uv": [1, 0, 2, 3], "texture": "#1"},
				"south": {"uv": [1, 0, 2, 3], "texture": "#1"},
				"west": {"uv": [1, 0, 2, 3], "texture": "#1"},
				"up": {"uv": [1, 2, 2, 3], "texture": "#1"},
				"down": {"uv": [1, 0, 2, 1], "texture": "#1"}
			}
		},
		{
			"from": [1.6, 5.5, 10.5],
			"to": [3.6, 7.5, 12.5],
			"faces": {
				"north": {"uv": [2, 3, 4, 5], "texture": "#1"},
				"east": {"uv": [2, 3, 4, 5], "texture": "#1"},
				"south": {"uv": [2, 3, 4, 5], "texture": "#1"},
				"west": {"uv": [2, 3, 4, 5], "texture": "#1"},
				"up": {"uv": [2, 3, 4, 5], "texture": "#1"},
				"down": {"uv": [2, 3, 4, 5], "texture": "#1"}
			}
		},
		{
			"from": [3.6, 5.5, 10.5],
			"to": [5.6, 7.5, 14.5],
			"faces": {
				"north": {"uv": [0, 0, 2, 2], "texture": "#1"},
				"east": {"uv": [0, 0, 2, 2], "texture": "#1"},
				"south": {"uv": [0, 0, 2, 2], "texture": "#1"},
				"west": {"uv": [0, 0, 2, 2], "texture": "#1"},
				"up": {"uv": [0, 0, 2, 2], "texture": "#1"},
				"down": {"uv": [0, 0, 2, 2], "texture": "#1"}
			}
		},
		{
			"from": [5.6, 5.5, 14.5],
			"to": [6.6, 6.5, 15.5],
			"faces": {
				"north": {"uv": [0, 0, 1, 1], "texture": "#1"},
				"east": {"uv": [0, 0, 1, 1], "texture": "#1"},
				"south": {"uv": [0, 0, 1, 1], "texture": "#1"},
				"west": {"uv": [0, 0, 1, 1], "texture": "#1"},
				"up": {"uv": [0, 0, 1, 1], "texture": "#1"},
				"down": {"uv": [0, 0, 1, 1], "texture": "#1"}
			}
		},
		{
			"from": [7.6, 5.5, 14.5],
			"to": [10.6, 6.5, 15.5],
			"faces": {
				"north": {"uv": [0, 2, 3, 3], "texture": "#1"},
				"east": {"uv": [2, 2, 3, 3], "texture": "#1"},
				"south": {"uv": [0, 2, 3, 3], "texture": "#1"},
				"west": {"uv": [0, 2, 1, 3], "texture": "#1"},
				"up": {"uv": [0, 2, 3, 3], "texture": "#1"},
				"down": {"uv": [0, 2, 3, 3], "texture": "#1"}
			}
		},
		{
			"from": [9.6, 4.5, 14.5],
			"to": [10.6, 5.5, 15.5],
			"faces": {
				"north": {"uv": [0, 0, 1, 1], "texture": "#1"},
				"east": {"uv": [0, 0, 1, 1], "texture": "#1"},
				"south": {"uv": [0, 0, 1, 1], "texture": "#1"},
				"west": {"uv": [0, 0, 1, 1], "texture": "#1"},
				"up": {"uv": [0, 0, 1, 1], "texture": "#1"},
				"down": {"uv": [0, 0, 1, 1], "texture": "#1"}
			}
		},
		{
			"from": [12.6, 4.5, 12.5],
			"to": [13.6, 7.5, 13.5],
			"faces": {
				"north": {"uv": [1, 0, 2, 3], "texture": "#missing"},
				"east": {"uv": [1, 0, 2, 3], "texture": "#1"},
				"south": {"uv": [1, 0, 2, 3], "texture": "#1"},
				"west": {"uv": [1, 0, 2, 3], "texture": "#missing"},
				"up": {"uv": [1, 0, 2, 1], "rotation": 90, "texture": "#1"},
				"down": {"uv": [1, 0, 2, 1], "rotation": 270, "texture": "#1"}
			}
		},
		{
			"from": [10.6, 5.5, 10.5],
			"to": [12.6, 7.5, 14.5],
			"faces": {
				"north": {"uv": [2, 0, 4, 2], "texture": "#missing"},
				"east": {"uv": [1, 0, 5, 2], "texture": "#1"},
				"south": {"uv": [2, 5, 4, 7], "texture": "#1"},
				"west": {"uv": [1, 0, 5, 2], "texture": "#missing"},
				"up": {"uv": [1, 0, 5, 2], "rotation": 90, "texture": "#1"},
				"down": {"uv": [1, 0, 5, 2], "rotation": 270, "texture": "#1"}
			}
		},
		{
			"from": [10.6, 6.5, 5.5],
			"to": [15.6, 7.5, 10.5],
			"faces": {
				"north": {"uv": [0, 0, 5, 1], "texture": "#1"},
				"east": {"uv": [6, 6, 11, 7], "texture": "#1"},
				"south": {"uv": [0, 0, 5, 1], "texture": "#1"},
				"west": {"uv": [0, 0, 5, 1], "texture": "#missing"},
				"up": {"uv": [0, 0, 5, 5], "rotation": 180, "texture": "#1"},
				"down": {"uv": [0, 0, 5, 5], "rotation": 180, "texture": "#1"}
			}
		},
		{
			"from": [12.6, 5.5, 10.5],
			"to": [14.6, 7.5, 12.5],
			"faces": {
				"north": {"uv": [0, 0, 2, 2], "texture": "#missing"},
				"east": {"uv": [7, 6, 9, 8], "texture": "#1"},
				"south": {"uv": [0, 0, 2, 2], "texture": "#1"},
				"west": {"uv": [0, 0, 2, 2], "texture": "#missing"},
				"up": {"uv": [0, 0, 2, 2], "rotation": 180, "texture": "#1"},
				"down": {"uv": [0, 0, 2, 2], "rotation": 180, "texture": "#1"}
			}
		},
		{
			"from": [14.6, 5.5, 9.5],
			"to": [15.6, 6.5, 10.5],
			"faces": {
				"north": {"uv": [0, 0, 1, 1], "texture": "#1"},
				"east": {"uv": [0, 0, 1, 1], "texture": "#1"},
				"south": {"uv": [0, 0, 1, 1], "texture": "#1"},
				"west": {"uv": [0, 0, 1, 1], "texture": "#1"},
				"up": {"uv": [0, 0, 1, 1], "texture": "#1"},
				"down": {"uv": [0, 0, 1, 1], "texture": "#1"}
			}
		},
		{
			"from": [14.6, 5.5, 5.5],
			"to": [15.6, 6.5, 8.5],
			"faces": {
				"north": {"uv": [0, 0, 1, 1], "texture": "#1"},
				"east": {"uv": [0, 0, 3, 1], "texture": "#1"},
				"south": {"uv": [0, 0, 1, 1], "texture": "#1"},
				"west": {"uv": [0, 0, 3, 1], "texture": "#missing"},
				"up": {"uv": [0, 0, 1, 3], "rotation": 180, "texture": "#missing"},
				"down": {"uv": [0, 0, 1, 3], "rotation": 180, "texture": "#1"}
			}
		},
		{
			"from": [14.6, 4.5, 5.5],
			"to": [15.6, 5.5, 6.5],
			"faces": {
				"north": {"uv": [0, 0, 1, 1], "texture": "#1"},
				"east": {"uv": [0, 0, 1, 1], "texture": "#1"},
				"south": {"uv": [0, 0, 1, 1], "texture": "#1"},
				"west": {"uv": [0, 0, 1, 1], "texture": "#1"},
				"up": {"uv": [0, 0, 1, 1], "texture": "#1"},
				"down": {"uv": [0, 0, 1, 1], "texture": "#1"}
			}
		},
		{
			"from": [12.6, 4.5, 2.5],
			"to": [13.6, 7.5, 3.5],
			"faces": {
				"north": {"uv": [1, 0, 2, 3], "texture": "#1"},
				"east": {"uv": [1, 0, 2, 3], "texture": "#1"},
				"south": {"uv": [1, 0, 2, 3], "texture": "#missing"},
				"west": {"uv": [1, 0, 2, 3], "texture": "#missing"},
				"up": {"uv": [1, 0, 2, 1], "texture": "#1"},
				"down": {"uv": [1, 0, 2, 1], "texture": "#1"}
			}
		},
		{
			"from": [12.6, 5.5, 3.5],
			"to": [14.6, 7.5, 5.5],
			"faces": {
				"north": {"uv": [5, 6, 7, 8], "texture": "#1"},
				"east": {"uv": [2, 0, 4, 2], "texture": "#1"},
				"south": {"uv": [1, 0, 3, 2], "texture": "#missing"},
				"west": {"uv": [2, 0, 4, 2], "texture": "#missing"},
				"up": {"uv": [1, 0, 3, 2], "texture": "#1"},
				"down": {"uv": [1, 0, 3, 2], "texture": "#1"}
			}
		},
		{
			"from": [5.6, 6.5, 0.5],
			"to": [10.6, 7.5, 15.5],
			"faces": {
				"north": {"uv": [0, 0, 5, 1], "texture": "#1"},
				"east": {"uv": [0, 0, 15, 1], "texture": "#1"},
				"south": {"uv": [0, 0, 5, 1], "texture": "#1"},
				"west": {"uv": [0, 0, 15, 1], "texture": "#1"},
				"up": {"uv": [0, 0, 15, 5], "rotation": 90, "texture": "#1"},
				"down": {"uv": [0, 0, 15, 5], "rotation": 270, "texture": "#1"}
			}
		},
		{
			"from": [10.6, 5.5, 1.5],
			"to": [12.6, 7.5, 5.5],
			"faces": {
				"north": {"uv": [0, 0, 2, 2], "texture": "#1"},
				"east": {"uv": [0, 0, 4, 2], "texture": "#1"},
				"south": {"uv": [0, 0, 2, 2], "texture": "#missing"},
				"west": {"uv": [0, 0, 4, 2], "texture": "#missing"},
				"up": {"uv": [0, 0, 4, 2], "rotation": 90, "texture": "#1"},
				"down": {"uv": [0, 0, 4, 2], "rotation": 270, "texture": "#1"}
			}
		},
		{
			"from": [9.6, 5.5, 0.5],
			"to": [10.6, 6.5, 1.5],
			"faces": {
				"north": {"uv": [0, 0, 1, 1], "texture": "#1"},
				"east": {"uv": [0, 0, 1, 1], "texture": "#1"},
				"south": {"uv": [0, 0, 1, 1], "texture": "#1"},
				"west": {"uv": [0, 0, 1, 1], "texture": "#1"},
				"up": {"uv": [0, 0, 1, 1], "texture": "#1"},
				"down": {"uv": [0, 0, 1, 1], "texture": "#1"}
			}
		},
		{
			"from": [5.6, 5.5, 0.5],
			"to": [8.6, 6.5, 1.5],
			"faces": {
				"north": {"uv": [3, 8, 6, 9], "texture": "#1"},
				"east": {"uv": [0, 0, 1, 1], "texture": "#1"},
				"south": {"uv": [0, 0, 3, 1], "texture": "#missing"},
				"west": {"uv": [0, 0, 1, 1], "texture": "#1"},
				"up": {"uv": [0, 0, 1, 3], "rotation": 90, "texture": "#missing"},
				"down": {"uv": [0, 0, 1, 3], "rotation": 270, "texture": "#1"}
			}
		},
		{
			"from": [5.6, 4.5, 0.5],
			"to": [6.6, 5.5, 1.5],
			"faces": {
				"north": {"uv": [0, 0, 1, 1], "texture": "#1"},
				"east": {"uv": [0, 0, 1, 1], "texture": "#1"},
				"south": {"uv": [0, 0, 1, 1], "texture": "#1"},
				"west": {"uv": [0, 0, 1, 1], "texture": "#1"},
				"up": {"uv": [0, 0, 1, 1], "texture": "#1"},
				"down": {"uv": [0, 0, 1, 1], "texture": "#1"}
			}
		},
		{
			"from": [2.6, 4.5, 2.5],
			"to": [3.6, 7.5, 3.5],
			"faces": {
				"north": {"uv": [1, 0, 2, 3], "texture": "#1"},
				"east": {"uv": [1, 0, 2, 3], "texture": "#missing"},
				"south": {"uv": [1, 0, 2, 3], "texture": "#missing"},
				"west": {"uv": [1, 0, 2, 3], "texture": "#1"},
				"up": {"uv": [1, 0, 2, 1], "rotation": 270, "texture": "#1"},
				"down": {"uv": [1, 0, 2, 1], "rotation": 90, "texture": "#1"}
			}
		},
		{
			"from": [3.6, 5.5, 1.5],
			"to": [5.6, 7.5, 5.5],
			"faces": {
				"north": {"uv": [2, 0, 4, 2], "texture": "#1"},
				"east": {"uv": [1, 0, 5, 2], "texture": "#missing"},
				"south": {"uv": [2, 0, 4, 2], "texture": "#missing"},
				"west": {"uv": [2, 4, 6, 6], "texture": "#1"},
				"up": {"uv": [1, 0, 5, 2], "rotation": 270, "texture": "#1"},
				"down": {"uv": [1, 0, 5, 2], "rotation": 90, "texture": "#1"}
			}
		},
		{
			"from": [0.6, 6.5, 5.5],
			"to": [5.6, 7.5, 10.5],
			"faces": {
				"north": {"uv": [0, 0, 5, 1], "texture": "#1"},
				"east": {"uv": [0, 0, 5, 1], "texture": "#missing"},
				"south": {"uv": [0, 0, 5, 1], "texture": "#1"},
				"west": {"uv": [0, 0, 5, 1], "texture": "#1"},
				"up": {"uv": [0, 0, 5, 5], "texture": "#1"},
				"down": {"uv": [0, 0, 5, 5], "texture": "#1"}
			}
		},
		{
			"from": [1.6, 5.5, 3.5],
			"to": [3.6, 7.5, 5.5],
			"faces": {
				"north": {"uv": [0, 0, 2, 2], "texture": "#1"},
				"east": {"uv": [0, 0, 2, 2], "texture": "#missing"},
				"south": {"uv": [0, 0, 2, 2], "texture": "#missing"},
				"west": {"uv": [0, 0, 2, 2], "texture": "#1"},
				"up": {"uv": [0, 0, 2, 2], "texture": "#1"},
				"down": {"uv": [0, 0, 2, 2], "texture": "#1"}
			}
		},
		{
			"from": [0.6, 5.5, 5.5],
			"to": [1.6, 6.5, 6.5],
			"faces": {
				"north": {"uv": [0, 0, 1, 1], "texture": "#1"},
				"east": {"uv": [0, 0, 1, 1], "texture": "#1"},
				"south": {"uv": [0, 0, 1, 1], "texture": "#1"},
				"west": {"uv": [0, 0, 1, 1], "texture": "#1"},
				"up": {"uv": [0, 0, 1, 1], "texture": "#1"},
				"down": {"uv": [0, 0, 1, 1], "texture": "#1"}
			}
		},
		{
			"from": [0.6, 5.5, 7.5],
			"to": [1.6, 6.5, 10.5],
			"faces": {
				"north": {"uv": [0, 0, 1, 1], "texture": "#1"},
				"east": {"uv": [0, 0, 3, 1], "texture": "#1"},
				"south": {"uv": [0, 0, 1, 1], "texture": "#1"},
				"west": {"uv": [0, 0, 3, 1], "texture": "#1"},
				"up": {"uv": [0, 0, 3, 1], "texture": "#1"},
				"down": {"uv": [0, 0, 1, 3], "texture": "#1"}
			}
		},
		{
			"from": [0.6, 4.5, 9.5],
			"to": [1.6, 5.5, 10.5],
			"faces": {
				"north": {"uv": [0, 0, 1, 1], "texture": "#1"},
				"east": {"uv": [0, 0, 1, 1], "texture": "#1"},
				"south": {"uv": [0, 0, 1, 1], "texture": "#1"},
				"west": {"uv": [0, 0, 1, 1], "texture": "#1"},
				"up": {"uv": [0, 0, 1, 1], "texture": "#1"},
				"down": {"uv": [0, 0, 1, 1], "texture": "#1"}
			}
		},
		{
			"from": [2.6, 2.5, 3.5],
			"to": [3.6, 3.5, 5.5],
			"faces": {
				"north": {"uv": [1, 0, 2, 1], "texture": "#2"},
				"east": {"uv": [0, 0, 6, 2], "texture": "#2"},
				"south": {"uv": [0, 0, 6, 2], "texture": "#2"},
				"west": {"uv": [3, 2, 5, 3], "texture": "#2"},
				"up": {"uv": [0, 0, 6, 2], "texture": "#2"},
				"down": {"uv": [0, 0, 6, 2], "texture": "#2"}
			}
		},
		{
			"from": [5.6, 2.5, 1.5],
			"to": [10.6, 3.5, 2.5],
			"faces": {
				"north": {"uv": [0, 0, 6, 1], "texture": "#2"},
				"east": {"uv": [0, 0, 1, 1], "texture": "#2"},
				"south": {"uv": [0, 0, 6, 2], "texture": "#2"},
				"west": {"uv": [0, 2, 1, 3], "texture": "#2"},
				"up": {"uv": [0, 0, 6, 2], "texture": "#2"},
				"down": {"uv": [0, 0, 6, 2], "texture": "#2"}
			}
		},
		{
			"from": [3.6, 2.5, 2.5],
			"to": [5.6, 3.5, 3.5],
			"faces": {
				"north": {"uv": [2, 5, 4, 6], "texture": "#2"},
				"east": {"uv": [0, 0, 6, 2], "texture": "#2"},
				"south": {"uv": [0, 0, 6, 2], "texture": "#2"},
				"west": {"uv": [5, 1, 6, 2], "texture": "#2"},
				"up": {"uv": [0, 0, 6, 2], "texture": "#2"},
				"down": {"uv": [0, 0, 6, 2], "texture": "#2"}
			}
		},
		{
			"from": [10.6, 2.5, 2.5],
			"to": [12.6, 3.5, 3.5],
			"faces": {
				"north": {"uv": [2, 0, 4, 1], "texture": "#2"},
				"east": {"uv": [5, 0, 6, 1], "texture": "#2"},
				"south": {"uv": [0, 0, 6, 2], "texture": "#2"},
				"west": {"uv": [0, 0, 6, 2], "texture": "#2"},
				"up": {"uv": [0, 0, 6, 2], "texture": "#2"},
				"down": {"uv": [0, 0, 6, 2], "texture": "#2"}
			}
		},
		{
			"from": [13.6, 2.5, 5.5],
			"to": [14.6, 3.5, 10.5],
			"faces": {
				"north": {"uv": [0, 1, 1, 2], "texture": "#2"},
				"east": {"uv": [0, 1, 6, 2], "texture": "#2"},
				"south": {"uv": [5, 1, 6, 2], "texture": "#2"},
				"west": {"uv": [0, 0, 6, 2], "texture": "#2"},
				"up": {"uv": [0, 0, 6, 2], "texture": "#2"},
				"down": {"uv": [0, 0, 6, 2], "texture": "#2"}
			}
		},
		{
			"from": [12.6, 2.5, 3.5],
			"to": [13.6, 3.5, 5.5],
			"faces": {
				"north": {"uv": [2, 0, 3, 1], "texture": "#2"},
				"east": {"uv": [2, 1, 4, 2], "texture": "#2"},
				"south": {"uv": [0, 0, 6, 2], "texture": "#2"},
				"west": {"uv": [0, 0, 6, 2], "texture": "#2"},
				"up": {"uv": [0, 0, 6, 2], "texture": "#2"},
				"down": {"uv": [0, 0, 6, 2], "texture": "#2"}
			}
		},
		{
			"from": [12.6, 2.5, 10.5],
			"to": [13.6, 3.5, 12.5],
			"faces": {
				"north": {"uv": [0, 0, 6, 2], "texture": "#2"},
				"east": {"uv": [3, 1, 5, 2], "texture": "#2"},
				"south": {"uv": [5, 1, 6, 2], "texture": "#2"},
				"west": {"uv": [0, 0, 6, 2], "texture": "#2"},
				"up": {"uv": [0, 0, 6, 2], "texture": "#2"},
				"down": {"uv": [0, 0, 6, 2], "texture": "#2"}
			}
		},
		{
			"from": [5.6, 2.5, 13.5],
			"to": [10.6, 3.5, 14.5],
			"faces": {
				"north": {"uv": [0, 0, 6, 2], "texture": "#2"},
				"east": {"uv": [0, 2, 1, 3], "texture": "#2"},
				"south": {"uv": [0, 2, 6, 3], "texture": "#2"},
				"west": {"uv": [0, 5, 1, 6], "texture": "#2"},
				"up": {"uv": [0, 0, 6, 2], "texture": "#2"},
				"down": {"uv": [0, 0, 6, 2], "texture": "#2"}
			}
		},
		{
			"from": [10.6, 2.5, 12.5],
			"to": [12.6, 3.5, 13.5],
			"faces": {
				"north": {"uv": [0, 0, 6, 2], "texture": "#2"},
				"east": {"uv": [4, 0, 5, 1], "texture": "#2"},
				"south": {"uv": [3, 2, 5, 3], "texture": "#2"},
				"west": {"uv": [0, 0, 6, 2], "texture": "#2"},
				"up": {"uv": [0, 0, 6, 2], "texture": "#2"},
				"down": {"uv": [0, 0, 6, 2], "texture": "#2"}
			}
		},
		{
			"from": [3.6, 2.5, 12.5],
			"to": [5.6, 3.5, 13.5],
			"faces": {
				"north": {"uv": [0, 0, 6, 2], "texture": "#2"},
				"east": {"uv": [0, 0, 6, 2], "texture": "#2"},
				"south": {"uv": [4, 1, 6, 2], "texture": "#2"},
				"west": {"uv": [1, 0, 2, 1], "texture": "#2"},
				"up": {"uv": [0, 0, 6, 2], "texture": "#2"},
				"down": {"uv": [0, 0, 6, 2], "texture": "#2"}
			}
		},
		{
			"from": [1.6, 2.5, 5.5],
			"to": [2.6, 3.5, 10.5],
			"faces": {
				"north": {"uv": [0, 2, 1, 3], "texture": "#2"},
				"east": {"uv": [0, 0, 6, 2], "texture": "#2"},
				"south": {"uv": [1, 0, 2, 1], "texture": "#2"},
				"west": {"uv": [0, 4, 6, 5], "texture": "#2"},
				"up": {"uv": [0, 0, 6, 2], "texture": "#2"},
				"down": {"uv": [0, 0, 6, 2], "texture": "#2"}
			}
		},
		{
			"from": [2.6, 2.5, 10.5],
			"to": [3.6, 3.5, 12.5],
			"faces": {
				"north": {"uv": [0, 0, 6, 2], "texture": "#2"},
				"east": {"uv": [0, 0, 6, 2], "texture": "#2"},
				"south": {"uv": [5, 1, 6, 2], "texture": "#2"},
				"west": {"uv": [10, 0, 12, 1], "texture": "#2"},
				"up": {"uv": [0, 0, 6, 2], "texture": "#2"},
				"down": {"uv": [0, 0, 6, 2], "texture": "#2"}
			}
		},
		{
			"from": [2.6, 3.5, 3.5],
			"to": [3.6, 4.5, 5.5],
			"faces": {
				"north": {"uv": [1, 0, 2, 1], "texture": "#1"},
				"east": {"uv": [0, 0, 6, 2], "texture": "#1"},
				"south": {"uv": [0, 0, 6, 2], "texture": "#1"},
				"west": {"uv": [3, 2, 5, 3], "texture": "#1"},
				"up": {"uv": [0, 0, 6, 2], "texture": "#1"},
				"down": {"uv": [0, 0, 6, 2], "texture": "#1"}
			}
		},
		{
			"from": [5.6, 3.5, 1.5],
			"to": [10.6, 4.5, 2.5],
			"faces": {
				"north": {"uv": [0, 0, 6, 1], "texture": "#1"},
				"east": {"uv": [0, 0, 1, 1], "texture": "#1"},
				"south": {"uv": [0, 0, 6, 2], "texture": "#1"},
				"west": {"uv": [0, 2, 1, 3], "texture": "#1"},
				"up": {"uv": [0, 0, 6, 2], "texture": "#1"},
				"down": {"uv": [0, 0, 6, 2], "texture": "#1"}
			}
		},
		{
			"from": [3.6, 3.5, 2.5],
			"to": [5.6, 4.5, 3.5],
			"faces": {
				"north": {"uv": [2, 5, 4, 6], "texture": "#1"},
				"east": {"uv": [0, 0, 6, 2], "texture": "#1"},
				"south": {"uv": [0, 0, 6, 2], "texture": "#1"},
				"west": {"uv": [5, 1, 6, 2], "texture": "#1"},
				"up": {"uv": [0, 0, 6, 2], "texture": "#1"},
				"down": {"uv": [0, 0, 6, 2], "texture": "#1"}
			}
		},
		{
			"from": [10.6, 3.5, 2.5],
			"to": [12.6, 4.5, 3.5],
			"faces": {
				"north": {"uv": [2, 0, 4, 1], "texture": "#1"},
				"east": {"uv": [5, 0, 6, 1], "texture": "#1"},
				"south": {"uv": [0, 0, 6, 2], "texture": "#1"},
				"west": {"uv": [0, 0, 6, 2], "texture": "#1"},
				"up": {"uv": [0, 0, 6, 2], "texture": "#1"},
				"down": {"uv": [0, 0, 6, 2], "texture": "#1"}
			}
		},
		{
			"from": [13.6, 3.5, 5.5],
			"to": [14.6, 4.5, 10.5],
			"faces": {
				"north": {"uv": [0, 1, 1, 2], "texture": "#1"},
				"east": {"uv": [0, 1, 6, 2], "texture": "#1"},
				"south": {"uv": [5, 1, 6, 2], "texture": "#1"},
				"west": {"uv": [0, 0, 6, 2], "texture": "#1"},
				"up": {"uv": [0, 0, 6, 2], "texture": "#1"},
				"down": {"uv": [0, 0, 6, 2], "texture": "#1"}
			}
		},
		{
			"from": [12.6, 3.5, 3.5],
			"to": [13.6, 4.5, 5.5],
			"faces": {
				"north": {"uv": [2, 0, 3, 1], "texture": "#1"},
				"east": {"uv": [2, 1, 4, 2], "texture": "#1"},
				"south": {"uv": [0, 0, 6, 2], "texture": "#1"},
				"west": {"uv": [0, 0, 6, 2], "texture": "#1"},
				"up": {"uv": [0, 0, 6, 2], "texture": "#1"},
				"down": {"uv": [0, 0, 6, 2], "texture": "#1"}
			}
		},
		{
			"from": [12.6, 3.5, 10.5],
			"to": [13.6, 4.5, 12.5],
			"faces": {
				"north": {"uv": [0, 0, 6, 2], "texture": "#1"},
				"east": {"uv": [3, 1, 5, 2], "texture": "#1"},
				"south": {"uv": [5, 1, 6, 2], "texture": "#1"},
				"west": {"uv": [0, 0, 6, 2], "texture": "#1"},
				"up": {"uv": [0, 0, 6, 2], "texture": "#1"},
				"down": {"uv": [0, 0, 6, 2], "texture": "#1"}
			}
		},
		{
			"from": [5.6, 3.5, 13.5],
			"to": [10.6, 4.5, 14.5],
			"faces": {
				"north": {"uv": [0, 0, 6, 2], "texture": "#1"},
				"east": {"uv": [0, 2, 1, 3], "texture": "#1"},
				"south": {"uv": [0, 2, 6, 3], "texture": "#1"},
				"west": {"uv": [0, 5, 1, 6], "texture": "#1"},
				"up": {"uv": [0, 0, 6, 2], "texture": "#1"},
				"down": {"uv": [0, 0, 6, 2], "texture": "#1"}
			}
		},
		{
			"from": [10.6, 3.5, 12.5],
			"to": [12.6, 4.5, 13.5],
			"faces": {
				"north": {"uv": [0, 0, 6, 2], "texture": "#1"},
				"east": {"uv": [4, 0, 5, 1], "texture": "#1"},
				"south": {"uv": [3, 2, 5, 3], "texture": "#1"},
				"west": {"uv": [0, 0, 6, 2], "texture": "#1"},
				"up": {"uv": [0, 0, 6, 2], "texture": "#1"},
				"down": {"uv": [0, 0, 6, 2], "texture": "#1"}
			}
		},
		{
			"from": [3.6, 3.5, 12.5],
			"to": [5.6, 4.5, 13.5],
			"faces": {
				"north": {"uv": [0, 0, 6, 2], "texture": "#1"},
				"east": {"uv": [0, 0, 6, 2], "texture": "#1"},
				"south": {"uv": [4, 1, 6, 2], "texture": "#1"},
				"west": {"uv": [1, 0, 2, 1], "texture": "#1"},
				"up": {"uv": [0, 0, 6, 2], "texture": "#1"},
				"down": {"uv": [0, 0, 6, 2], "texture": "#1"}
			}
		},
		{
			"from": [1.6, 3.5, 5.5],
			"to": [2.6, 4.5, 10.5],
			"faces": {
				"north": {"uv": [0, 2, 1, 3], "texture": "#1"},
				"east": {"uv": [0, 0, 6, 2], "texture": "#1"},
				"south": {"uv": [1, 0, 2, 1], "texture": "#1"},
				"west": {"uv": [0, 4, 6, 5], "texture": "#1"},
				"up": {"uv": [0, 0, 6, 2], "texture": "#1"},
				"down": {"uv": [0, 0, 6, 2], "texture": "#1"}
			}
		},
		{
			"from": [2.6, 3.5, 10.5],
			"to": [3.6, 4.5, 12.5],
			"faces": {
				"north": {"uv": [0, 0, 6, 2], "texture": "#1"},
				"east": {"uv": [0, 0, 6, 2], "texture": "#1"},
				"south": {"uv": [5, 1, 6, 2], "texture": "#1"},
				"west": {"uv": [10, 0, 12, 1], "texture": "#1"},
				"up": {"uv": [0, 0, 6, 2], "texture": "#1"},
				"down": {"uv": [0, 0, 6, 2], "texture": "#1"}
			}
		},
		{
			"from": [2.6, 0.5, 3.5],
			"to": [3.6, 2.5, 5.5],
			"faces": {
				"north": {"uv": [14, 10, 15, 12], "texture": "#3"},
				"east": {"uv": [1, 2, 15, 6], "texture": "#3"},
				"south": {"uv": [1, 3, 15, 7], "texture": "#3"},
				"west": {"uv": [13, 10, 15, 12], "texture": "#3"},
				"up": {"uv": [1, 4, 15, 7], "texture": "#3"},
				"down": {"uv": [1, 3, 15, 7], "texture": "#3"}
			}
		},
		{
			"from": [5.6, 0.5, 1.5],
			"to": [10.6, 2.5, 2.5],
			"faces": {
				"north": {"uv": [1, 10, 6, 12], "texture": "#3"},
				"east": {"uv": [14, 10, 15, 12], "texture": "#3"},
				"south": {"uv": [1, 4, 15, 8], "texture": "#3"},
				"west": {"uv": [1, 10, 2, 12], "texture": "#3"},
				"up": {"uv": [1, 4, 15, 7], "texture": "#3"},
				"down": {"uv": [1, 3, 15, 7], "texture": "#3"}
			}
		},
		{
			"from": [3.6, 0.5, 2.5],
			"to": [5.6, 2.5, 3.5],
			"faces": {
				"north": {"uv": [13, 12, 15, 14], "texture": "#3"},
				"east": {"uv": [1, 3, 15, 7], "texture": "#3"},
				"south": {"uv": [1, 3, 15, 7], "texture": "#3"},
				"west": {"uv": [7, 10, 8, 12], "texture": "#3"},
				"up": {"uv": [1, 4, 15, 7], "texture": "#3"},
				"down": {"uv": [1, 3, 15, 7], "texture": "#3"}
			}
		},
		{
			"from": [10.6, 0.5, 2.5],
			"to": [12.6, 2.5, 3.5],
			"faces": {
				"north": {"uv": [12, 12, 14, 14], "texture": "#3"},
				"east": {"uv": [1, 12, 2, 14], "texture": "#3"},
				"south": {"uv": [1, 10, 15, 14], "texture": "#3"},
				"west": {"uv": [1, 10, 15, 14], "texture": "#3"},
				"up": {"uv": [1, 4, 15, 7], "texture": "#3"},
				"down": {"uv": [1, 3, 15, 7], "texture": "#3"}
			}
		},
		{
			"from": [13.6, 0.5, 5.5],
			"to": [14.6, 2.5, 10.5],
			"faces": {
				"north": {"uv": [3, 12, 4, 14], "texture": "#3"},
				"east": {"uv": [8, 12, 13, 14], "texture": "#3"},
				"south": {"uv": [7, 12, 8, 14], "texture": "#3"},
				"west": {"uv": [1, 10, 15, 14], "texture": "#3"},
				"up": {"uv": [1, 4, 15, 7], "texture": "#3"},
				"down": {"uv": [1, 3, 15, 7], "texture": "#3"}
			}
		},
		{
			"from": [12.6, 0.5, 3.5],
			"to": [13.6, 2.5, 5.5],
			"faces": {
				"north": {"uv": [2, 12, 3, 14], "texture": "#3"},
				"east": {"uv": [2, 12, 4, 14], "texture": "#3"},
				"south": {"uv": [1, 10, 15, 14], "texture": "#3"},
				"west": {"uv": [1, 10, 15, 14], "texture": "#3"},
				"up": {"uv": [1, 4, 15, 7], "texture": "#3"},
				"down": {"uv": [1, 3, 15, 7], "texture": "#3"}
			}
		},
		{
			"from": [12.6, 0.5, 10.5],
			"to": [13.6, 2.5, 12.5],
			"faces": {
				"north": {"uv": [1, 10, 15, 14], "texture": "#3"},
				"east": {"uv": [8, 12, 10, 14], "texture": "#3"},
				"south": {"uv": [8, 12, 9, 14], "texture": "#3"},
				"west": {"uv": [1, 10, 15, 14], "texture": "#3"},
				"up": {"uv": [1, 4, 15, 7], "texture": "#3"},
				"down": {"uv": [1, 3, 15, 7], "texture": "#3"}
			}
		},
		{
			"from": [5.6, 0.5, 13.5],
			"to": [10.6, 2.5, 14.5],
			"faces": {
				"north": {"uv": [1, 10, 15, 14], "texture": "#3"},
				"east": {"uv": [14, 12, 15, 14], "texture": "#3"},
				"south": {"uv": [10, 11, 15, 13], "texture": "#3"},
				"west": {"uv": [1, 11, 2, 13], "texture": "#3"},
				"up": {"uv": [1, 4, 15, 7], "texture": "#3"},
				"down": {"uv": [1, 3, 15, 7], "texture": "#3"}
			}
		},
		{
			"from": [10.6, 0.5, 12.5],
			"to": [12.6, 2.5, 13.5],
			"faces": {
				"north": {"uv": [1, 10, 15, 14], "texture": "#3"},
				"east": {"uv": [14, 12, 15, 14], "texture": "#3"},
				"south": {"uv": [13, 12, 15, 14], "texture": "#3"},
				"west": {"uv": [1, 10, 15, 14], "texture": "#3"},
				"up": {"uv": [1, 4, 15, 7], "texture": "#3"},
				"down": {"uv": [1, 3, 15, 7], "texture": "#3"}
			}
		},
		{
			"from": [3.6, 0.5, 12.5],
			"to": [5.6, 2.5, 13.5],
			"faces": {
				"north": {"uv": [1, 10, 15, 14], "texture": "#3"},
				"east": {"uv": [1, 10, 15, 14], "texture": "#3"},
				"south": {"uv": [1, 12, 3, 14], "texture": "#3"},
				"west": {"uv": [1, 12, 2, 14], "texture": "#3"},
				"up": {"uv": [1, 4, 15, 7], "texture": "#3"},
				"down": {"uv": [1, 3, 15, 7], "texture": "#3"}
			}
		},
		{
			"from": [1.6, 0.5, 5.5],
			"to": [2.6, 2.5, 10.5],
			"faces": {
				"north": {"uv": [14, 10, 15, 12], "texture": "#3"},
				"east": {"uv": [1, 5, 15, 6], "texture": "#3"},
				"south": {"uv": [14, 12, 15, 14], "texture": "#3"},
				"west": {"uv": [1, 12, 6, 14], "texture": "#3"},
				"up": {"uv": [1, 4, 15, 7], "texture": "#3"},
				"down": {"uv": [1, 3, 15, 7], "texture": "#3"}
			}
		},
		{
			"from": [2.6, 0.5, 10.5],
			"to": [3.6, 2.5, 12.5],
			"faces": {
				"north": {"uv": [1, 10, 15, 14], "texture": "#3"},
				"east": {"uv": [1, 10, 15, 14], "texture": "#3"},
				"south": {"uv": [1, 12, 2, 14], "texture": "#3"},
				"west": {"uv": [1, 12, 3, 14], "texture": "#3"},
				"up": {"uv": [1, 4, 15, 7], "texture": "#3"},
				"down": {"uv": [1, 3, 15, 7], "texture": "#3"}
			}
		},
		{
			"from": [2.6, 4.5, 3.5],
			"to": [3.6, 6.5, 5.5],
			"faces": {
				"north": {"uv": [14, 10, 15, 12], "texture": "#3"},
				"east": {"uv": [1, 2, 15, 6], "texture": "#3"},
				"south": {"uv": [1, 3, 15, 7], "texture": "#3"},
				"west": {"uv": [13, 10, 15, 12], "texture": "#3"},
				"up": {"uv": [1, 4, 15, 7], "texture": "#3"},
				"down": {"uv": [1, 3, 15, 7], "texture": "#3"}
			}
		},
		{
			"from": [5.6, 4.5, 1.5],
			"to": [10.6, 6.5, 2.5],
			"faces": {
				"north": {"uv": [1, 10, 6, 12], "texture": "#3"},
				"east": {"uv": [14, 10, 15, 12], "texture": "#3"},
				"south": {"uv": [1, 4, 15, 8], "texture": "#3"},
				"west": {"uv": [1, 10, 2, 12], "texture": "#3"},
				"up": {"uv": [1, 4, 15, 7], "texture": "#3"},
				"down": {"uv": [1, 3, 15, 7], "texture": "#3"}
			}
		},
		{
			"from": [3.6, 4.5, 2.5],
			"to": [5.6, 6.5, 3.5],
			"faces": {
				"north": {"uv": [13, 12, 15, 14], "texture": "#3"},
				"east": {"uv": [1, 3, 15, 7], "texture": "#3"},
				"south": {"uv": [1, 3, 15, 7], "texture": "#3"},
				"west": {"uv": [7, 10, 8, 12], "texture": "#3"},
				"up": {"uv": [1, 4, 15, 7], "texture": "#3"},
				"down": {"uv": [1, 3, 15, 7], "texture": "#3"}
			}
		},
		{
			"from": [10.6, 4.5, 2.5],
			"to": [12.6, 6.5, 3.5],
			"faces": {
				"north": {"uv": [12, 12, 14, 14], "texture": "#3"},
				"east": {"uv": [1, 12, 2, 14], "texture": "#3"},
				"south": {"uv": [1, 10, 15, 14], "texture": "#3"},
				"west": {"uv": [1, 10, 15, 14], "texture": "#3"},
				"up": {"uv": [1, 4, 15, 7], "texture": "#3"},
				"down": {"uv": [1, 3, 15, 7], "texture": "#3"}
			}
		},
		{
			"from": [13.6, 4.5, 5.5],
			"to": [14.6, 6.5, 10.5],
			"faces": {
				"north": {"uv": [3, 12, 4, 14], "texture": "#3"},
				"east": {"uv": [8, 12, 13, 14], "texture": "#3"},
				"south": {"uv": [7, 12, 8, 14], "texture": "#3"},
				"west": {"uv": [1, 10, 15, 14], "texture": "#3"},
				"up": {"uv": [1, 4, 15, 7], "texture": "#3"},
				"down": {"uv": [1, 3, 15, 7], "texture": "#3"}
			}
		},
		{
			"from": [12.6, 4.5, 3.5],
			"to": [13.6, 6.5, 5.5],
			"faces": {
				"north": {"uv": [2, 12, 3, 14], "texture": "#3"},
				"east": {"uv": [2, 12, 4, 14], "texture": "#3"},
				"south": {"uv": [1, 10, 15, 14], "texture": "#3"},
				"west": {"uv": [1, 10, 15, 14], "texture": "#3"},
				"up": {"uv": [1, 4, 15, 7], "texture": "#3"},
				"down": {"uv": [1, 3, 15, 7], "texture": "#3"}
			}
		},
		{
			"from": [12.6, 4.5, 10.5],
			"to": [13.6, 6.5, 12.5],
			"faces": {
				"north": {"uv": [1, 10, 15, 14], "texture": "#3"},
				"east": {"uv": [8, 12, 10, 14], "texture": "#3"},
				"south": {"uv": [8, 12, 9, 14], "texture": "#3"},
				"west": {"uv": [1, 10, 15, 14], "texture": "#3"},
				"up": {"uv": [1, 4, 15, 7], "texture": "#3"},
				"down": {"uv": [1, 3, 15, 7], "texture": "#3"}
			}
		},
		{
			"from": [5.6, 4.5, 13.5],
			"to": [10.6, 6.5, 14.5],
			"faces": {
				"north": {"uv": [1, 10, 15, 14], "texture": "#3"},
				"east": {"uv": [14, 12, 15, 14], "texture": "#3"},
				"south": {"uv": [10, 11, 15, 13], "texture": "#3"},
				"west": {"uv": [1, 11, 2, 13], "texture": "#3"},
				"up": {"uv": [1, 4, 15, 7], "texture": "#3"},
				"down": {"uv": [1, 3, 15, 7], "texture": "#3"}
			}
		},
		{
			"from": [10.6, 4.5, 12.5],
			"to": [12.6, 6.5, 13.5],
			"faces": {
				"north": {"uv": [1, 10, 15, 14], "texture": "#3"},
				"east": {"uv": [14, 12, 15, 14], "texture": "#3"},
				"south": {"uv": [13, 12, 15, 14], "texture": "#3"},
				"west": {"uv": [1, 10, 15, 14], "texture": "#3"},
				"up": {"uv": [1, 4, 15, 7], "texture": "#3"},
				"down": {"uv": [1, 3, 15, 7], "texture": "#3"}
			}
		},
		{
			"from": [3.6, 4.5, 12.5],
			"to": [5.6, 6.5, 13.5],
			"faces": {
				"north": {"uv": [1, 10, 15, 14], "texture": "#3"},
				"east": {"uv": [1, 10, 15, 14], "texture": "#3"},
				"south": {"uv": [1, 12, 3, 14], "texture": "#3"},
				"west": {"uv": [1, 12, 2, 14], "texture": "#3"},
				"up": {"uv": [1, 4, 15, 7], "texture": "#3"},
				"down": {"uv": [1, 3, 15, 7], "texture": "#3"}
			}
		},
		{
			"from": [1.6, 4.5, 5.5],
			"to": [2.6, 6.5, 10.5],
			"faces": {
				"north": {"uv": [14, 10, 15, 12], "texture": "#3"},
				"east": {"uv": [1, 5, 15, 6], "texture": "#3"},
				"south": {"uv": [14, 12, 15, 14], "texture": "#3"},
				"west": {"uv": [1, 12, 6, 14], "texture": "#3"},
				"up": {"uv": [1, 4, 15, 7], "texture": "#3"},
				"down": {"uv": [1, 3, 15, 7], "texture": "#3"}
			}
		},
		{
			"from": [2.6, 4.5, 10.5],
			"to": [3.6, 6.5, 12.5],
			"faces": {
				"north": {"uv": [1, 10, 15, 14], "texture": "#3"},
				"east": {"uv": [1, 10, 15, 14], "texture": "#3"},
				"south": {"uv": [1, 12, 2, 14], "texture": "#3"},
				"west": {"uv": [1, 12, 3, 14], "texture": "#3"},
				"up": {"uv": [1, 4, 15, 7], "texture": "#3"},
				"down": {"uv": [1, 3, 15, 7], "texture": "#3"}
			}
		},
		{
			"from": [3, 0, 0],
			"to": [13, 0.5, 16],
			"faces": {
				"north": {"uv": [0, 0, 10, 0.5], "texture": "#5"},
				"east": {"uv": [0, 0, 16, 0.5], "texture": "#5"},
				"south": {"uv": [0, 0, 10, 0.5], "texture": "#5"},
				"west": {"uv": [0, 0, 16, 0.5], "texture": "#5"},
				"up": {"uv": [0, 0, 10, 16], "texture": "#5"},
				"down": {"uv": [0, 0, 10, 16], "texture": "#5"}
			}
		},
		{
			"from": [13, 0, 3],
			"to": [16, 0.5, 13],
			"faces": {
				"north": {"uv": [0, 0, 3, 1], "texture": "#5"},
				"east": {"uv": [0, 0, 10, 1], "texture": "#5"},
				"south": {"uv": [0, 0, 3, 1], "texture": "#5"},
				"west": {"uv": [0, 0, 10, 1], "texture": "#5"},
				"up": {"uv": [13, 0, 16, 10], "texture": "#5"},
				"down": {"uv": [0, 0, 3, 10], "texture": "#5"}
			}
		},
		{
			"from": [0, 0, 3],
			"to": [3, 0.5, 13],
			"faces": {
				"north": {"uv": [0, 0, 3, 0.5], "texture": "#5"},
				"east": {"uv": [0, 0, 10, 0.5], "texture": "#5"},
				"south": {"uv": [0, 0, 3, 0.5], "texture": "#5"},
				"west": {"uv": [0, 0, 10, 0.5], "texture": "#5"},
				"up": {"uv": [0, 0, 3, 10], "texture": "#5"},
				"down": {"uv": [0, 0, 3, 10], "texture": "#5"}
			}
		},
		{
			"from": [1, 0, 13],
			"to": [3, 0.5, 15],
			"faces": {
				"north": {"uv": [0, 0, 2, 0.5], "texture": "#5"},
				"east": {"uv": [0, 0, 2, 0.5], "texture": "#5"},
				"south": {"uv": [0, 0, 2, 0.5], "texture": "#5"},
				"west": {"uv": [0, 0, 2, 0.5], "texture": "#5"},
				"up": {"uv": [0, 0, 2, 2], "texture": "#5"},
				"down": {"uv": [0, 0, 2, 2], "texture": "#5"}
			}
		},
		{
			"from": [13, 0, 13],
			"to": [15, 0.5, 15],
			"faces": {
				"north": {"uv": [0, 0, 2, 0.5], "texture": "#5"},
				"east": {"uv": [0, 0, 2, 0.5], "texture": "#5"},
				"south": {"uv": [0, 0, 2, 0.5], "texture": "#5"},
				"west": {"uv": [0, 0, 2, 0.5], "texture": "#5"},
				"up": {"uv": [0, 0, 2, 2], "texture": "#5"},
				"down": {"uv": [0, 0, 2, 2], "texture": "#5"}
			}
		},
		{
			"from": [13, 0, 1],
			"to": [15, 0.5, 3],
			"faces": {
				"north": {"uv": [0, 0, 2, 0.5], "texture": "#5"},
				"east": {"uv": [0, 0, 2, 0.5], "texture": "#5"},
				"south": {"uv": [0, 0, 2, 0.5], "texture": "#5"},
				"west": {"uv": [0, 0, 2, 0.5], "texture": "#5"},
				"up": {"uv": [0, 0, 2, 2], "texture": "#5"},
				"down": {"uv": [0, 0, 2, 2], "texture": "#5"}
			}
		},
		{
			"from": [1, 0, 1],
			"to": [3, 0.5, 3],
			"faces": {
				"north": {"uv": [0, 0, 2, 0.5], "texture": "#5"},
				"east": {"uv": [0, 0, 2, 0.5], "texture": "#5"},
				"south": {"uv": [0, 0, 2, 0.5], "texture": "#5"},
				"west": {"uv": [0, 0, 2, 0.5], "texture": "#5"},
				"up": {"uv": [0, 0, 2, 2], "texture": "#5"},
				"down": {"uv": [0, 0, 2, 2], "texture": "#5"}
			}
		},
		{
			"from": [0, 0.5, 1],
			"to": [1, 0.9, 3],
			"faces": {
				"north": {"uv": [0, 0, 1, 1], "texture": "#5"},
				"east": {"uv": [0, 0, 2, 1], "texture": "#5"},
				"south": {"uv": [0, 0, 1, 1], "texture": "#5"},
				"west": {"uv": [0, 0, 2, 1], "texture": "#5"},
				"up": {"uv": [3, 1, 4, 3], "texture": "#5"},
				"down": {"uv": [5, 3, 6, 5], "texture": "#5"}
			}
		},
		{
			"from": [-1, 0.5, 3],
			"to": [0, 0.9, 13],
			"faces": {
				"north": {"uv": [0, 0, 1, 1], "texture": "#5"},
				"east": {"uv": [0, 0, 10, 1], "texture": "#5"},
				"south": {"uv": [0, 0, 1, 1], "texture": "#5"},
				"west": {"uv": [0, 0, 10, 1], "texture": "#5"},
				"up": {"uv": [3, 1, 4, 3], "texture": "#5"},
				"down": {"uv": [5, 3, 6, 5], "texture": "#5"}
			}
		},
		{
			"from": [0, 0.5, 13],
			"to": [1, 0.9, 15],
			"faces": {
				"north": {"uv": [0, 0, 1, 1], "texture": "#5"},
				"east": {"uv": [0, 0, 2, 1], "texture": "#5"},
				"south": {"uv": [0, 0, 1, 1], "texture": "#5"},
				"west": {"uv": [0, 0, 2, 1], "texture": "#5"},
				"up": {"uv": [3, 1, 4, 3], "texture": "#5"},
				"down": {"uv": [5, 3, 6, 5], "texture": "#5"}
			}
		},
		{
			"from": [13, 0.5, 0],
			"to": [15, 0.9, 1],
			"faces": {
				"north": {"uv": [0, 0, 2, 1], "texture": "#5"},
				"east": {"uv": [0, 0, 1, 1], "texture": "#5"},
				"south": {"uv": [0, 0, 2, 1], "texture": "#5"},
				"west": {"uv": [0, 0, 1, 1], "texture": "#5"},
				"up": {"uv": [3, 1, 4, 3], "rotation": 90, "texture": "#5"},
				"down": {"uv": [5, 3, 6, 5], "rotation": 270, "texture": "#5"}
			}
		},
		{
			"from": [3, 0.5, -1],
			"to": [13, 0.9, 0],
			"faces": {
				"north": {"uv": [0, 0, 10, 1], "texture": "#5"},
				"east": {"uv": [0, 0, 1, 1], "texture": "#5"},
				"south": {"uv": [0, 0, 10, 1], "texture": "#5"},
				"west": {"uv": [0, 0, 1, 1], "texture": "#5"},
				"up": {"uv": [3, 1, 4, 3], "rotation": 90, "texture": "#5"},
				"down": {"uv": [5, 3, 6, 5], "rotation": 270, "texture": "#5"}
			}
		},
		{
			"from": [1, 0.5, 0],
			"to": [3, 0.9, 1],
			"faces": {
				"north": {"uv": [0, 0, 2, 1], "texture": "#5"},
				"east": {"uv": [0, 0, 1, 1], "texture": "#5"},
				"south": {"uv": [0, 0, 2, 1], "texture": "#5"},
				"west": {"uv": [0, 0, 1, 1], "texture": "#5"},
				"up": {"uv": [3, 1, 4, 3], "rotation": 90, "texture": "#5"},
				"down": {"uv": [5, 3, 6, 5], "rotation": 270, "texture": "#5"}
			}
		},
		{
			"from": [15, 0.5, 13],
			"to": [16, 0.9, 15],
			"faces": {
				"north": {"uv": [0, 0, 1, 1], "texture": "#5"},
				"east": {"uv": [0, 0, 2, 1], "texture": "#5"},
				"south": {"uv": [0, 0, 1, 1], "texture": "#5"},
				"west": {"uv": [0, 0, 2, 1], "texture": "#5"},
				"up": {"uv": [3, 1, 4, 3], "rotation": 180, "texture": "#5"},
				"down": {"uv": [5, 3, 6, 5], "rotation": 180, "texture": "#5"}
			}
		},
		{
			"from": [16, 0.5, 3],
			"to": [17, 0.9, 13],
			"faces": {
				"north": {"uv": [0, 0, 1, 1], "texture": "#5"},
				"east": {"uv": [0, 0, 10, 1], "texture": "#5"},
				"south": {"uv": [0, 0, 1, 1], "texture": "#5"},
				"west": {"uv": [0, 0, 10, 1], "texture": "#5"},
				"up": {"uv": [3, 1, 4, 3], "rotation": 180, "texture": "#5"},
				"down": {"uv": [5, 3, 6, 5], "rotation": 180, "texture": "#5"}
			}
		},
		{
			"from": [15, 0.5, 1],
			"to": [16, 0.9, 3],
			"faces": {
				"north": {"uv": [0, 0, 1, 1], "texture": "#5"},
				"east": {"uv": [0, 0, 2, 1], "texture": "#5"},
				"south": {"uv": [0, 0, 1, 1], "texture": "#5"},
				"west": {"uv": [0, 0, 2, 1], "texture": "#5"},
				"up": {"uv": [3, 1, 4, 3], "rotation": 180, "texture": "#5"},
				"down": {"uv": [5, 3, 6, 5], "rotation": 180, "texture": "#5"}
			}
		},
		{
			"from": [1, 0.5, 15],
			"to": [3, 0.9, 16],
			"faces": {
				"north": {"uv": [0, 0, 2, 1], "texture": "#5"},
				"east": {"uv": [0, 0, 1, 1], "texture": "#5"},
				"south": {"uv": [0, 0, 2, 1], "texture": "#5"},
				"west": {"uv": [0, 0, 1, 1], "texture": "#5"},
				"up": {"uv": [3, 1, 4, 3], "rotation": 270, "texture": "#5"},
				"down": {"uv": [5, 3, 6, 5], "rotation": 90, "texture": "#5"}
			}
		},
		{
			"from": [3, 0.5, 16],
			"to": [13, 0.9, 17],
			"faces": {
				"north": {"uv": [0, 0, 10, 1], "texture": "#5"},
				"east": {"uv": [0, 0, 1, 1], "texture": "#5"},
				"south": {"uv": [0, 0, 10, 1], "texture": "#5"},
				"west": {"uv": [0, 0, 1, 1], "texture": "#5"},
				"up": {"uv": [3, 1, 4, 3], "rotation": 270, "texture": "#5"},
				"down": {"uv": [5, 3, 6, 5], "rotation": 90, "texture": "#5"}
			}
		},
		{
			"from": [13, 0.5, 15],
			"to": [15, 0.9, 16],
			"faces": {
				"north": {"uv": [0, 0, 2, 1], "texture": "#5"},
				"east": {"uv": [0, 0, 1, 1], "texture": "#5"},
				"south": {"uv": [0, 0, 2, 1], "texture": "#5"},
				"west": {"uv": [0, 0, 1, 1], "texture": "#5"},
				"up": {"uv": [3, 1, 4, 3], "rotation": 270, "texture": "#5"},
				"down": {"uv": [5, 3, 6, 5], "rotation": 90, "texture": "#5"}
			}
		}
	],
	"display": {
		"thirdperson_righthand": {
			"rotation": [75, 45, 0],
			"translation": [0, 2.5, 0],
			"scale": [0.375, 0.375, 0.375]
		},
		"thirdperson_lefthand": {
			"rotation": [75, 45, 0],
			"translation": [0, 2.5, 0],
			"scale": [0.375, 0.375, 0.375]
		},
		"firstperson_righthand": {
			"rotation": [0, 45, 0],
			"translation": [0, 2, 0],
			"scale": [0.4, 0.4, 0.4]
		},
		"firstperson_lefthand": {
			"rotation": [0, 45, 0],
			"translation": [0, 2, 0],
			"scale": [0.4, 0.4, 0.4]
		},
		"ground": {
			"translation": [0, 4.25, 0]
		},
		"gui": {
			"rotation": [30, 225, 0],
			"translation": [0, 1, 0],
			"scale": [0.625, 0.625, 0.625]
		},
		"head": {
			"translation": [0, 14.25, 0]
		},
		"fixed": {
			"rotation": [-90, 0, 0],
			"translation": [0, 0, -13.75],
			"scale": [1.8, 1.8, 1.8]
		}
	},
	"groups": [
		{
			"name": "Cake (Whole)",
			"children": [
				{
					"name": "Flame4",
					"children": [0, 1]
				},
				{
					"name": "Flame2",
					"children": [2, 3]
				},
				{
					"name": "Flame3",
					"children": [4, 5]
				},
				{
					"name": "Flame5",
					"children": [6, 7]
				},
				{
					"name": "Candle",
					"children": [8, 9, 10, 11, 12, 13, 14, 15, 16, 17, 18, 19]
				},
				{
					"name": "Tiny Strawberry4",
					"children": [20, 21, 22, 23, 24]
				},
				{
					"name": "Tiny Strawberry3",
					"children": [25, 26, 27, 28, 29]
				},
				{
					"name": "Tiny Strawberry2",
					"children": [30, 31, 32, 33, 34]
				},
				{
					"name": "Tiny Strawberry",
					"children": [35, 36, 37, 38, 39]
				},
				{
					"name": "Icing",
					"children": [40, 41, 42, 43, 44, 45, 46, 47, 48, 49, 50, 51, 52, 53, 54, 55, 56, 57, 58, 59, 60, 61, 62, 63, 64, 65, 66]
				},
				{
					"name": "Cake Bottom4",
					"children": [67, 68, 69, 70, 71, 72, 73, 74, 75, 76, 77, 78]
				},
				{
					"name": "Cake Bottom3",
					"children": [79, 80, 81, 82, 83, 84, 85, 86, 87, 88, 89, 90]
				},
				{
					"name": "Cake Bottom5",
					"children": [91, 92, 93, 94, 95, 96, 97, 98, 99, 100, 101, 102]
				},
				{
					"name": "Cake Bottom2",
					"children": [103, 104, 105, 106, 107, 108, 109, 110, 111, 112, 113, 114]
				}
			]
		},
		{
			"name": "Plate",
			"children": [115, 116, 117, 118, 119, 120, 121, 122, 123, 124, 125, 126, 127, 128, 129, 130, 131, 132, 133]
		}
	]
}