{
	"credit": "Made with Blockbench",
	"textures": {
		"0": "block/MizunoArchive/furnace_side",
		"1": "block/MizunoArchive/white_glazed_terracotta",
		"2": "block/MizunoArchive/white_wool",
		"particle": "block/MizunoArchive/furnace_side"
	},
	"elements": [
		{
			"from": [-1, 0, -2],
			"to": [0, 11, -1],
			"faces": {
				"north": {"uv": [1, 2, 2, 14], "texture": "#0"},
				"east": {"uv": [1, 2, 2, 14], "texture": "#0"},
				"south": {"uv": [1, 2, 2, 14], "texture": "#0"},
				"west": {"uv": [1, 2, 2, 14], "texture": "#0"},
				"up": {"uv": [1, 13, 2, 14], "texture": "#0"},
				"down": {"uv": [1, 2, 2, 3], "texture": "#0"}
			}
		},
		{
			"from": [16, 0, -2],
			"to": [17, 11, -1],
			"faces": {
				"north": {"uv": [1, 2, 2, 14], "texture": "#0"},
				"east": {"uv": [1, 2, 2, 14], "texture": "#0"},
				"south": {"uv": [1, 2, 2, 14], "texture": "#0"},
				"west": {"uv": [1, 2, 2, 14], "texture": "#0"},
				"up": {"uv": [1, 13, 2, 14], "texture": "#0"},
				"down": {"uv": [1, 2, 2, 3], "texture": "#0"}
			}
		},
		{
			"from": [0, 11, -2],
			"to": [1, 13, -1],
			"faces": {
				"north": {"uv": [1, 2, 2, 4], "texture": "#0"},
				"east": {"uv": [1, 2, 2, 4], "texture": "#0"},
				"south": {"uv": [1, 2, 2, 4], "texture": "#0"},
				"west": {"uv": [1, 2, 2, 4], "texture": "#0"},
				"up": {"uv": [1, 2, 2, 4], "texture": "#0"},
				"down": {"uv": [1, 2, 2, 4], "texture": "#0"}
			}
		},
		{
			"from": [1, 13, -2],
			"to": [2, 14, -1],
			"faces": {
				"north": {"uv": [1, 6, 2, 7], "texture": "#0"},
				"east": {"uv": [1, 6, 2, 7], "texture": "#0"},
				"south": {"uv": [1, 6, 2, 7], "texture": "#0"},
				"west": {"uv": [1, 6, 2, 7], "texture": "#0"},
				"up": {"uv": [1, 6, 2, 7], "texture": "#0"},
				"down": {"uv": [1, 6, 2, 7], "texture": "#0"}
			}
		},
		{
			"from": [2, 14, -2],
			"to": [4, 15, -1],
			"faces": {
				"north": {"uv": [1, 2, 3, 3], "texture": "#0"},
				"east": {"uv": [1, 2, 3, 3], "texture": "#0"},
				"south": {"uv": [1, 2, 3, 3], "texture": "#0"},
				"west": {"uv": [1, 2, 3, 3], "texture": "#0"},
				"up": {"uv": [1, 2, 3, 3], "texture": "#0"},
				"down": {"uv": [1, 2, 3, 3], "texture": "#0"}
			}
		},
		{
			"from": [4, 15, -2],
			"to": [12, 16, -1],
			"faces": {
				"north": {"uv": [1, 3, 9, 4], "texture": "#0"},
				"east": {"uv": [1, 3, 9, 4], "texture": "#0"},
				"south": {"uv": [1, 3, 9, 4], "texture": "#0"},
				"west": {"uv": [1, 3, 9, 4], "texture": "#0"},
				"up": {"uv": [1, 3, 9, 4], "texture": "#0"},
				"down": {"uv": [1, 3, 9, 4], "texture": "#0"}
			}
		},
		{
			"from": [12, 14, -2],
			"to": [14, 15, -1],
			"faces": {
				"north": {"uv": [1, 2, 3, 3], "texture": "#0"},
				"east": {"uv": [1, 2, 3, 3], "texture": "#0"},
				"south": {"uv": [1, 2, 3, 3], "texture": "#0"},
				"west": {"uv": [1, 2, 3, 3], "texture": "#0"},
				"up": {"uv": [1, 2, 3, 3], "texture": "#0"},
				"down": {"uv": [1, 2, 3, 3], "texture": "#0"}
			}
		},
		{
			"from": [14, 13, -2],
			"to": [15, 14, -1],
			"faces": {
				"north": {"uv": [1, 6, 2, 7], "texture": "#0"},
				"east": {"uv": [1, 6, 2, 7], "texture": "#0"},
				"south": {"uv": [1, 6, 2, 7], "texture": "#0"},
				"west": {"uv": [1, 6, 2, 7], "texture": "#0"},
				"up": {"uv": [1, 6, 2, 7], "texture": "#0"},
				"down": {"uv": [1, 6, 2, 7], "texture": "#0"}
			}
		},
		{
			"from": [15, 11, -2],
			"to": [16, 13, -1],
			"faces": {
				"north": {"uv": [1, 2, 2, 4], "texture": "#0"},
				"east": {"uv": [1, 2, 2, 4], "texture": "#0"},
				"south": {"uv": [1, 2, 2, 4], "texture": "#0"},
				"west": {"uv": [1, 2, 2, 4], "texture": "#0"},
				"up": {"uv": [1, 2, 2, 4], "texture": "#0"},
				"down": {"uv": [1, 2, 2, 4], "texture": "#0"}
			}
		},
		{
			"from": [0, 2, -2],
			"to": [16, 3, -1],
			"faces": {
				"north": {"uv": [1, 2, 15, 3], "texture": "#0"},
				"east": {"uv": [1, 2, 15, 3], "texture": "#0"},
				"south": {"uv": [1, 2, 15, 3], "texture": "#0"},
				"west": {"uv": [1, 2, 15, 3], "texture": "#0"},
				"up": {"uv": [1, 2, 15, 3], "texture": "#0"},
				"down": {"uv": [1, 2, 15, 3], "texture": "#0"}
			}
		},
		{
			"from": [0, 5, -2],
			"to": [16, 6, -1],
			"faces": {
				"north": {"uv": [1, 2, 15, 3], "texture": "#0"},
				"east": {"uv": [1, 2, 15, 3], "texture": "#0"},
				"south": {"uv": [1, 2, 15, 3], "texture": "#0"},
				"west": {"uv": [1, 2, 15, 3], "texture": "#0"},
				"up": {"uv": [1, 2, 15, 3], "texture": "#0"},
				"down": {"uv": [1, 2, 15, 3], "texture": "#0"}
			}
		},
		{
			"from": [6.5, 6, -2],
			"to": [7.5, 8, -1],
			"faces": {
				"north": {"uv": [1, 2, 2, 4], "texture": "#0"},
				"east": {"uv": [1, 2, 2, 4], "texture": "#0"},
				"south": {"uv": [1, 2, 2, 4], "texture": "#0"},
				"west": {"uv": [1, 2, 2, 4], "texture": "#0"},
				"up": {"uv": [1, 2, 2, 4], "texture": "#0"},
				"down": {"uv": [1, 2, 2, 4], "texture": "#0"}
			}
		},
		{
			"from": [5.5, 8, -2],
			"to": [6.5, 10, -1],
			"faces": {
				"north": {"uv": [1, 2, 2, 4], "texture": "#0"},
				"east": {"uv": [1, 2, 2, 4], "texture": "#0"},
				"south": {"uv": [1, 2, 2, 4], "texture": "#0"},
				"west": {"uv": [1, 2, 2, 4], "texture": "#0"},
				"up": {"uv": [1, 2, 2, 4], "texture": "#0"},
				"down": {"uv": [1, 2, 2, 4], "texture": "#0"}
			}
		},
		{
			"from": [4.5, 10, -2],
			"to": [5.5, 11, -1],
			"faces": {
				"north": {"uv": [1, 6, 2, 7], "texture": "#0"},
				"east": {"uv": [1, 6, 2, 7], "texture": "#0"},
				"south": {"uv": [1, 6, 2, 7], "texture": "#0"},
				"west": {"uv": [1, 6, 2, 7], "texture": "#0"},
				"up": {"uv": [1, 6, 2, 7], "texture": "#0"},
				"down": {"uv": [1, 6, 2, 7], "texture": "#0"}
			}
		},
		{
			"from": [2.5, 11, -2],
			"to": [4.5, 12, -1],
			"faces": {
				"north": {"uv": [1, 2, 3, 3], "texture": "#0"},
				"east": {"uv": [1, 2, 3, 3], "texture": "#0"},
				"south": {"uv": [1, 2, 3, 3], "texture": "#0"},
				"west": {"uv": [1, 2, 3, 3], "texture": "#0"},
				"up": {"uv": [1, 2, 3, 3], "texture": "#0"},
				"down": {"uv": [1, 2, 3, 3], "texture": "#0"}
			}
		},
		{
			"from": [1.5, 9, -2],
			"to": [2.5, 11, -1],
			"faces": {
				"north": {"uv": [1, 2, 2, 4], "texture": "#0"},
				"east": {"uv": [1, 2, 2, 4], "texture": "#0"},
				"south": {"uv": [1, 2, 2, 4], "texture": "#0"},
				"west": {"uv": [1, 2, 2, 4], "texture": "#0"},
				"up": {"uv": [1, 2, 2, 4], "texture": "#0"},
				"down": {"uv": [1, 2, 2, 4], "texture": "#0"}
			}
		},
		{
			"from": [2.5, 8, -2],
			"to": [3.5, 9, -1],
			"faces": {
				"north": {"uv": [1, 6, 2, 7], "texture": "#0"},
				"east": {"uv": [1, 6, 2, 7], "texture": "#0"},
				"south": {"uv": [1, 6, 2, 7], "texture": "#0"},
				"west": {"uv": [1, 6, 2, 7], "texture": "#0"},
				"up": {"uv": [1, 6, 2, 7], "texture": "#0"},
				"down": {"uv": [1, 6, 2, 7], "texture": "#0"}
			}
		},
		{
			"from": [1.5, 3, -2],
			"to": [2.5, 5, -1],
			"faces": {
				"north": {"uv": [1, 2, 2, 4], "texture": "#0"},
				"east": {"uv": [1, 2, 2, 4], "texture": "#0"},
				"south": {"uv": [1, 2, 2, 4], "texture": "#0"},
				"west": {"uv": [1, 2, 2, 4], "texture": "#0"},
				"up": {"uv": [1, 2, 2, 4], "texture": "#0"},
				"down": {"uv": [1, 2, 2, 4], "texture": "#0"}
			}
		},
		{
			"from": [4.5, 3, -2],
			"to": [5.5, 5, -1],
			"faces": {
				"north": {"uv": [1, 2, 2, 4], "texture": "#0"},
				"east": {"uv": [1, 2, 2, 4], "texture": "#0"},
				"south": {"uv": [1, 2, 2, 4], "texture": "#0"},
				"west": {"uv": [1, 2, 2, 4], "texture": "#0"},
				"up": {"uv": [1, 2, 2, 4], "texture": "#0"},
				"down": {"uv": [1, 2, 2, 4], "texture": "#0"}
			}
		},
		{
			"from": [7.5, 3, -2],
			"to": [8.5, 5, -1],
			"faces": {
				"north": {"uv": [1, 2, 2, 4], "texture": "#0"},
				"east": {"uv": [1, 2, 2, 4], "texture": "#0"},
				"south": {"uv": [1, 2, 2, 4], "texture": "#0"},
				"west": {"uv": [1, 2, 2, 4], "texture": "#0"},
				"up": {"uv": [1, 2, 2, 4], "texture": "#0"},
				"down": {"uv": [1, 2, 2, 4], "texture": "#0"}
			}
		},
		{
			"from": [10.5, 3, -2],
			"to": [11.5, 5, -1],
			"faces": {
				"north": {"uv": [1, 2, 2, 4], "texture": "#0"},
				"east": {"uv": [1, 2, 2, 4], "texture": "#0"},
				"south": {"uv": [1, 2, 2, 4], "texture": "#0"},
				"west": {"uv": [1, 2, 2, 4], "texture": "#0"},
				"up": {"uv": [1, 2, 2, 4], "texture": "#0"},
				"down": {"uv": [1, 2, 2, 4], "texture": "#0"}
			}
		},
		{
			"from": [13.5, 3, -2],
			"to": [14.5, 5, -1],
			"faces": {
				"north": {"uv": [1, 2, 2, 4], "texture": "#0"},
				"east": {"uv": [1, 2, 2, 4], "texture": "#0"},
				"south": {"uv": [1, 2, 2, 4], "texture": "#0"},
				"west": {"uv": [1, 2, 2, 4], "texture": "#0"},
				"up": {"uv": [1, 2, 2, 4], "texture": "#0"},
				"down": {"uv": [1, 2, 2, 4], "texture": "#0"}
			}
		},
		{
			"from": [8.5, 6, -2],
			"to": [9.5, 8, -1],
			"faces": {
				"north": {"uv": [1, 2, 2, 4], "texture": "#0"},
				"east": {"uv": [1, 2, 2, 4], "texture": "#0"},
				"south": {"uv": [1, 2, 2, 4], "texture": "#0"},
				"west": {"uv": [1, 2, 2, 4], "texture": "#0"},
				"up": {"uv": [1, 2, 2, 4], "texture": "#0"},
				"down": {"uv": [1, 2, 2, 4], "texture": "#0"}
			}
		},
		{
			"from": [9.5, 8, -2],
			"to": [10.5, 10, -1],
			"faces": {
				"north": {"uv": [1, 2, 2, 4], "texture": "#0"},
				"east": {"uv": [1, 2, 2, 4], "texture": "#0"},
				"south": {"uv": [1, 2, 2, 4], "texture": "#0"},
				"west": {"uv": [1, 2, 2, 4], "texture": "#0"},
				"up": {"uv": [1, 2, 2, 4], "texture": "#0"},
				"down": {"uv": [1, 2, 2, 4], "texture": "#0"}
			}
		},
		{
			"from": [10.5, 10, -2],
			"to": [11.5, 11, -1],
			"faces": {
				"north": {"uv": [1, 6, 2, 7], "texture": "#0"},
				"east": {"uv": [1, 6, 2, 7], "texture": "#0"},
				"south": {"uv": [1, 6, 2, 7], "texture": "#0"},
				"west": {"uv": [1, 6, 2, 7], "texture": "#0"},
				"up": {"uv": [1, 6, 2, 7], "texture": "#0"},
				"down": {"uv": [1, 6, 2, 7], "texture": "#0"}
			}
		},
		{
			"from": [11.5, 11, -2],
			"to": [13.5, 12, -1],
			"faces": {
				"north": {"uv": [1, 2, 3, 3], "texture": "#0"},
				"east": {"uv": [1, 2, 3, 3], "texture": "#0"},
				"south": {"uv": [1, 2, 3, 3], "texture": "#0"},
				"west": {"uv": [1, 2, 3, 3], "texture": "#0"},
				"up": {"uv": [1, 2, 3, 3], "texture": "#0"},
				"down": {"uv": [1, 2, 3, 3], "texture": "#0"}
			}
		},
		{
			"from": [13.5, 9, -2],
			"to": [14.5, 11, -1],
			"faces": {
				"north": {"uv": [1, 2, 2, 4], "texture": "#0"},
				"east": {"uv": [1, 2, 2, 4], "texture": "#0"},
				"south": {"uv": [1, 2, 2, 4], "texture": "#0"},
				"west": {"uv": [1, 2, 2, 4], "texture": "#0"},
				"up": {"uv": [1, 2, 2, 4], "texture": "#0"},
				"down": {"uv": [1, 2, 2, 4], "texture": "#0"}
			}
		},
		{
			"from": [12.5, 8, -2],
			"to": [13.5, 9, -1],
			"faces": {
				"north": {"uv": [1, 6, 2, 7], "texture": "#0"},
				"east": {"uv": [1, 6, 2, 7], "texture": "#0"},
				"south": {"uv": [1, 6, 2, 7], "texture": "#0"},
				"west": {"uv": [1, 6, 2, 7], "texture": "#0"},
				"up": {"uv": [1, 6, 2, 7], "texture": "#0"},
				"down": {"uv": [1, 6, 2, 7], "texture": "#0"}
			}
		},
		{
			"from": [7.5, 14, -2],
			"to": [8.5, 15, -1],
			"faces": {
				"north": {"uv": [1, 6, 2, 7], "texture": "#0"},
				"east": {"uv": [1, 6, 2, 7], "texture": "#0"},
				"south": {"uv": [1, 6, 2, 7], "texture": "#0"},
				"west": {"uv": [1, 6, 2, 7], "texture": "#0"},
				"up": {"uv": [1, 6, 2, 7], "texture": "#0"},
				"down": {"uv": [1, 6, 2, 7], "texture": "#0"}
			}
		},
		{
			"from": [8.5, 11, -2],
			"to": [9.5, 14, -1],
			"faces": {
				"north": {"uv": [4, 2, 5, 5], "texture": "#0"},
				"east": {"uv": [4, 2, 5, 5], "texture": "#0"},
				"south": {"uv": [4, 2, 5, 5], "texture": "#0"},
				"west": {"uv": [4, 2, 5, 5], "texture": "#0"},
				"up": {"uv": [4, 2, 5, 5], "texture": "#0"},
				"down": {"uv": [4, 2, 5, 5], "texture": "#0"}
			}
		},
		{
			"from": [6.5, 11, -2],
			"to": [7.5, 14, -1],
			"faces": {
				"north": {"uv": [4, 2, 5, 5], "texture": "#0"},
				"east": {"uv": [4, 2, 5, 5], "texture": "#0"},
				"south": {"uv": [4, 2, 5, 5], "texture": "#0"},
				"west": {"uv": [4, 2, 5, 5], "texture": "#0"},
				"up": {"uv": [4, 2, 5, 5], "texture": "#0"},
				"down": {"uv": [4, 2, 5, 5], "texture": "#0"}
			}
		},
		{
			"from": [7.5, 10, -2],
			"to": [8.5, 11, -1],
			"faces": {
				"north": {"uv": [1, 6, 2, 7], "texture": "#0"},
				"east": {"uv": [1, 6, 2, 7], "texture": "#0"},
				"south": {"uv": [1, 6, 2, 7], "texture": "#0"},
				"west": {"uv": [1, 6, 2, 7], "texture": "#0"},
				"up": {"uv": [1, 6, 2, 7], "texture": "#0"},
				"down": {"uv": [1, 6, 2, 7], "texture": "#0"}
			}
		},
		{
			"from": [5.5, 12, -2],
			"to": [6.5, 13, -1],
			"faces": {
				"north": {"uv": [1, 6, 2, 7], "texture": "#0"},
				"east": {"uv": [1, 6, 2, 7], "texture": "#0"},
				"south": {"uv": [1, 6, 2, 7], "texture": "#0"},
				"west": {"uv": [1, 6, 2, 7], "texture": "#0"},
				"up": {"uv": [1, 6, 2, 7], "texture": "#0"},
				"down": {"uv": [1, 6, 2, 7], "texture": "#0"}
			}
		},
		{
			"from": [9.5, 12, -2],
			"to": [10.5, 13, -1],
			"faces": {
				"north": {"uv": [1, 6, 2, 7], "texture": "#0"},
				"east": {"uv": [1, 6, 2, 7], "texture": "#0"},
				"south": {"uv": [1, 6, 2, 7], "texture": "#0"},
				"west": {"uv": [1, 6, 2, 7], "texture": "#0"},
				"up": {"uv": [1, 6, 2, 7], "texture": "#0"},
				"down": {"uv": [1, 6, 2, 7], "texture": "#0"}
			}
		},
		{
			"from": [-1, 0, 31],
			"to": [0, 11, 32],
			"faces": {
				"north": {"uv": [1, 2, 2, 14], "texture": "#0"},
				"east": {"uv": [1, 2, 2, 14], "texture": "#0"},
				"south": {"uv": [1, 2, 2, 14], "texture": "#0"},
				"west": {"uv": [1, 2, 2, 14], "texture": "#0"},
				"up": {"uv": [1, 13, 2, 14], "texture": "#0"},
				"down": {"uv": [1, 2, 2, 3], "texture": "#0"}
			}
		},
		{
			"from": [16, 0, 31],
			"to": [17, 11, 32],
			"faces": {
				"north": {"uv": [1, 2, 2, 14], "texture": "#0"},
				"east": {"uv": [1, 2, 2, 14], "texture": "#0"},
				"south": {"uv": [1, 2, 2, 14], "texture": "#0"},
				"west": {"uv": [1, 2, 2, 14], "texture": "#0"},
				"up": {"uv": [1, 13, 2, 14], "texture": "#0"},
				"down": {"uv": [1, 2, 2, 3], "texture": "#0"}
			}
		},
		{
			"from": [0, 11, 31],
			"to": [1, 13, 32],
			"faces": {
				"north": {"uv": [1, 2, 2, 4], "texture": "#0"},
				"east": {"uv": [1, 2, 2, 4], "texture": "#0"},
				"south": {"uv": [1, 2, 2, 4], "texture": "#0"},
				"west": {"uv": [1, 2, 2, 4], "texture": "#0"},
				"up": {"uv": [1, 2, 2, 4], "texture": "#0"},
				"down": {"uv": [1, 2, 2, 4], "texture": "#0"}
			}
		},
		{
			"from": [1, 13, 31],
			"to": [2, 14, 32],
			"faces": {
				"north": {"uv": [1, 6, 2, 7], "texture": "#0"},
				"east": {"uv": [1, 6, 2, 7], "texture": "#0"},
				"south": {"uv": [1, 6, 2, 7], "texture": "#0"},
				"west": {"uv": [1, 6, 2, 7], "texture": "#0"},
				"up": {"uv": [1, 6, 2, 7], "texture": "#0"},
				"down": {"uv": [1, 6, 2, 7], "texture": "#0"}
			}
		},
		{
			"from": [2, 14, 31],
			"to": [4, 15, 32],
			"faces": {
				"north": {"uv": [1, 2, 3, 3], "texture": "#0"},
				"east": {"uv": [1, 2, 3, 3], "texture": "#0"},
				"south": {"uv": [1, 2, 3, 3], "texture": "#0"},
				"west": {"uv": [1, 2, 3, 3], "texture": "#0"},
				"up": {"uv": [1, 2, 3, 3], "texture": "#0"},
				"down": {"uv": [1, 2, 3, 3], "texture": "#0"}
			}
		},
		{
			"from": [4, 15, 31],
			"to": [12, 16, 32],
			"faces": {
				"north": {"uv": [1, 3, 9, 4], "texture": "#0"},
				"east": {"uv": [1, 3, 9, 4], "texture": "#0"},
				"south": {"uv": [1, 3, 9, 4], "texture": "#0"},
				"west": {"uv": [1, 3, 9, 4], "texture": "#0"},
				"up": {"uv": [1, 3, 9, 4], "texture": "#0"},
				"down": {"uv": [1, 3, 9, 4], "texture": "#0"}
			}
		},
		{
			"from": [12, 14, 31],
			"to": [14, 15, 32],
			"faces": {
				"north": {"uv": [1, 2, 3, 3], "texture": "#0"},
				"east": {"uv": [1, 2, 3, 3], "texture": "#0"},
				"south": {"uv": [1, 2, 3, 3], "texture": "#0"},
				"west": {"uv": [1, 2, 3, 3], "texture": "#0"},
				"up": {"uv": [1, 2, 3, 3], "texture": "#0"},
				"down": {"uv": [1, 2, 3, 3], "texture": "#0"}
			}
		},
		{
			"from": [14, 13, 31],
			"to": [15, 14, 32],
			"faces": {
				"north": {"uv": [1, 6, 2, 7], "texture": "#0"},
				"east": {"uv": [1, 6, 2, 7], "texture": "#0"},
				"south": {"uv": [1, 6, 2, 7], "texture": "#0"},
				"west": {"uv": [1, 6, 2, 7], "texture": "#0"},
				"up": {"uv": [1, 6, 2, 7], "texture": "#0"},
				"down": {"uv": [1, 6, 2, 7], "texture": "#0"}
			}
		},
		{
			"from": [15, 11, 31],
			"to": [16, 13, 32],
			"faces": {
				"north": {"uv": [1, 2, 2, 4], "texture": "#0"},
				"east": {"uv": [1, 2, 2, 4], "texture": "#0"},
				"south": {"uv": [1, 2, 2, 4], "texture": "#0"},
				"west": {"uv": [1, 2, 2, 4], "texture": "#0"},
				"up": {"uv": [1, 2, 2, 4], "texture": "#0"},
				"down": {"uv": [1, 2, 2, 4], "texture": "#0"}
			}
		},
		{
			"from": [0, 2, 31],
			"to": [16, 3, 32],
			"faces": {
				"north": {"uv": [1, 2, 15, 3], "texture": "#0"},
				"east": {"uv": [1, 2, 15, 3], "texture": "#0"},
				"south": {"uv": [1, 2, 15, 3], "texture": "#0"},
				"west": {"uv": [1, 2, 15, 3], "texture": "#0"},
				"up": {"uv": [1, 2, 15, 3], "texture": "#0"},
				"down": {"uv": [1, 2, 15, 3], "texture": "#0"}
			}
		},
		{
			"from": [0, 5, 31],
			"to": [16, 6, 32],
			"faces": {
				"north": {"uv": [1, 2, 15, 3], "texture": "#0"},
				"east": {"uv": [1, 2, 15, 3], "texture": "#0"},
				"south": {"uv": [1, 2, 15, 3], "texture": "#0"},
				"west": {"uv": [1, 2, 15, 3], "texture": "#0"},
				"up": {"uv": [1, 2, 15, 3], "texture": "#0"},
				"down": {"uv": [1, 2, 15, 3], "texture": "#0"}
			}
		},
		{
			"from": [6.5, 6, 31],
			"to": [7.5, 8, 32],
			"faces": {
				"north": {"uv": [1, 2, 2, 4], "texture": "#0"},
				"east": {"uv": [1, 2, 2, 4], "texture": "#0"},
				"south": {"uv": [1, 2, 2, 4], "texture": "#0"},
				"west": {"uv": [1, 2, 2, 4], "texture": "#0"},
				"up": {"uv": [1, 2, 2, 4], "texture": "#0"},
				"down": {"uv": [1, 2, 2, 4], "texture": "#0"}
			}
		},
		{
			"from": [5.5, 8, 31],
			"to": [6.5, 10, 32],
			"faces": {
				"north": {"uv": [1, 2, 2, 4], "texture": "#0"},
				"east": {"uv": [1, 2, 2, 4], "texture": "#0"},
				"south": {"uv": [1, 2, 2, 4], "texture": "#0"},
				"west": {"uv": [1, 2, 2, 4], "texture": "#0"},
				"up": {"uv": [1, 2, 2, 4], "texture": "#0"},
				"down": {"uv": [1, 2, 2, 4], "texture": "#0"}
			}
		},
		{
			"from": [4.5, 10, 31],
			"to": [5.5, 11, 32],
			"faces": {
				"north": {"uv": [1, 6, 2, 7], "texture": "#0"},
				"east": {"uv": [1, 6, 2, 7], "texture": "#0"},
				"south": {"uv": [1, 6, 2, 7], "texture": "#0"},
				"west": {"uv": [1, 6, 2, 7], "texture": "#0"},
				"up": {"uv": [1, 6, 2, 7], "texture": "#0"},
				"down": {"uv": [1, 6, 2, 7], "texture": "#0"}
			}
		},
		{
			"from": [2.5, 11, 31],
			"to": [4.5, 12, 32],
			"faces": {
				"north": {"uv": [1, 2, 3, 3], "texture": "#0"},
				"east": {"uv": [1, 2, 3, 3], "texture": "#0"},
				"south": {"uv": [1, 2, 3, 3], "texture": "#0"},
				"west": {"uv": [1, 2, 3, 3], "texture": "#0"},
				"up": {"uv": [1, 2, 3, 3], "texture": "#0"},
				"down": {"uv": [1, 2, 3, 3], "texture": "#0"}
			}
		},
		{
			"from": [1.5, 9, 31],
			"to": [2.5, 11, 32],
			"faces": {
				"north": {"uv": [1, 2, 2, 4], "texture": "#0"},
				"east": {"uv": [1, 2, 2, 4], "texture": "#0"},
				"south": {"uv": [1, 2, 2, 4], "texture": "#0"},
				"west": {"uv": [1, 2, 2, 4], "texture": "#0"},
				"up": {"uv": [1, 2, 2, 4], "texture": "#0"},
				"down": {"uv": [1, 2, 2, 4], "texture": "#0"}
			}
		},
		{
			"from": [2.5, 8, 31],
			"to": [3.5, 9, 32],
			"faces": {
				"north": {"uv": [1, 6, 2, 7], "texture": "#0"},
				"east": {"uv": [1, 6, 2, 7], "texture": "#0"},
				"south": {"uv": [1, 6, 2, 7], "texture": "#0"},
				"west": {"uv": [1, 6, 2, 7], "texture": "#0"},
				"up": {"uv": [1, 6, 2, 7], "texture": "#0"},
				"down": {"uv": [1, 6, 2, 7], "texture": "#0"}
			}
		},
		{
			"from": [1.5, 3, 31],
			"to": [2.5, 5, 32],
			"faces": {
				"north": {"uv": [1, 2, 2, 4], "texture": "#0"},
				"east": {"uv": [1, 2, 2, 4], "texture": "#0"},
				"south": {"uv": [1, 2, 2, 4], "texture": "#0"},
				"west": {"uv": [1, 2, 2, 4], "texture": "#0"},
				"up": {"uv": [1, 2, 2, 4], "texture": "#0"},
				"down": {"uv": [1, 2, 2, 4], "texture": "#0"}
			}
		},
		{
			"from": [4.5, 3, 31],
			"to": [5.5, 5, 32],
			"faces": {
				"north": {"uv": [1, 2, 2, 4], "texture": "#0"},
				"east": {"uv": [1, 2, 2, 4], "texture": "#0"},
				"south": {"uv": [1, 2, 2, 4], "texture": "#0"},
				"west": {"uv": [1, 2, 2, 4], "texture": "#0"},
				"up": {"uv": [1, 2, 2, 4], "texture": "#0"},
				"down": {"uv": [1, 2, 2, 4], "texture": "#0"}
			}
		},
		{
			"from": [7.5, 3, 31],
			"to": [8.5, 5, 32],
			"faces": {
				"north": {"uv": [1, 2, 2, 4], "texture": "#0"},
				"east": {"uv": [1, 2, 2, 4], "texture": "#0"},
				"south": {"uv": [1, 2, 2, 4], "texture": "#0"},
				"west": {"uv": [1, 2, 2, 4], "texture": "#0"},
				"up": {"uv": [1, 2, 2, 4], "texture": "#0"},
				"down": {"uv": [1, 2, 2, 4], "texture": "#0"}
			}
		},
		{
			"from": [10.5, 3, 31],
			"to": [11.5, 5, 32],
			"faces": {
				"north": {"uv": [1, 2, 2, 4], "texture": "#0"},
				"east": {"uv": [1, 2, 2, 4], "texture": "#0"},
				"south": {"uv": [1, 2, 2, 4], "texture": "#0"},
				"west": {"uv": [1, 2, 2, 4], "texture": "#0"},
				"up": {"uv": [1, 2, 2, 4], "texture": "#0"},
				"down": {"uv": [1, 2, 2, 4], "texture": "#0"}
			}
		},
		{
			"from": [13.5, 3, 31],
			"to": [14.5, 5, 32],
			"faces": {
				"north": {"uv": [1, 2, 2, 4], "texture": "#0"},
				"east": {"uv": [1, 2, 2, 4], "texture": "#0"},
				"south": {"uv": [1, 2, 2, 4], "texture": "#0"},
				"west": {"uv": [1, 2, 2, 4], "texture": "#0"},
				"up": {"uv": [1, 2, 2, 4], "texture": "#0"},
				"down": {"uv": [1, 2, 2, 4], "texture": "#0"}
			}
		},
		{
			"from": [8.5, 6, 31],
			"to": [9.5, 8, 32],
			"faces": {
				"north": {"uv": [1, 2, 2, 4], "texture": "#0"},
				"east": {"uv": [1, 2, 2, 4], "texture": "#0"},
				"south": {"uv": [1, 2, 2, 4], "texture": "#0"},
				"west": {"uv": [1, 2, 2, 4], "texture": "#0"},
				"up": {"uv": [1, 2, 2, 4], "texture": "#0"},
				"down": {"uv": [1, 2, 2, 4], "texture": "#0"}
			}
		},
		{
			"from": [9.5, 8, 31],
			"to": [10.5, 10, 32],
			"faces": {
				"north": {"uv": [1, 2, 2, 4], "texture": "#0"},
				"east": {"uv": [1, 2, 2, 4], "texture": "#0"},
				"south": {"uv": [1, 2, 2, 4], "texture": "#0"},
				"west": {"uv": [1, 2, 2, 4], "texture": "#0"},
				"up": {"uv": [1, 2, 2, 4], "texture": "#0"},
				"down": {"uv": [1, 2, 2, 4], "texture": "#0"}
			}
		},
		{
			"from": [10.5, 10, 31],
			"to": [11.5, 11, 32],
			"faces": {
				"north": {"uv": [1, 6, 2, 7], "texture": "#0"},
				"east": {"uv": [1, 6, 2, 7], "texture": "#0"},
				"south": {"uv": [1, 6, 2, 7], "texture": "#0"},
				"west": {"uv": [1, 6, 2, 7], "texture": "#0"},
				"up": {"uv": [1, 6, 2, 7], "texture": "#0"},
				"down": {"uv": [1, 6, 2, 7], "texture": "#0"}
			}
		},
		{
			"from": [11.5, 11, 31],
			"to": [13.5, 12, 32],
			"faces": {
				"north": {"uv": [1, 2, 3, 3], "texture": "#0"},
				"east": {"uv": [1, 2, 3, 3], "texture": "#0"},
				"south": {"uv": [1, 2, 3, 3], "texture": "#0"},
				"west": {"uv": [1, 2, 3, 3], "texture": "#0"},
				"up": {"uv": [1, 2, 3, 3], "texture": "#0"},
				"down": {"uv": [1, 2, 3, 3], "texture": "#0"}
			}
		},
		{
			"from": [13.5, 9, 31],
			"to": [14.5, 11, 32],
			"faces": {
				"north": {"uv": [1, 2, 2, 4], "texture": "#0"},
				"east": {"uv": [1, 2, 2, 4], "texture": "#0"},
				"south": {"uv": [1, 2, 2, 4], "texture": "#0"},
				"west": {"uv": [1, 2, 2, 4], "texture": "#0"},
				"up": {"uv": [1, 2, 2, 4], "texture": "#0"},
				"down": {"uv": [1, 2, 2, 4], "texture": "#0"}
			}
		},
		{
			"from": [12.5, 8, 31],
			"to": [13.5, 9, 32],
			"faces": {
				"north": {"uv": [1, 6, 2, 7], "texture": "#0"},
				"east": {"uv": [1, 6, 2, 7], "texture": "#0"},
				"south": {"uv": [1, 6, 2, 7], "texture": "#0"},
				"west": {"uv": [1, 6, 2, 7], "texture": "#0"},
				"up": {"uv": [1, 6, 2, 7], "texture": "#0"},
				"down": {"uv": [1, 6, 2, 7], "texture": "#0"}
			}
		},
		{
			"from": [7.5, 14, 31],
			"to": [8.5, 15, 32],
			"faces": {
				"north": {"uv": [1, 6, 2, 7], "texture": "#0"},
				"east": {"uv": [1, 6, 2, 7], "texture": "#0"},
				"south": {"uv": [1, 6, 2, 7], "texture": "#0"},
				"west": {"uv": [1, 6, 2, 7], "texture": "#0"},
				"up": {"uv": [1, 6, 2, 7], "texture": "#0"},
				"down": {"uv": [1, 6, 2, 7], "texture": "#0"}
			}
		},
		{
			"from": [8.5, 11, 31],
			"to": [9.5, 14, 32],
			"faces": {
				"north": {"uv": [4, 2, 5, 5], "texture": "#0"},
				"east": {"uv": [4, 2, 5, 5], "texture": "#0"},
				"south": {"uv": [4, 2, 5, 5], "texture": "#0"},
				"west": {"uv": [4, 2, 5, 5], "texture": "#0"},
				"up": {"uv": [4, 2, 5, 5], "texture": "#0"},
				"down": {"uv": [4, 2, 5, 5], "texture": "#0"}
			}
		},
		{
			"from": [6.5, 11, 31],
			"to": [7.5, 14, 32],
			"faces": {
				"north": {"uv": [4, 2, 5, 5], "texture": "#0"},
				"east": {"uv": [4, 2, 5, 5], "texture": "#0"},
				"south": {"uv": [4, 2, 5, 5], "texture": "#0"},
				"west": {"uv": [4, 2, 5, 5], "texture": "#0"},
				"up": {"uv": [4, 2, 5, 5], "texture": "#0"},
				"down": {"uv": [4, 2, 5, 5], "texture": "#0"}
			}
		},
		{
			"from": [7.5, 10, 31],
			"to": [8.5, 11, 32],
			"faces": {
				"north": {"uv": [1, 6, 2, 7], "texture": "#0"},
				"east": {"uv": [1, 6, 2, 7], "texture": "#0"},
				"south": {"uv": [1, 6, 2, 7], "texture": "#0"},
				"west": {"uv": [1, 6, 2, 7], "texture": "#0"},
				"up": {"uv": [1, 6, 2, 7], "texture": "#0"},
				"down": {"uv": [1, 6, 2, 7], "texture": "#0"}
			}
		},
		{
			"from": [5.5, 12, 31],
			"to": [6.5, 13, 32],
			"faces": {
				"north": {"uv": [1, 6, 2, 7], "texture": "#0"},
				"east": {"uv": [1, 6, 2, 7], "texture": "#0"},
				"south": {"uv": [1, 6, 2, 7], "texture": "#0"},
				"west": {"uv": [1, 6, 2, 7], "texture": "#0"},
				"up": {"uv": [1, 6, 2, 7], "texture": "#0"},
				"down": {"uv": [1, 6, 2, 7], "texture": "#0"}
			}
		},
		{
			"from": [9.5, 12, 31],
			"to": [10.5, 13, 32],
			"faces": {
				"north": {"uv": [1, 6, 2, 7], "texture": "#0"},
				"east": {"uv": [1, 6, 2, 7], "texture": "#0"},
				"south": {"uv": [1, 6, 2, 7], "texture": "#0"},
				"west": {"uv": [1, 6, 2, 7], "texture": "#0"},
				"up": {"uv": [1, 6, 2, 7], "texture": "#0"},
				"down": {"uv": [1, 6, 2, 7], "texture": "#0"}
			}
		},
		{
			"from": [14, 9, 25],
			"to": [15, 10, 30],
			"faces": {
				"north": {"uv": [0, 0, 1, 1], "texture": "#2"},
				"east": {"uv": [0, 0, 5, 1], "texture": "#2"},
				"south": {"uv": [0, 0, 1, 1], "texture": "#2"},
				"west": {"uv": [0, 0, 5, 1], "texture": "#2"},
				"up": {"uv": [0, 0, 1, 5], "texture": "#2"},
				"down": {"uv": [0, 0, 1, 5], "texture": "#missing"}
			}
		},
		{
			"from": [2, 9, 24],
			"to": [14, 10, 31],
			"faces": {
				"north": {"uv": [0, 0, 12, 1], "texture": "#2"},
				"east": {"uv": [0, 0, 7, 1], "texture": "#2"},
				"south": {"uv": [0, 0, 12, 1], "texture": "#2"},
				"west": {"uv": [0, 0, 7, 1], "texture": "#2"},
				"up": {"uv": [0, 0, 12, 7], "texture": "#2"},
				"down": {"uv": [0, 0, 12, 7], "texture": "#missing"}
			}
		},
		{
			"from": [2, 10, 25],
			"to": [14, 11, 30],
			"faces": {
				"north": {"uv": [0, 0, 12, 1], "texture": "#2"},
				"east": {"uv": [0, 0, 5, 1], "texture": "#2"},
				"south": {"uv": [0, 0, 12, 1], "texture": "#2"},
				"west": {"uv": [0, 0, 5, 1], "texture": "#2"},
				"up": {"uv": [0, 0, 12, 5], "texture": "#2"},
				"down": {"uv": [0, 0, 12, 5], "texture": "#missing"}
			}
		},
		{
			"from": [1, 9, 25],
			"to": [2, 10, 30],
			"faces": {
				"north": {"uv": [0, 0, 1, 1], "texture": "#2"},
				"east": {"uv": [0, 0, 5, 1], "texture": "#2"},
				"south": {"uv": [0, 0, 1, 1], "texture": "#2"},
				"west": {"uv": [0, 0, 5, 1], "texture": "#2"},
				"up": {"uv": [0, 0, 1, 5], "texture": "#2"},
				"down": {"uv": [0, 0, 1, 5], "texture": "#missing"}
			}
		},
		{
			"from": [16, 2, 18],
			"to": [17.5, 9.5, 24],
			"faces": {
				"north": {"uv": [0, 0, 1.5, 7.5], "texture": "#2"},
				"east": {"uv": [0, 0, 6, 7.5], "texture": "#2"},
				"south": {"uv": [0, 0, 1.5, 7.5], "texture": "#2"},
				"west": {"uv": [0, 0, 6, 7.5], "texture": "#2"},
				"up": {"uv": [0, 0, 1.5, 6], "texture": "#2"},
				"down": {"uv": [0, 0, 1.5, 6], "texture": "#missing"}
			}
		},
		{
			"from": [-0.5, 9, 18],
			"to": [16.5, 10.5, 24],
			"faces": {
				"north": {"uv": [0, 0, 16, 1.5], "texture": "#2"},
				"east": {"uv": [0, 0, 6, 1.5], "texture": "#2"},
				"south": {"uv": [0, 0, 16, 1.5], "texture": "#2"},
				"west": {"uv": [0, 0, 6, 1.5], "texture": "#2"},
				"up": {"uv": [0, 0, 16, 6], "texture": "#2"},
				"down": {"uv": [0, 0, 16, 6], "texture": "#missing"}
			}
		},
		{
			"from": [-1.5, 2, 18],
			"to": [0, 9.5, 24],
			"faces": {
				"north": {"uv": [0, 0, 1.5, 7.5], "texture": "#2"},
				"east": {"uv": [0, 0, 6, 7.5], "texture": "#2"},
				"south": {"uv": [0, 0, 1.5, 7.5], "texture": "#2"},
				"west": {"uv": [0, 0, 6, 7.5], "texture": "#2"},
				"up": {"uv": [0, 0, 1.5, 6], "texture": "#2"},
				"down": {"uv": [0, 0, 1.5, 6], "texture": "#missing"}
			}
		},
		{
			"from": [16, 2, -1],
			"to": [17, 9, 18],
			"faces": {
				"north": {"uv": [0, 0, 1, 7], "texture": "#1"},
				"east": {"uv": [0, 0, 16, 7], "texture": "#1"},
				"south": {"uv": [0, 0, 1, 7], "texture": "#1"},
				"west": {"uv": [0, 0, 16, 7], "texture": "#1"},
				"up": {"uv": [0, 0, 1, 16], "texture": "#1"},
				"down": {"uv": [0, 0, 1, 16], "texture": "#1"}
			}
		},
		{
			"from": [0, 9, -1],
			"to": [16, 10, 18],
			"faces": {
				"north": {"uv": [0, 0, 16, 1], "texture": "#1"},
				"east": {"uv": [0, 0, 16, 1], "texture": "#1"},
				"south": {"uv": [0, 0, 16, 1], "texture": "#1"},
				"west": {"uv": [0, 0, 16, 1], "texture": "#1"},
				"up": {"uv": [0, 0, 16, 16], "texture": "#1"},
				"down": {"uv": [0, 0, 16, 16], "texture": "#1"}
			}
		},
		{
			"from": [-1, 2, -1],
			"to": [0, 9, 18],
			"faces": {
				"north": {"uv": [0, 0, 1, 7], "texture": "#1"},
				"east": {"uv": [0, 0, 16, 7], "texture": "#1"},
				"south": {"uv": [0, 0, 1, 7], "texture": "#1"},
				"west": {"uv": [0, 0, 16, 7], "texture": "#1"},
				"up": {"uv": [0, 0, 1, 16], "texture": "#1"},
				"down": {"uv": [0, 0, 1, 16], "texture": "#missing"}
			}
		},
		{
			"from": [0, 2, -1.2],
			"to": [16, 9, 0.3],
			"faces": {
				"north": {"uv": [0, 0, 16, 7], "texture": "#1"},
				"east": {"uv": [0, 0, 1.5, 7], "texture": "#1"},
				"south": {"uv": [0, 0, 16, 7], "texture": "#1"},
				"west": {"uv": [0, 0, 1.5, 7], "texture": "#1"},
				"up": {"uv": [0, 0, 16, 1.5], "texture": "#1"},
				"down": {"uv": [0, 0, 16, 1.5], "texture": "#1"}
			}
		}
	],
	"display": {
		"thirdperson_righthand": {
			"rotation": [75, 45, 0],
			"translation": [0, 2.5, 0],
			"scale": [0.375, 0.375, 0.375]
		},
		"thirdperson_lefthand": {
			"rotation": [75, 45, 0],
			"translation": [0, 2.5, 0],
			"scale": [0.375, 0.375, 0.375]
		},
		"firstperson_righthand": {
			"rotation": [0, 45, 0],
			"translation": [0, 2, 0],
			"scale": [0.4, 0.4, 0.4]
		},
		"firstperson_lefthand": {
			"rotation": [0, 45, 0],
			"translation": [0, 2, 0],
			"scale": [0.4, 0.4, 0.4]
		},
		"ground": {
			"translation": [0, 4.25, -4.25]
		},
		"gui": {
			"rotation": [30, 225, 0],
			"translation": [2, -0.5, 0],
			"scale": [0.4, 0.4, 0.4]
		},
		"head": {
			"translation": [0, 0, -7]
		},
		"fixed": {
			"translation": [0, 0, 19],
			"scale": [2, 2, 2]
		}
	},
	"groups": [
		{
			"name": "Headboard/Footboard",
			"origin": [8, 8, 8],
			"children": [0, 1, 2, 3, 4, 5, 6, 7, 8, 9, 10, 11, 12, 13, 14, 15, 16, 17, 18, 19, 20, 21, 22, 23, 24, 25, 26, 27, 28, 29, 30, 31, 32, 33]
		},
		{
			"name": "Headboard/Footboard2",
			"origin": [8, 8, 8],
			"children": [34, 35, 36, 37, 38, 39, 40, 41, 42, 43, 44, 45, 46, 47, 48, 49, 50, 51, 52, 53, 54, 55, 56, 57, 58, 59, 60, 61, 62, 63, 64, 65, 66, 67]
		},
		{
			"name": "Pillow",
			"origin": [8, 8, 8],
			"children": [68, 69, 70, 71]
		},
		{
			"name": "Blanket Roll",
			"origin": [8, 8, 8],
			"children": [72, 73, 74]
		},
		{
			"name": "Blanket Roll2",
			"origin": [8, 8, 8],
			"children": [75, 76, 77, 78]
		}
	]
}