{
	"credit": "Made with Blockbench",
	"textures": {
		"0": "block/MizunoArchive/stripped_birch_log",
		"particle": "block/MizunoArchive/stripped_birch_log"
	},
	"elements": [
		{
			"from": [8, -3, 15],
			"to": [24, -2, 16],
			"rotation": {"angle": 0, "axis": "y", "origin": [16, 5, 23]},
			"faces": {
				"north": {"uv": [0, 0, 16, 1], "texture": "#0"},
				"east": {"uv": [0, 0, 1, 1], "texture": "#0"},
				"south": {"uv": [0, 0, 16, 1], "texture": "#0"},
				"west": {"uv": [0, 0, 1, 1], "texture": "#0"},
				"up": {"uv": [0, 0, 16, 1], "texture": "#0"},
				"down": {"uv": [0, 0, 16, 1], "texture": "#0"}
			}
		},
		{
			"from": [-8, -3, 15],
			"to": [8, -2, 16],
			"rotation": {"angle": 0, "axis": "y", "origin": [0, 5, 23]},
			"faces": {
				"north": {"uv": [0, 0, 16, 1], "texture": "#0"},
				"east": {"uv": [0, 0, 1, 1], "texture": "#0"},
				"south": {"uv": [0, 0, 16, 1], "texture": "#0"},
				"west": {"uv": [0, 0, 1, 1], "texture": "#0"},
				"up": {"uv": [0, 0, 16, 1], "texture": "#0"},
				"down": {"uv": [0, 0, 16, 1], "texture": "#0"}
			}
		},
		{
			"from": [24, -2, 15],
			"to": [25, 14, 16],
			"rotation": {"angle": 0, "axis": "y", "origin": [17, 6, 23]},
			"faces": {
				"north": {"uv": [0, 0, 16, 1], "rotation": 90, "texture": "#0"},
				"east": {"uv": [0, 0, 16, 1], "rotation": 270, "texture": "#0"},
				"south": {"uv": [0, 0, 16, 1], "rotation": 270, "texture": "#0"},
				"west": {"uv": [0, 0, 16, 1], "rotation": 270, "texture": "#0"},
				"up": {"uv": [0, 0, 1, 1], "rotation": 270, "texture": "#0"},
				"down": {"uv": [0, 0, 1, 1], "rotation": 270, "texture": "#0"}
			}
		},
		{
			"from": [24, 14, 15],
			"to": [25, 30, 16],
			"rotation": {"angle": 0, "axis": "y", "origin": [17, 22, 23]},
			"faces": {
				"north": {"uv": [0, 0, 16, 1], "rotation": 90, "texture": "#0"},
				"east": {"uv": [0, 0, 16, 1], "rotation": 270, "texture": "#0"},
				"south": {"uv": [0, 0, 16, 1], "rotation": 270, "texture": "#0"},
				"west": {"uv": [0, 0, 16, 1], "rotation": 270, "texture": "#0"},
				"up": {"uv": [0, 0, 1, 1], "rotation": 270, "texture": "#0"},
				"down": {"uv": [0, 0, 1, 1], "rotation": 270, "texture": "#0"}
			}
		},
		{
			"from": [8, 30, 15],
			"to": [24, 31, 16],
			"rotation": {"angle": 0, "axis": "y", "origin": [16, 38, 23]},
			"faces": {
				"north": {"uv": [0, 0, 16, 1], "texture": "#0"},
				"east": {"uv": [0, 0, 1, 1], "texture": "#0"},
				"south": {"uv": [0, 0, 16, 1], "texture": "#0"},
				"west": {"uv": [0, 0, 1, 1], "texture": "#0"},
				"up": {"uv": [0, 0, 16, 1], "texture": "#0"},
				"down": {"uv": [0, 0, 16, 1], "texture": "#0"}
			}
		},
		{
			"from": [-8, 30, 15],
			"to": [8, 31, 16],
			"rotation": {"angle": 0, "axis": "y", "origin": [0, 38, 23]},
			"faces": {
				"north": {"uv": [0, 0, 16, 1], "texture": "#0"},
				"east": {"uv": [0, 0, 1, 1], "texture": "#0"},
				"south": {"uv": [0, 0, 16, 1], "texture": "#0"},
				"west": {"uv": [0, 0, 1, 1], "texture": "#0"},
				"up": {"uv": [0, 0, 16, 1], "texture": "#0"},
				"down": {"uv": [0, 0, 16, 1], "texture": "#0"}
			}
		},
		{
			"from": [-9, -2, 15],
			"to": [-8, 14, 16],
			"rotation": {"angle": 0, "axis": "y", "origin": [-16, 6, 23]},
			"faces": {
				"north": {"uv": [0, 0, 16, 1], "rotation": 90, "texture": "#0"},
				"east": {"uv": [0, 0, 16, 1], "rotation": 270, "texture": "#0"},
				"south": {"uv": [0, 0, 16, 1], "rotation": 270, "texture": "#0"},
				"west": {"uv": [0, 0, 16, 1], "rotation": 270, "texture": "#0"},
				"up": {"uv": [0, 0, 1, 1], "rotation": 270, "texture": "#0"},
				"down": {"uv": [0, 0, 1, 1], "rotation": 270, "texture": "#0"}
			}
		},
		{
			"from": [-9, 14, 15],
			"to": [-8, 30, 16],
			"rotation": {"angle": 0, "axis": "y", "origin": [-16, 22, 23]},
			"faces": {
				"north": {"uv": [0, 0, 16, 1], "rotation": 90, "texture": "#0"},
				"east": {"uv": [0, 0, 16, 1], "rotation": 270, "texture": "#0"},
				"south": {"uv": [0, 0, 16, 1], "rotation": 270, "texture": "#0"},
				"west": {"uv": [0, 0, 16, 1], "rotation": 270, "texture": "#0"},
				"up": {"uv": [0, 0, 1, 1], "rotation": 270, "texture": "#0"},
				"down": {"uv": [0, 0, 1, 1], "rotation": 270, "texture": "#0"}
			}
		},
		{
			"from": [-9.5, -3.5, 14.75],
			"to": [-8, -2, 16],
			"rotation": {"angle": 0, "axis": "y", "origin": [-1, 5, 23]},
			"faces": {
				"north": {"uv": [0, 13, 2, 15], "texture": "#0"},
				"east": {"uv": [0, 13, 2, 15], "texture": "#0"},
				"south": {"uv": [0, 13, 2, 15], "texture": "#0"},
				"west": {"uv": [0, 13, 2, 15], "texture": "#0"},
				"up": {"uv": [0, 13, 2, 15], "texture": "#0"},
				"down": {"uv": [0, 13, 2, 15], "texture": "#0"}
			}
		},
		{
			"from": [24, -3.5, 14.75],
			"to": [25.5, -2, 16],
			"rotation": {"angle": 0, "axis": "y", "origin": [17, 5, 23]},
			"faces": {
				"north": {"uv": [0, 13, 2, 15], "texture": "#0"},
				"east": {"uv": [0, 13, 2, 15], "texture": "#0"},
				"south": {"uv": [0, 13, 2, 15], "texture": "#0"},
				"west": {"uv": [0, 13, 2, 15], "texture": "#0"},
				"up": {"uv": [0, 13, 2, 15], "texture": "#0"},
				"down": {"uv": [0, 13, 2, 15], "texture": "#0"}
			}
		},
		{
			"from": [-9.5, 30, 14.75],
			"to": [-8, 31.5, 16],
			"rotation": {"angle": 0, "axis": "y", "origin": [-1, 38.5, 23]},
			"faces": {
				"north": {"uv": [0, 13, 2, 15], "texture": "#0"},
				"east": {"uv": [0, 13, 2, 15], "texture": "#0"},
				"south": {"uv": [0, 13, 2, 15], "texture": "#0"},
				"west": {"uv": [0, 13, 2, 15], "texture": "#0"},
				"up": {"uv": [0, 13, 2, 15], "texture": "#0"},
				"down": {"uv": [0, 13, 2, 15], "texture": "#0"}
			}
		},
		{
			"from": [24, 30, 14.75],
			"to": [25.5, 31.5, 16],
			"rotation": {"angle": 0, "axis": "y", "origin": [17, 38.5, 23]},
			"faces": {
				"north": {"uv": [0, 13, 2, 15], "texture": "#0"},
				"east": {"uv": [0, 13, 2, 15], "texture": "#0"},
				"south": {"uv": [0, 13, 2, 15], "texture": "#0"},
				"west": {"uv": [0, 13, 2, 15], "texture": "#0"},
				"up": {"uv": [0, 13, 2, 15], "texture": "#0"},
				"down": {"uv": [0, 13, 2, 15], "texture": "#0"}
			}
		}
	],
	"display": {
		"thirdperson_righthand": {
			"rotation": [75, 45, 0],
			"translation": [0, 2.5, 0],
			"scale": [0.375, 0.375, 0.375]
		},
		"thirdperson_lefthand": {
			"rotation": [75, 45, 0],
			"translation": [0, 2.5, 0],
			"scale": [0.375, 0.375, 0.375]
		},
		"firstperson_righthand": {
			"rotation": [0, 111.75, 0],
			"scale": [0.4, 0.4, 0.4]
		},
		"firstperson_lefthand": {
			"rotation": [0, 111.75, 0],
			"scale": [0.4, 0.4, 0.4]
		},
		"ground": {
			"translation": [0, 3.5, 0],
			"scale": [0.8, 0.8, 0.8]
		},
		"gui": {
			"rotation": [30, 225, 0],
			"translation": [2.5, -1, 0],
			"scale": [0.625, 0.625, 0.625]
		},
		"head": {
			"translation": [0, 0, -15.25]
		},
		"fixed": {
			"translation": [-48, 4, -15],
			"scale": [2, 2, 2]
		}
	}
}