{
	"credit": "Made with Blockbench",
	"texture_size": [64, 64],
	"textures": {
		"1": "block/Birdcage_small"
	},
	"elements": [
		{
			"from": [1.26875, 0.06848, 1.52092],
			"to": [14.79875, 2.73348, 15.05092],
			"rotation": {"angle": 0, "axis": "y", "origin": [8.03375, 6.83348, 8.28592]},
			"faces": {
				"north": {"uv": [0, 4, 4.125, 4.75], "texture": "#1"},
				"east": {"uv": [0, 4, 4.125, 4.75], "texture": "#1"},
				"south": {"uv": [0, 4, 4.125, 4.75], "texture": "#1"},
				"west": {"uv": [0, 4, 4.125, 4.75], "texture": "#1"},
				"up": {"uv": [4.125, 5, 8.25, 9.125], "texture": "#1"},
				"down": {"uv": [0, 5, 4.125, 9.125], "texture": "#1"}
			}
		},
		{
			"from": [0.44875, 2.73348, 0.70092],
			"to": [15.61875, 3.55348, 1.93092],
			"rotation": {"angle": 0, "axis": "y", "origin": [8.03375, 9.29348, 8.28592]},
			"faces": {
				"north": {"uv": [0, 4.75, 4.625, 5], "texture": "#1"},
				"east": {"uv": [0, 4.75, 0.375, 5], "texture": "#1"},
				"south": {"uv": [0, 4.75, 4.625, 5], "texture": "#1"},
				"west": {"uv": [0, 4.75, 4.625, 5], "texture": "#1"},
				"up": {"uv": [0, 4.75, 4.625, 5], "texture": "#1"},
				"down": {"uv": [0, 4.75, 4.625, 5], "texture": "#1"}
			}
		},
		{
			"from": [14.38875, 2.73348, 1.93092],
			"to": [15.61875, 3.55348, 14.64092],
			"rotation": {"angle": 0, "axis": "y", "origin": [8.03375, 9.29348, 8.28592]},
			"faces": {
				"north": {"uv": [0, 4.75, 4.625, 5], "texture": "#1"},
				"east": {"uv": [0, 4.75, 4.625, 5], "texture": "#1"},
				"south": {"uv": [0, 4.75, 4.625, 5], "texture": "#1"},
				"west": {"uv": [0, 4.75, 4.625, 5], "texture": "#1"},
				"up": {"uv": [0, 4.75, 4.625, 5], "rotation": 90, "texture": "#1"},
				"down": {"uv": [0, 4.75, 4.625, 5], "texture": "#1"}
			}
		},
		{
			"from": [0.44875, 2.73348, 14.64092],
			"to": [15.61875, 3.55348, 15.87092],
			"rotation": {"angle": 0, "axis": "y", "origin": [8.03375, 9.29348, 8.28592]},
			"faces": {
				"north": {"uv": [0, 4.75, 4.625, 5], "texture": "#1"},
				"east": {"uv": [0, 4.75, 0.375, 5], "texture": "#1"},
				"south": {"uv": [0, 4.75, 4.625, 5], "texture": "#1"},
				"west": {"uv": [0, 4.75, 0.375, 5], "texture": "#1"},
				"up": {"uv": [0, 4.75, 4.625, 5], "texture": "#1"},
				"down": {"uv": [0, 4.75, 4.625, 5], "texture": "#1"}
			}
		},
		{
			"from": [0.44875, 2.73348, 1.93092],
			"to": [1.67875, 3.55348, 14.64092],
			"rotation": {"angle": 0, "axis": "y", "origin": [8.03375, 9.29348, 8.28592]},
			"faces": {
				"north": {"uv": [0, 4.75, 3.875, 5], "texture": "#1"},
				"east": {"uv": [0, 4.75, 3.875, 5], "texture": "#1"},
				"south": {"uv": [11.625, 3.625, 11.875, 4.5], "rotation": 270, "texture": "#1"},
				"west": {"uv": [0, 4.75, 3.875, 5], "texture": "#1"},
				"up": {"uv": [0, 4.75, 3.875, 5], "rotation": 90, "texture": "#1"},
				"down": {"uv": [0, 4.75, 3.875, 5], "texture": "#1"}
			}
		},
		{
			"from": [0.85875, 12.98348, 10.6178],
			"to": [15.20875, 13.39348, 11.0278],
			"rotation": {"angle": 0, "axis": "y", "origin": [8.03375, 19.13348, 17.7928]},
			"faces": {
				"north": {"uv": [0, 9.125, 4.625, 9.25], "texture": "#1"},
				"east": {"uv": [0, 9.125, 0.125, 9.25], "texture": "#1"},
				"south": {"uv": [0, 9.125, 4.625, 9.25], "texture": "#1"},
				"west": {"uv": [0, 9.125, 0.125, 9.25], "texture": "#1"},
				"up": {"uv": [0, 9.125, 4.625, 9.25], "texture": "#1"},
				"down": {"uv": [0, 9.125, 4.625, 9.25], "texture": "#1"}
			}
		},
		{
			"from": [0.85875, 9.70348, 5.56967],
			"to": [15.20875, 10.11348, 5.97967],
			"rotation": {"angle": 0, "axis": "y", "origin": [8.03375, 15.85348, 12.74467]},
			"faces": {
				"north": {"uv": [0, 9.125, 4.625, 9.25], "texture": "#1"},
				"east": {"uv": [0, 9.125, 0.125, 9.25], "texture": "#1"},
				"south": {"uv": [0, 9.125, 4.625, 9.25], "texture": "#1"},
				"west": {"uv": [0, 9.125, 0.125, 9.25], "texture": "#1"},
				"up": {"uv": [0, 9.125, 4.625, 9.25], "texture": "#1"},
				"down": {"uv": [0, 9.125, 4.625, 9.25], "texture": "#1"}
			}
		},
		{
			"from": [3.15168, 4.77938, 13.06857],
			"to": [6.20208, 6.30458, 15.10217],
			"rotation": {"angle": 0, "axis": "y", "origin": [10.26928, 13.93058, 22.21977]},
			"faces": {
				"north": {"uv": [8.25, 1, 9, 1.375], "texture": "#1"},
				"east": {"uv": [9, 1, 9.5, 1.375], "texture": "#1"},
				"south": {"uv": [8.25, 1, 9, 1.375], "texture": "#1"},
				"west": {"uv": [9, 1, 9.5, 1.375], "texture": "#1"},
				"up": {"uv": [8.25, 1.375, 9.5, 3], "rotation": 90, "texture": "#1"},
				"down": {"uv": [8.25, 1, 9, 1.375], "texture": "#1"}
			}
		},
		{
			"from": [3.15168, 6.30458, 13.06857],
			"to": [6.20208, 6.81298, 13.32277],
			"rotation": {"angle": 0, "axis": "y", "origin": [10.26928, 13.93058, 22.21977]},
			"faces": {
				"north": {"uv": [9.125, 1, 9.5, 1.125], "texture": "#1"},
				"east": {"uv": [9.125, 1, 9.5, 1.125], "texture": "#1"},
				"south": {"uv": [9.125, 1, 9.5, 1.125], "texture": "#1"},
				"west": {"uv": [9.125, 1, 9.5, 1.125], "texture": "#1"},
				"up": {"uv": [9.125, 1, 9.5, 1.125], "texture": "#1"},
				"down": {"uv": [9.125, 1, 9.5, 1.125], "texture": "#1"}
			}
		},
		{
			"from": [3.15168, 6.30458, 13.32277],
			"to": [3.40588, 6.81298, 14.84797],
			"rotation": {"angle": 0, "axis": "y", "origin": [4.16848, 6.55878, 14.84797]},
			"faces": {
				"north": {"uv": [9.125, 1, 9.5, 1.125], "texture": "#1"},
				"east": {"uv": [9.125, 1, 9.5, 1.125], "texture": "#1"},
				"south": {"uv": [9.125, 1, 9.5, 1.125], "texture": "#1"},
				"west": {"uv": [9.125, 1, 9.5, 1.125], "texture": "#1"},
				"up": {"uv": [9.125, 1, 9.5, 1.125], "texture": "#1"},
				"down": {"uv": [9.125, 1, 9.5, 1.125], "texture": "#1"}
			}
		},
		{
			"from": [3.15168, 6.30458, 14.84797],
			"to": [6.20208, 6.81298, 15.10217],
			"rotation": {"angle": 0, "axis": "y", "origin": [10.26928, 13.93058, 23.99917]},
			"faces": {
				"north": {"uv": [9.125, 1, 9.5, 1.125], "texture": "#1"},
				"east": {"uv": [9.125, 1, 9.5, 1.125], "texture": "#1"},
				"south": {"uv": [9.125, 1, 9.5, 1.125], "texture": "#1"},
				"west": {"uv": [9.125, 1, 9.5, 1.125], "texture": "#1"},
				"up": {"uv": [9.125, 1, 9.5, 1.125], "texture": "#1"},
				"down": {"uv": [9.125, 1, 9.5, 1.125], "texture": "#1"}
			}
		},
		{
			"from": [5.94788, 6.30458, 13.32277],
			"to": [6.20208, 6.81298, 14.84797],
			"rotation": {"angle": 0, "axis": "y", "origin": [5.18528, 6.55878, 14.84797]},
			"faces": {
				"north": {"uv": [9.125, 1, 9.5, 1.125], "texture": "#1"},
				"east": {"uv": [9.125, 1, 9.5, 1.125], "texture": "#1"},
				"south": {"uv": [9.125, 1, 9.5, 1.125], "texture": "#1"},
				"west": {"uv": [9.125, 1, 9.5, 1.125], "texture": "#1"},
				"up": {"uv": [9.125, 1, 9.5, 1.125], "texture": "#1"},
				"down": {"uv": [9.125, 1, 9.5, 1.125], "texture": "#1"}
			}
		},
		{
			"from": [5.69368, 4.77938, 12.30597],
			"to": [6.20208, 5.28778, 13.32277],
			"rotation": {"angle": -22.5, "axis": "x", "origin": [4.67688, 5.03358, 12.56017]},
			"faces": {
				"north": {"uv": [9, 1, 9.5, 1.375], "texture": "#1"},
				"east": {"uv": [9.125, 1.125, 9.25, 1.375], "rotation": 90, "texture": "#1"},
				"south": {"uv": [9, 1, 9.5, 1.375], "texture": "#1"},
				"west": {"uv": [9.125, 1.125, 9.25, 1.375], "rotation": 270, "texture": "#1"},
				"up": {"uv": [9.125, 1.125, 9.25, 1.375], "texture": "#1"},
				"down": {"uv": [9.125, 1.125, 9.25, 1.375], "texture": "#1"}
			}
		},
		{
			"from": [3.15168, 4.77938, 12.30597],
			"to": [3.66008, 5.28778, 13.32277],
			"rotation": {"angle": -22.5, "axis": "x", "origin": [4.67688, 5.03358, 12.56017]},
			"faces": {
				"north": {"uv": [9.125, 1.125, 9.25, 1.375], "texture": "#1"},
				"east": {"uv": [9.125, 1.125, 9.25, 1.375], "rotation": 90, "texture": "#1"},
				"south": {"uv": [9.125, 1.125, 9.25, 1.375], "texture": "#1"},
				"west": {"uv": [9.125, 1.125, 9.25, 1.375], "rotation": 270, "texture": "#1"},
				"up": {"uv": [9.125, 1.125, 9.25, 1.375], "texture": "#1"},
				"down": {"uv": [9.125, 1.125, 9.25, 1.375], "texture": "#1"}
			}
		},
		{
			"from": [3.15168, 4.77938, 11.79757],
			"to": [6.20208, 5.28778, 12.30597],
			"rotation": {"angle": -22.5, "axis": "x", "origin": [4.67688, 5.03358, 12.56017]},
			"faces": {
				"north": {"uv": [9.375, 1, 9.5, 1.125], "texture": "#1"},
				"east": {"uv": [9.375, 1, 9.5, 1.125], "texture": "#1"},
				"south": {"uv": [9.375, 1, 9.5, 1.125], "texture": "#1"},
				"west": {"uv": [9.375, 1, 9.5, 1.125], "texture": "#1"},
				"up": {"uv": [9.375, 1, 9.5, 1.125], "texture": "#1"},
				"down": {"uv": [9.375, 1, 9.5, 1.125], "texture": "#1"}
			}
		},
		{
			"from": [9.86543, 4.77938, 13.06857],
			"to": [12.91582, 6.30458, 15.10217],
			"rotation": {"angle": 0, "axis": "y", "origin": [5.79823, 13.93058, 22.21977]},
			"faces": {
				"north": {"uv": [10.25, 1, 9.5, 1.375], "texture": "#1"},
				"east": {"uv": [10.75, 1, 10.25, 1.375], "texture": "#1"},
				"south": {"uv": [10.25, 1, 9.5, 1.375], "texture": "#1"},
				"west": {"uv": [10.75, 1, 10.25, 1.375], "texture": "#1"},
				"up": {"uv": [9.5, 3, 10.75, 1.375], "rotation": 90, "texture": "#1"},
				"down": {"uv": [10.25, 1, 9.5, 1.375], "texture": "#1"}
			}
		},
		{
			"from": [9.86543, 6.30458, 13.06857],
			"to": [12.91582, 6.81298, 13.32277],
			"rotation": {"angle": 0, "axis": "y", "origin": [5.79823, 13.93058, 22.21977]},
			"faces": {
				"north": {"uv": [10.75, 1, 10.375, 1.125], "texture": "#1"},
				"east": {"uv": [10.75, 1, 10.375, 1.125], "texture": "#1"},
				"south": {"uv": [10.75, 1, 10.375, 1.125], "texture": "#1"},
				"west": {"uv": [10.75, 1, 10.375, 1.125], "texture": "#1"},
				"up": {"uv": [10.75, 1, 10.375, 1.125], "texture": "#1"},
				"down": {"uv": [10.75, 1, 10.375, 1.125], "texture": "#1"}
			}
		},
		{
			"from": [12.66163, 6.30458, 13.32277],
			"to": [12.91582, 6.81298, 14.84797],
			"rotation": {"angle": 0, "axis": "y", "origin": [11.89903, 6.55878, 14.84797]},
			"faces": {
				"north": {"uv": [10.75, 1, 10.375, 1.125], "texture": "#1"},
				"east": {"uv": [10.75, 1, 10.375, 1.125], "texture": "#1"},
				"south": {"uv": [10.75, 1, 10.375, 1.125], "texture": "#1"},
				"west": {"uv": [10.75, 1, 10.375, 1.125], "texture": "#1"},
				"up": {"uv": [10.75, 1, 10.375, 1.125], "texture": "#1"},
				"down": {"uv": [10.75, 1, 10.375, 1.125], "texture": "#1"}
			}
		},
		{
			"from": [9.86543, 6.30458, 14.84797],
			"to": [12.91582, 6.81298, 15.10217],
			"rotation": {"angle": 0, "axis": "y", "origin": [5.79823, 13.93058, 23.99917]},
			"faces": {
				"north": {"uv": [10.75, 1, 10.375, 1.125], "texture": "#1"},
				"east": {"uv": [10.75, 1, 10.375, 1.125], "texture": "#1"},
				"south": {"uv": [10.75, 1, 10.375, 1.125], "texture": "#1"},
				"west": {"uv": [10.75, 1, 10.375, 1.125], "texture": "#1"},
				"up": {"uv": [10.75, 1, 10.375, 1.125], "texture": "#1"},
				"down": {"uv": [10.75, 1, 10.375, 1.125], "texture": "#1"}
			}
		},
		{
			"from": [9.86543, 6.30458, 13.32277],
			"to": [10.11962, 6.81298, 14.84797],
			"rotation": {"angle": 0, "axis": "y", "origin": [10.88222, 6.55878, 14.84797]},
			"faces": {
				"north": {"uv": [10.75, 1, 10.375, 1.125], "texture": "#1"},
				"east": {"uv": [10.75, 1, 10.375, 1.125], "texture": "#1"},
				"south": {"uv": [10.75, 1, 10.375, 1.125], "texture": "#1"},
				"west": {"uv": [10.75, 1, 10.375, 1.125], "texture": "#1"},
				"up": {"uv": [10.75, 1, 10.375, 1.125], "texture": "#1"},
				"down": {"uv": [10.75, 1, 10.375, 1.125], "texture": "#1"}
			}
		},
		{
			"from": [9.86543, 4.77938, 12.30597],
			"to": [10.37383, 5.28778, 13.32277],
			"rotation": {"angle": -22.5, "axis": "x", "origin": [11.39063, 5.03358, 12.56017]},
			"faces": {
				"north": {"uv": [9.5, 1, 9, 1.375], "texture": "#1"},
				"east": {"uv": [10.375, 1.375, 10.5, 1.125], "rotation": 270, "texture": "#1"},
				"south": {"uv": [9.5, 1, 9, 1.375], "texture": "#1"},
				"west": {"uv": [10.375, 1.375, 10.5, 1.125], "rotation": 90, "texture": "#1"},
				"up": {"uv": [10.5, 1.125, 10.375, 1.375], "texture": "#1"},
				"down": {"uv": [9.25, 1.125, 9.125, 1.375], "texture": "#1"}
			}
		},
		{
			"from": [12.40743, 4.77938, 12.30597],
			"to": [12.91582, 5.28778, 13.32277],
			"rotation": {"angle": -22.5, "axis": "x", "origin": [11.39063, 5.03358, 12.56017]},
			"faces": {
				"north": {"uv": [9.25, 1.125, 9.125, 1.375], "texture": "#1"},
				"east": {"uv": [10.375, 1.375, 10.5, 1.125], "rotation": 270, "texture": "#1"},
				"south": {"uv": [9.25, 1.125, 9.125, 1.375], "texture": "#1"},
				"west": {"uv": [10.375, 1.375, 10.5, 1.125], "rotation": 90, "texture": "#1"},
				"up": {"uv": [10.5, 1.125, 10.375, 1.375], "texture": "#1"},
				"down": {"uv": [9.25, 1.125, 9.125, 1.375], "texture": "#1"}
			}
		},
		{
			"from": [9.86543, 4.77938, 11.79757],
			"to": [12.91582, 5.28778, 12.30597],
			"rotation": {"angle": -22.5, "axis": "x", "origin": [11.39063, 5.03358, 12.56017]},
			"faces": {
				"north": {"uv": [10.5, 1, 10.375, 1.125], "texture": "#1"},
				"east": {"uv": [10.5, 1, 10.375, 1.125], "texture": "#1"},
				"south": {"uv": [10.5, 1, 10.375, 1.125], "texture": "#1"},
				"west": {"uv": [10.5, 1, 10.375, 1.125], "texture": "#1"},
				"up": {"uv": [10.5, 1, 10.375, 1.125], "texture": "#1"},
				"down": {"uv": [10.5, 1, 10.375, 1.125], "texture": "#1"}
			}
		},
		{
			"from": [1.06375, 3.55348, 1.31592],
			"to": [15.00375, 16.67348, 1.31592],
			"rotation": {"angle": 0, "axis": "y", "origin": [7.62375, 10.11348, 7.87592]},
			"faces": {
				"north": {"uv": [4.125, 0, 8.25, 4], "texture": "#1"},
				"east": {"uv": [4.125, 0, 8.25, 4], "texture": "#1"},
				"south": {"uv": [4.125, 0, 8.25, 4], "texture": "#1"},
				"west": {"uv": [4.125, 0, 8.25, 4], "texture": "#1"},
				"up": {"uv": [4.125, 0, 8.25, 4], "texture": "#1"},
				"down": {"uv": [4.125, 0, 8.25, 4], "texture": "#1"}
			}
		},
		{
			"from": [1.06375, 3.55348, 1.31592],
			"to": [1.06375, 16.67348, 15.25592],
			"rotation": {"angle": 0, "axis": "y", "origin": [7.62375, 10.11348, 7.87592]},
			"faces": {
				"north": {"uv": [0, 0, 4.125, 4], "texture": "#1"},
				"east": {"uv": [0, 0, 4.125, 4], "texture": "#1"},
				"south": {"uv": [0, 0, 4.125, 4], "texture": "#1"},
				"west": {"uv": [0, 0, 4.125, 4], "texture": "#1"},
				"up": {"uv": [0, 0, 4.125, 4], "texture": "#1"},
				"down": {"uv": [0, 0, 4.125, 4], "texture": "#1"}
			}
		},
		{
			"from": [1.06375, 16.67348, 1.31592],
			"to": [1.06375, 20.15848, 15.25592],
			"rotation": {"angle": 0, "axis": "y", "origin": [7.62375, 19.95348, 7.87592]},
			"faces": {
				"north": {"uv": [8.25, 0, 12.375, 0.9375], "texture": "#1"},
				"east": {"uv": [8.25, 0, 12.375, 0.9375], "texture": "#1"},
				"south": {"uv": [8.25, 0, 12.375, 0.9375], "texture": "#1"},
				"west": {"uv": [8.25, 0, 12.375, 0.9375], "texture": "#1"},
				"up": {"uv": [8.25, 0, 12.375, 0.9375], "texture": "#1"},
				"down": {"uv": [8.25, 0, 12.375, 0.9375], "texture": "#1"}
			}
		},
		{
			"from": [1.06375, 10.11348, 4.03398],
			"to": [15.00375, 15.03348, 4.03398],
			"rotation": {"angle": 45, "axis": "x", "origin": [7.62375, 16.67348, 10.59398]},
			"faces": {
				"north": {"uv": [0, 0, 4.125, 2], "texture": "#1"},
				"east": {"uv": [0, 0, 4.125, 2], "texture": "#1"},
				"south": {"uv": [0, 0, 4.125, 2], "texture": "#1"},
				"west": {"uv": [0, 0, 4.125, 2], "texture": "#1"},
				"up": {"uv": [0, 0, 4.125, 2], "texture": "#1"},
				"down": {"uv": [0, 0, 4.125, 2], "texture": "#1"}
			}
		},
		{
			"from": [15.00375, 3.55348, 1.31592],
			"to": [15.00375, 16.67348, 15.25592],
			"rotation": {"angle": 0, "axis": "y", "origin": [8.44375, 10.11348, 7.87592]},
			"faces": {
				"north": {"uv": [0, 0, 4.125, 4], "texture": "#1"},
				"east": {"uv": [0, 0, 4.125, 4], "texture": "#1"},
				"south": {"uv": [0, 0, 4.125, 4], "texture": "#1"},
				"west": {"uv": [0, 0, 4.125, 4], "texture": "#1"},
				"up": {"uv": [0, 0, 4.125, 4], "texture": "#1"},
				"down": {"uv": [0, 0, 4.125, 4], "texture": "#1"}
			}
		},
		{
			"from": [15.00375, 16.67348, 1.31592],
			"to": [15.00375, 20.15848, 15.25592],
			"rotation": {"angle": 0, "axis": "y", "origin": [8.44375, 19.95348, 7.87592]},
			"faces": {
				"north": {"uv": [8.25, 0, 12.375, 0.9375], "texture": "#1"},
				"east": {"uv": [8.25, 0, 12.375, 0.9375], "texture": "#1"},
				"south": {"uv": [8.25, 0, 12.375, 0.9375], "texture": "#1"},
				"west": {"uv": [8.25, 0, 12.375, 0.9375], "texture": "#1"},
				"up": {"uv": [8.25, 0, 12.375, 0.9375], "texture": "#1"},
				"down": {"uv": [8.25, 0, 12.375, 0.9375], "texture": "#1"}
			}
		},
		{
			"from": [1.06375, 3.55348, 15.25592],
			"to": [15.00375, 16.67348, 15.25592],
			"rotation": {"angle": 0, "axis": "y", "origin": [7.62375, 10.11348, 8.69592]},
			"faces": {
				"north": {"uv": [0, 0, 4.125, 4], "texture": "#1"},
				"east": {"uv": [0, 0, 4.125, 4], "texture": "#1"},
				"south": {"uv": [0, 0, 4.125, 4], "texture": "#1"},
				"west": {"uv": [0, 0, 4.125, 4], "texture": "#1"},
				"up": {"uv": [0, 0, 4.125, 4], "texture": "#1"},
				"down": {"uv": [0, 0, 4.125, 4], "texture": "#1"}
			}
		},
		{
			"from": [1.06375, 10.11348, 12.53786],
			"to": [15.00375, 15.03348, 12.53786],
			"rotation": {"angle": -45, "axis": "x", "origin": [7.62375, 16.67348, 5.97786]},
			"faces": {
				"north": {"uv": [0, 0, 4.125, 2], "texture": "#1"},
				"east": {"uv": [0, 0, 4.125, 2], "texture": "#1"},
				"south": {"uv": [0, 0, 4.125, 2], "texture": "#1"},
				"west": {"uv": [0, 0, 4.125, 2], "texture": "#1"},
				"up": {"uv": [0, 0, 4.125, 2], "texture": "#1"},
				"down": {"uv": [0, 0, 4.125, 2], "texture": "#1"}
			}
		},
		{
			"from": [1.06375, 20.15162, 4.79629],
			"to": [15.00375, 20.15104, 11.77614],
			"rotation": {"angle": 0, "axis": "x", "origin": [8.03375, 20.15162, 9.31614]},
			"faces": {
				"north": {"uv": [0, 0.125, 4.125, 2], "texture": "#1"},
				"east": {"uv": [0, 0.125, 4.125, 2], "texture": "#1"},
				"south": {"uv": [0, 0.125, 4.125, 2], "texture": "#1"},
				"west": {"uv": [0, 0.125, 4.125, 2], "texture": "#1"},
				"up": {"uv": [0, 0.125, 4.125, 2], "texture": "#1"},
				"down": {"uv": [0, 0.125, 4.125, 2], "texture": "#1"}
			}
		},
		{
			"from": [14.97812, 17.91805, 0.8004],
			"to": [14.97812, 18.32805, 5.7204],
			"rotation": {"angle": -45, "axis": "x", "origin": [14.97812, 18.12305, 3.0554]},
			"faces": {
				"north": {"uv": [0.5, 0, 1.875, 0.125], "texture": "#1"},
				"east": {"uv": [0.5, 0, 1.875, 0.125], "texture": "#1"},
				"south": {"uv": [0.5, 0, 1.875, 0.125], "texture": "#1"},
				"west": {"uv": [0.5, 0, 1.875, 0.125], "texture": "#1"},
				"up": {"uv": [0.5, 0, 1.875, 0.125], "texture": "#1"},
				"down": {"uv": [0.5, 0, 1.875, 0.125], "texture": "#1"}
			}
		},
		{
			"from": [1.08938, 17.91805, 0.8004],
			"to": [1.08938, 18.32805, 5.7204],
			"rotation": {"angle": -45, "axis": "x", "origin": [1.08938, 18.12305, 3.0554]},
			"faces": {
				"north": {"uv": [0.5, 0, 1.875, 0.125], "texture": "#1"},
				"east": {"uv": [0.5, 0, 1.875, 0.125], "texture": "#1"},
				"south": {"uv": [0.5, 0, 1.875, 0.125], "texture": "#1"},
				"west": {"uv": [0.5, 0, 1.875, 0.125], "texture": "#1"},
				"up": {"uv": [0.5, 0, 1.875, 0.125], "texture": "#1"},
				"down": {"uv": [0.5, 0, 1.875, 0.125], "texture": "#1"}
			}
		},
		{
			"from": [14.97812, 17.91805, 10.85144],
			"to": [14.97812, 18.32805, 15.77144],
			"rotation": {"angle": 45, "axis": "x", "origin": [14.97812, 18.12305, 13.51644]},
			"faces": {
				"north": {"uv": [0.5, 0, 1.875, 0.125], "texture": "#1"},
				"east": {"uv": [0.5, 0, 1.875, 0.125], "texture": "#1"},
				"south": {"uv": [0.5, 0, 1.875, 0.125], "texture": "#1"},
				"west": {"uv": [0.5, 0, 1.875, 0.125], "texture": "#1"},
				"up": {"uv": [0.5, 0, 1.875, 0.125], "texture": "#1"},
				"down": {"uv": [0.5, 0, 1.875, 0.125], "texture": "#1"}
			}
		},
		{
			"from": [1.08938, 17.91805, 10.85144],
			"to": [1.08938, 18.32805, 15.77144],
			"rotation": {"angle": 45, "axis": "x", "origin": [1.08938, 18.12305, 13.51644]},
			"faces": {
				"north": {"uv": [0.5, 0, 1.875, 0.125], "texture": "#1"},
				"east": {"uv": [0.5, 0, 1.875, 0.125], "texture": "#1"},
				"south": {"uv": [0.5, 0, 1.875, 0.125], "texture": "#1"},
				"west": {"uv": [0.5, 0, 1.875, 0.125], "texture": "#1"},
				"up": {"uv": [0.5, 0, 1.875, 0.125], "texture": "#1"},
				"down": {"uv": [0.5, 0, 1.875, 0.125], "texture": "#1"}
			}
		},
		{
			"from": [5.16375, 7.85848, 1.05967],
			"to": [5.67625, 8.67848, 1.31592],
			"rotation": {"angle": 0, "axis": "y", "origin": [11.31375, 14.41848, 7.26092]},
			"faces": {
				"north": {"uv": [0, 0, 0.25, 0.125], "rotation": 90, "texture": "#1"},
				"east": {"uv": [0, 0, 0.25, 0.125], "rotation": 90, "texture": "#1"},
				"south": {"uv": [0, 0, 0.25, 0.125], "rotation": 90, "texture": "#1"},
				"west": {"uv": [0, 0, 0.25, 0.125], "rotation": 90, "texture": "#1"},
				"up": {"uv": [0, 0, 0.25, 0.125], "rotation": 90, "texture": "#1"},
				"down": {"uv": [0, 0, 0.25, 0.125], "rotation": 90, "texture": "#1"}
			}
		}
	],
	"display": {
		"thirdperson_righthand": {
			"rotation": [75, 45, 0],
			"translation": [-2, 1.5, -5.25],
			"scale": [0.375, 0.375, 0.375]
		},
		"thirdperson_lefthand": {
			"rotation": [75, 45, 0],
			"translation": [-2, 1.5, -5.25],
			"scale": [0.375, 0.375, 0.375]
		},
		"firstperson_righthand": {
			"rotation": [12, 135.25, -5.75],
			"translation": [0, 2.5, 0],
			"scale": [0.30625, 0.30625, 0.30625]
		},
		"firstperson_lefthand": {
			"rotation": [12, 135.25, -5.75],
			"translation": [0, 2.5, 0],
			"scale": [0.30625, 0.30625, 0.30625]
		},
		"ground": {
			"translation": [0, 0.75, 0],
			"scale": [0.51172, 0.51172, 0.51172]
		},
		"gui": {
			"rotation": [30, -156, 0],
			"translation": [0, -0.75, 0],
			"scale": [0.48438, 0.48438, 0.48438]
		},
		"fixed": {
			"rotation": [-90, 0, 0],
			"translation": [0, 0, -15],
			"scale": [2, 2, 2]
		}
	},
	"groups": [
		{
			"name": "Bottom",
			"origin": [8, 11, 8],
			"children": [0, 1, 2, 3, 4]
		},
		{
			"name": "Perches",
			"origin": [8, 19, 13.4375],
			"children": [5, 6]
		},
		{
			"name": "Birb Food",
			"origin": [2.5, 5.25, 13.9375],
			"children": [7, 8, 9, 10, 11, 12, 13, 14]
		},
		{
			"name": "Birb Water",
			"origin": [2.5, 5.25, 13.9375],
			"children": [15, 16, 17, 18, 19, 20, 21, 22]
		},
		{
			"name": "Cage",
			"origin": [8, 24.24164, 9.25636],
			"children": [23, 24, 25, 26, 27, 28, 29, 30, 31, 32, 33, 34, 35, 36]
		}
	]
}