{
	"credit": "Made with Blockbench",
	"textures": {
		"0": "block/MizunoArchive/Paintings1",
		"1": "block/MizunoArchive/stripped_oak_log",
		"2": "block/MizunoArchive/anvil",
		"particle": "block/MizunoArchive/Paintings1"
	},
	"elements": [
		{
			"from": [2, -3.28775, 3.40569],
			"to": [3, 12.71225, 4.40569],
			"rotation": {"angle": 22.5, "axis": "x", "origin": [10, 4.71225, 11.40569]},
			"faces": {
				"north": {"uv": [0, 0, 1, 16], "texture": "#1"},
				"east": {"uv": [0, 0, 1, 16], "texture": "#1"},
				"south": {"uv": [0, 0, 1, 16], "texture": "#1"},
				"west": {"uv": [0, 0, 1, 16], "texture": "#1"},
				"up": {"uv": [0, 0, 1, 1], "texture": "#1"},
				"down": {"uv": [0, 0, 1, 1], "texture": "#1"}
			}
		},
		{
			"from": [3, 1.73139, 3.6095],
			"to": [13, 11.73139, 4.4095],
			"rotation": {"angle": 22.5, "axis": "x", "origin": [10, 4.73139, 11.3595]},
			"faces": {
				"north": {"uv": [3.2, 0.2, 3.8, 0.8], "texture": "#0"},
				"east": {"uv": [0, 0, 0.5, 10], "texture": "#missing"},
				"south": {"uv": [11, 0, 1, 10], "texture": "#1"},
				"west": {"uv": [0, 0, 0.5, 10], "texture": "#missing"},
				"up": {"uv": [0, 0, 10, 0.5], "texture": "#missing"},
				"down": {"uv": [0, 0, 10, 0.5], "texture": "#missing"}
			}
		},
		{
			"from": [3, 1.69312, 11.59812],
			"to": [13, 11.69312, 12.29812],
			"rotation": {"angle": -22.5, "axis": "x", "origin": [10, 4.69312, 4.54812]},
			"faces": {
				"north": {"uv": [11, 0, 1, 10], "texture": "#1"},
				"east": {"uv": [0.5, 0, 0, 10], "texture": "#missing"},
				"south": {"uv": [3.2, 0.2, 3.8, 0.8], "texture": "#0"},
				"west": {"uv": [0.5, 0, 0, 10], "texture": "#missing"},
				"up": {"uv": [0, 0.5, 10, 0], "texture": "#missing"},
				"down": {"uv": [0, 0.5, 10, 0], "texture": "#missing"}
			}
		},
		{
			"from": [13, -3.28775, 3.40569],
			"to": [14, 12.71225, 4.40569],
			"rotation": {"angle": 22.5, "axis": "x", "origin": [6, 4.71225, 11.40569]},
			"faces": {
				"north": {"uv": [1, 0, 2, 16], "texture": "#1"},
				"east": {"uv": [1, 0, 2, 16], "texture": "#1"},
				"south": {"uv": [1, 0, 2, 16], "texture": "#1"},
				"west": {"uv": [1, 0, 2, 16], "texture": "#1"},
				"up": {"uv": [1, 0, 2, 1], "texture": "#1"},
				"down": {"uv": [1, 0, 2, 1], "texture": "#1"}
			}
		},
		{
			"from": [3, 11.71225, 3.40569],
			"to": [13, 12.71225, 4.40569],
			"rotation": {"angle": 22.5, "axis": "x", "origin": [6, 4.71225, 11.40569]},
			"faces": {
				"north": {"uv": [1, 0, 11, 1], "texture": "#1"},
				"east": {"uv": [1, 0, 2, 1], "texture": "#1"},
				"south": {"uv": [1, 0, 11, 1], "texture": "#1"},
				"west": {"uv": [1, 0, 2, 1], "texture": "#1"},
				"up": {"uv": [1, 0, 11, 1], "texture": "#1"},
				"down": {"uv": [1, 0, 11, 1], "texture": "#1"}
			}
		},
		{
			"from": [3, 11.71225, 11.59431],
			"to": [13, 12.71225, 12.59431],
			"rotation": {"angle": -22.5, "axis": "x", "origin": [6, 4.71225, 4.59431]},
			"faces": {
				"north": {"uv": [11, 0, 1, 1], "texture": "#1"},
				"east": {"uv": [2, 0, 1, 1], "texture": "#1"},
				"south": {"uv": [11, 0, 1, 1], "texture": "#1"},
				"west": {"uv": [2, 0, 1, 1], "texture": "#1"},
				"up": {"uv": [1, 1, 11, 0], "texture": "#1"},
				"down": {"uv": [1, 1, 11, 0], "texture": "#1"}
			}
		},
		{
			"from": [3, 0.71225, 3.40569],
			"to": [13, 1.71225, 4.40569],
			"rotation": {"angle": 22.5, "axis": "x", "origin": [6, 4.71225, 11.40569]},
			"faces": {
				"north": {"uv": [1, 0, 11, 1], "texture": "#1"},
				"east": {"uv": [1, 0, 2, 1], "texture": "#1"},
				"south": {"uv": [1, 0, 11, 1], "texture": "#1"},
				"west": {"uv": [1, 0, 2, 1], "texture": "#1"},
				"up": {"uv": [1, 0, 11, 1], "texture": "#1"},
				"down": {"uv": [1, 0, 11, 1], "texture": "#1"}
			}
		},
		{
			"from": [3, 0.71225, 11.59431],
			"to": [13, 1.71225, 12.59431],
			"rotation": {"angle": -22.5, "axis": "x", "origin": [6, 4.71225, 4.59431]},
			"faces": {
				"north": {"uv": [11, 0, 1, 1], "texture": "#1"},
				"east": {"uv": [2, 0, 1, 1], "texture": "#1"},
				"south": {"uv": [11, 0, 1, 1], "texture": "#1"},
				"west": {"uv": [2, 0, 1, 1], "texture": "#1"},
				"up": {"uv": [1, 1, 11, 0], "texture": "#1"},
				"down": {"uv": [1, 1, 11, 0], "texture": "#1"}
			}
		},
		{
			"from": [2, -3.28775, 11.59431],
			"to": [3, 12.71225, 12.59431],
			"rotation": {"angle": -22.5, "axis": "x", "origin": [10, 4.71225, 4.59431]},
			"faces": {
				"north": {"uv": [1, 0, 2, 16], "texture": "#1"},
				"east": {"uv": [1, 0, 2, 16], "texture": "#1"},
				"south": {"uv": [1, 0, 2, 16], "texture": "#1"},
				"west": {"uv": [1, 0, 2, 16], "texture": "#1"},
				"up": {"uv": [0, 1, 1, 2], "texture": "#1"},
				"down": {"uv": [0, 1, 1, 2], "texture": "#1"}
			}
		},
		{
			"from": [13, -3.28775, 11.59431],
			"to": [14, 12.71225, 12.59431],
			"rotation": {"angle": -22.5, "axis": "x", "origin": [6, 4.71225, 4.59431]},
			"faces": {
				"north": {"uv": [2, 0, 3, 16], "texture": "#1"},
				"east": {"uv": [2, 0, 3, 16], "texture": "#1"},
				"south": {"uv": [2, 0, 3, 16], "texture": "#1"},
				"west": {"uv": [2, 0, 3, 16], "texture": "#1"},
				"up": {"uv": [1, 1, 2, 2], "texture": "#1"},
				"down": {"uv": [1, 1, 2, 2], "texture": "#1"}
			}
		},
		{
			"from": [2.35, 7, 7.5],
			"to": [2.6, 7.25, 11],
			"rotation": {"angle": -22.5, "axis": "x", "origin": [8, 8, 8.5]},
			"faces": {
				"north": {"uv": [0.25, 0, 0.5, 0.25], "texture": "#2"},
				"east": {"uv": [6, 0, 9.5, 0.25], "texture": "#2"},
				"south": {"uv": [0.25, 0, 0.5, 0.25], "texture": "#2"},
				"west": {"uv": [6, 0, 9.5, 0.25], "texture": "#2"},
				"up": {"uv": [0, 6, 0.25, 9.5], "texture": "#2"},
				"down": {"uv": [0, 6, 0.25, 9.5], "texture": "#2"}
			}
		},
		{
			"from": [13.4, 7, 5],
			"to": [13.65, 7.25, 8.5],
			"rotation": {"angle": 22.5, "axis": "x", "origin": [8, 8, 7.5]},
			"faces": {
				"north": {"uv": [0.25, 0, 0.5, 0.25], "texture": "#2"},
				"east": {"uv": [6, 0, 9.5, 0.25], "texture": "#2"},
				"south": {"uv": [0.25, 0, 0.5, 0.25], "texture": "#2"},
				"west": {"uv": [6, 0, 9.5, 0.25], "texture": "#2"},
				"up": {"uv": [0.25, 9.5, 0, 6], "texture": "#2"},
				"down": {"uv": [0.25, 9.5, 0, 6], "texture": "#2"}
			}
		},
		{
			"from": [2.35, 7, 5.16761],
			"to": [2.6, 7.25, 8.41761],
			"rotation": {"angle": 22.5, "axis": "x", "origin": [8, 8, 7.41761]},
			"faces": {
				"north": {"uv": [0, 0, 0.25, 0.25], "texture": "#2"},
				"east": {"uv": [0, 0, 3.25, 0.25], "texture": "#2"},
				"south": {"uv": [0, 0, 0.25, 0.25], "texture": "#2"},
				"west": {"uv": [0, 0, 3.25, 0.25], "texture": "#2"},
				"up": {"uv": [0, 0, 0.25, 3.25], "texture": "#2"},
				"down": {"uv": [0, 0, 0.25, 3.25], "texture": "#2"}
			}
		},
		{
			"from": [13.4, 7, 7.58239],
			"to": [13.65, 7.25, 10.83239],
			"rotation": {"angle": -22.5, "axis": "x", "origin": [8, 8, 8.58239]},
			"faces": {
				"north": {"uv": [0, 0, 0.25, 0.25], "texture": "#2"},
				"east": {"uv": [0, 0, 3.25, 0.25], "texture": "#2"},
				"south": {"uv": [0, 0, 0.25, 0.25], "texture": "#2"},
				"west": {"uv": [0, 0, 3.25, 0.25], "texture": "#2"},
				"up": {"uv": [0.25, 3.25, 0, 0], "texture": "#2"},
				"down": {"uv": [0.25, 3.25, 0, 0], "texture": "#2"}
			}
		}
	],
	"display": {
		"thirdperson_righthand": {
			"rotation": [75, 45, 0],
			"translation": [0, 2.5, 0],
			"scale": [0.375, 0.375, 0.375]
		},
		"thirdperson_lefthand": {
			"rotation": [75, 45, 0],
			"translation": [0, 2.5, 0],
			"scale": [0.375, 0.375, 0.375]
		},
		"firstperson_righthand": {
			"rotation": [0, -56.75, 0],
			"translation": [0.5, 2.75, 1],
			"scale": [0.3043, 0.3043, 0.3043]
		},
		"firstperson_lefthand": {
			"rotation": [0, -56.75, 0],
			"translation": [0.5, 2.75, 1],
			"scale": [0.3043, 0.3043, 0.3043]
		},
		"ground": {
			"translation": [0, 0.75, 0],
			"scale": [0.6, 0.6, 0.6]
		},
		"gui": {
			"rotation": [30, 225, 0],
			"translation": [0, 1.25, 0],
			"scale": [0.625, 0.625, 0.625]
		},
		"head": {
			"translation": [0, 12.75, 0],
			"scale": [0.7, 0.7, 0.7]
		},
		"fixed": {
			"rotation": [-90, 0, 0],
			"translation": [0, 0, -15],
			"scale": [2, 2, 2]
		}
	}
}